"﻿""number""",player,team,apps,min,goals,NPG,a,League,Match_Name
1,Erling Haaland,Manchester City,35,2979,27,24,8,Premier League,Erling Haaland
2,Thiago,Brentford,38,3292,22,14,1,Premier League,Thiago
3,Antoine Semenyo,"Bournemouth,Manchester City",37,3220,17,16,4,Premier League,Antoine Semenyo
4,Ollie Watkins,Aston Villa,37,2908,16,16,3,Premier League,Ollie Watkins
5,Morgan Gibbs-White,Nottingham Forest,37,3142,15,14,4,Premier League,Morgan Gibbs-White
6,João Pedro,Chelsea,35,2698,15,15,5,Premier League,Joao Pedro
7,Dominic Calvert-Lewin,Leeds,35,2732,14,10,1,Premier League,Dominic Calvert-Lewin
8,Viktor Gyokeres,Arsenal,36,2255,14,11,1,Premier League,Viktor Gyokeres
9,Danny Welbeck,Brighton,37,2286,13,12,1,Premier League,Danny Welbeck
10,Eli Junior Kroupi,Bournemouth,33,1708,13,11,0,Premier League,Eli Junior Kroupi
11,Jean-Philippe Mateta,Crystal Palace,32,2225,12,8,0,Premier League,Jean-Philippe Mateta
12,Richarlison,Tottenham,32,1926,11,11,4,Premier League,Richarlison
13,Bryan Mbeumo,Manchester United,33,2676,11,11,3,Premier League,Bryan Mbeumo
14,Hugo Ekitike,Liverpool,28,1835,11,11,4,Premier League,Hugo Ekitike
15,Benjamin Sesko,Manchester United,30,1636,11,11,1,Premier League,Benjamin Sesko
16,Zian Flemming,Burnley,29,1795,11,9,0,Premier League,Zian Flemming
17,Harry Wilson,Fulham,36,2751,10,10,7,Premier League,Harry Wilson
18,Matheus Cunha,Manchester United,33,2506,10,10,2,Premier League,Matheus Cunha
19,Cole Palmer,Chelsea,26,2007,10,5,1,Premier League,Cole Palmer
20,Enzo Fernández,Chelsea,36,3149,10,8,4,Premier League,Enzo Fernandez
21,Morgan Rogers,Aston Villa,37,3301,10,10,6,Premier League,Morgan Rogers
22,Bruno Fernandes,Manchester United,35,3082,9,5,21,Premier League,Bruno Fernandes
23,Jarrod Bowen,West Ham,38,3416,9,8,11,Premier League,Jarrod Bowen
24,Casemiro,Manchester United,34,2649,9,9,2,Premier League,Casemiro
25,Raúl Jiménez,Fulham,36,2215,9,5,3,Premier League,Raul Jimenez
26,Ismaila Sarr,Crystal Palace,28,2181,9,6,1,Premier League,Ismaila Sarr
27,Bruno Guimarães,Newcastle United,29,2467,9,7,5,Premier League,Bruno Guimaraes
28,Beto,Everton,37,1552,9,9,1,Premier League,Beto
29,Nick Woltemade,Newcastle United,33,1953,8,7,3,Premier League,Nick Woltemade
30,Kevin Schade,Brentford,35,2781,8,8,3,Premier League,Kevin Schade
31,Kiernan Dewsbury-Hall,Everton,31,2649,8,8,4,Premier League,Kiernan Dewsbury-Hall
32,Jaidon Anthony,Burnley,37,2777,8,8,2,Premier League,Jaidon Anthony
33,Noah Okafor,Leeds,28,1592,8,8,1,Premier League,Noah Okafor
34,Thierno Barry,Everton,38,1921,8,8,0,Premier League,Thierno Barry
35,Callum Wilson,West Ham,32,1229,7,7,1,Premier League,Callum Wilson
36,Mohamed Salah,Liverpool,27,2163,7,6,7,Premier League,Mohamed Salah
37,Phil Foden,Manchester City,33,2083,7,7,5,Premier League,Phil Foden
38,Harvey Barnes,Newcastle United,37,1947,7,7,1,Premier League,Harvey Barnes
39,Bukayo Saka,Arsenal,31,2239,7,6,5,Premier League,Bukayo Saka
40,Eberechi Eze,"Arsenal,Crystal Palace",33,1928,7,7,2,Premier League,Eberechi Eze
41,William Osula,Newcastle United,24,777,7,7,0,Premier League,William Osula
42,Dango Ouattara,Brentford,32,2303,7,7,3,Premier League,Dango Ouattara
43,Brian Brobbey,Sunderland,31,1943,7,7,1,Premier League,Brian Brobbey
44,Marcus Tavernier,Bournemouth,34,2779,7,5,4,Premier League,Marcus Tavernier
45,Cody Gakpo,Liverpool,36,2758,7,7,5,Premier League,Cody Gakpo
46,Virgil van Dijk,Liverpool,38,3420,6,6,0,Premier League,Virgil van Dijk
47,Emiliano Buendía,Aston Villa,36,1778,6,6,2,Premier League,Emiliano Buendia
48,Lukas Nmecha,Leeds,31,1076,6,4,1,Premier League,Lukas Nmecha
49,Wilson Isidor,Sunderland,32,1142,6,6,0,Premier League,Wilson Isidor
50,Leandro Trossard,Arsenal,31,2026,6,6,6,Premier League,Leandro Trossard
51,Anthony Gordon,Newcastle United,26,1888,6,3,2,Premier League,Anthony Gordon
52,Iliman Ndiaye,Everton,32,2805,6,4,3,Premier League,Iliman Ndiaye
53,Dominik Szoboszlai,Liverpool,36,3236,6,6,7,Premier League,Dominik Szoboszlai
54,Valentín Castellanos,West Ham,18,1430,6,6,0,Premier League,Valentin Castellanos
55,Evanilson,Bournemouth,36,2810,6,6,1,Premier League,Evanilson
56,Igor Jesus,Nottingham Forest,37,2379,6,5,4,Premier League,Igor Jesus
57,Pedro Neto,Chelsea,34,2667,5,5,6,Premier League,Pedro Neto
58,Martín Zubimendi,Arsenal,38,3040,5,5,1,Premier League,Martin Zubimendi
59,John McGinn,Aston Villa,30,2221,5,5,4,Premier League,John McGinn
60,Tomas Soucek,West Ham,35,2206,5,5,0,Premier League,Tomas Soucek
61,Florian Wirtz,Liverpool,33,2426,5,5,3,Premier League,Florian Wirtz
62,Enzo Le Fée,Sunderland,36,2953,5,2,6,Premier League,Enzo Le Fee
63,Jéremy Doku,Manchester City,30,1783,5,5,5,Premier League,Jeremy Doku
64,Crysencio Summerville,West Ham,31,2509,5,5,2,Premier League,Crysencio Summerville
65,Anton Stach,Leeds,29,2394,5,5,3,Premier League,Anton Stach
66,Ryan Gravenberch,Liverpool,36,3008,5,5,3,Premier League,Ryan Gravenberch
67,João Palhinha,Tottenham,33,2180,5,5,2,Premier League,Joao Palhinha
68,Nico O&#039;Reilly,Manchester City,34,2646,5,5,3,Premier League,Nico O&#039;Reilly
69,Tijjani Reijnders,Manchester City,28,1642,5,5,2,Premier League,Tijjani Reijnders
70,Diego Gómez,Brighton,32,2186,5,5,1,Premier League,Diego Gomez
71,Rayan,Bournemouth,15,1146,5,5,2,Premier League,Rayan
72,Alex Iwobi,Fulham,29,2473,4,4,3,Premier League,Alex Iwobi
73,Mikel Merino,Arsenal,22,1002,4,4,3,Premier League,Mikel Merino
74,Declan Rice,Arsenal,36,3111,4,4,5,Premier League,Declan Rice
75,Cristian Romero,Tottenham,23,1878,4,4,1,Premier League,Cristian Romero
76,Lucas Paquetá,West Ham,18,1544,4,2,1,Premier League,Lucas Paqueta
77,Taiwo Awoniyi,Nottingham Forest,17,441,4,4,1,Premier League,Taiwo Awoniyi
78,Mathis Cherki,Manchester City,33,1792,4,4,12,Premier League,Mathis Cherki
79,Malick Thiaw,Newcastle United,35,2968,4,4,0,Premier League,Malick Thiaw
80,Mikkel Damsgaard,Brentford,33,2085,4,4,4,Premier League,Mikkel Damsgaard
81,Elliot Anderson,Nottingham Forest,38,3329,4,3,4,Premier League,Elliot Anderson
82,Donyell Malen,Aston Villa,21,600,4,4,1,Premier League,Donyell Malen
83,Mathys Tel,Tottenham,31,1324,4,4,1,Premier League,Mathys Tel
84,Micky van de Ven,Tottenham,35,3049,4,4,1,Premier League,Micky van de Ven
85,Brenden Aaronson,Leeds,37,2517,4,4,5,Premier League,Brenden Aaronson
86,Jørgen Strand Larsen,"Crystal Palace,Wolverhampton Wanderers",36,2353,4,3,1,Premier League,Jørgen Strand Larsen
87,Jack Hinshelwood,Brighton,27,1773,4,4,3,Premier League,Jack Hinshelwood
88,Patrick Dorgu,Manchester United,26,1436,4,4,4,Premier League,Patrick Dorgu
89,Daniel Muñoz,Crystal Palace,29,2417,4,4,3,Premier League,Daniel Munoz
90,Chemsdine Talbi,Sunderland,28,1556,4,4,1,Premier League,Chemsdine Talbi
91,Ross Barkley,Aston Villa,21,818,3,3,1,Premier League,Ross Barkley
92,Michael Keane,Everton,33,2586,3,3,1,Premier League,Michael Keane
93,Dominic Solanke,Tottenham,15,989,3,3,0,Premier League,Dominic Solanke
94,Chris Wood,Nottingham Forest,15,913,3,3,0,Premier League,Chris Wood
95,Alexander Isak,Liverpool,14,717,3,3,1,Premier League,Alexander Isak
96,Gabriel Jesus,Arsenal,14,395,3,3,0,Premier League,Gabriel Jesus
97,Gabriel,Arsenal,32,2748,3,3,4,Premier League,Gabriel
98,Nordi Mukiele,Sunderland,32,2793,3,3,3,Premier League,Nordi Mukiele
99,Jacob Murphy,Newcastle United,33,1630,3,3,2,Premier League,Jacob Murphy
100,Callum Hudson-Odoi,Nottingham Forest,30,1857,3,3,4,Premier League,Callum Hudson-Odoi
101,Trevoh Chalobah,Chelsea,34,2781,3,3,0,Premier League,Trevoh Chalobah
102,Konstantinos Mavropanos,West Ham,31,2518,3,3,0,Premier League,Konstantinos Mavropanos
103,Ryan Sessegnon,Fulham,27,1830,3,3,1,Premier League,Ryan Sessegnon
104,Georginio Rutter,Brighton,32,1784,3,3,3,Premier League,Georginio Rutter
105,Mathias Jensen,Brentford,36,2258,3,3,1,Premier League,Mathias Jensen
106,Samuel Chukwueze,Fulham,23,1052,3,3,4,Premier League,Samuel Chukwueze
107,Emile Smith-Rowe,Fulham,37,1933,3,3,0,Premier League,Emile Smith-Rowe
108,Lyle Foster,Burnley,26,1375,3,3,2,Premier League,Lyle Foster
109,Marc Guehi,"Crystal Palace,Manchester City",35,3150,3,3,3,Premier League,Marc Guehi
110,Mason Mount,Manchester United,23,1021,3,3,0,Premier League,Mason Mount
111,Amine Adli,Bournemouth,31,1036,3,3,1,Premier League,Amine Adli
112,Omar Marmoush,Manchester City,21,693,3,3,3,Premier League,Omar Marmoush
113,Matthew Cash,Aston Villa,35,3040,3,3,3,Premier League,Matthew Cash
114,Tolu Arokodare,Wolverhampton Wanderers,33,1357,3,3,1,Premier League,Tolu Arokodare
115,Chimuanya Ugochukwu,Burnley,35,2407,3,3,1,Premier League,Chimuanya Ugochukwu
116,Moisés Caicedo,Chelsea,33,2811,3,3,1,Premier League,Moises Caicedo
117,Kaoru Mitoma,Brighton,25,1723,3,3,1,Premier League,Kaoru Mitoma
118,Jan Paul van Hecke,Brighton,36,3214,3,3,3,Premier League,Jan Paul van Hecke
119,Keane Lewis-Potter,Brentford,36,1949,3,3,3,Premier League,Keane Lewis-Potter
120,Santiago Bueno,Wolverhampton Wanderers,29,2549,3,3,1,Premier League,Santiago Bueno
121,Yasin Ayari,Brighton,29,1918,3,3,3,Premier League,Yasin Ayari
122,Jurriën Timber,Arsenal,30,2475,3,3,5,Premier League,Jurrien Timber
123,Alex Scott,Bournemouth,37,2915,3,3,1,Premier League,Alex Scott
124,Rodrigo Gomes,Wolverhampton Wanderers,22,951,3,3,0,Premier League,Rodrigo Gomes
125,Yankuba Minteh,Brighton,34,2410,3,3,4,Premier League,Yankuba Minteh
126,Mateus Fernandes,West Ham,36,3044,3,3,4,Premier League,Mateus Fernandes
127,Mateus Mané,Wolverhampton Wanderers,27,1784,3,3,1,Premier League,Mateus Mane
128,Joelinton,Newcastle United,27,1958,2,2,1,Premier League,Joelinton
129,Idrissa Gueye,Everton,25,2120,2,2,3,Premier League,Idrissa Gueye
130,Jack Grealish,Everton,20,1645,2,2,6,Premier League,Jack Grealish
131,Tammy Abraham,Aston Villa,12,253,2,2,0,Premier League,Tammy Abraham
132,Josh Cullen,Burnley,18,1533,2,2,2,Premier League,Josh Cullen
133,Federico Chiesa,Liverpool,26,247,2,2,1,Premier League,Federico Chiesa
134,James Tarkowski,Everton,37,3330,2,2,3,Premier League,James Tarkowski
135,Bernardo Silva,Manchester City,38,2917,2,2,4,Premier League,Bernardo Silva
136,Adam Armstrong,Wolverhampton Wanderers,14,1170,2,1,2,Premier League,Adam Armstrong
137,Kai Havertz,Arsenal,12,582,2,2,3,Premier League,Kai Havertz
138,Ibrahim Sangare,Nottingham Forest,28,2111,2,2,2,Premier League,Ibrahim Sangare
139,Joe Rodon,Leeds,35,2954,2,2,0,Premier League,Joe Rodon
140,Eddie Nketiah,Crystal Palace,12,396,2,2,0,Premier League,Eddie Nketiah
141,Tom Cairney,Fulham,24,747,2,2,0,Premier League,Tom Cairney
142,Justin Kluivert,Bournemouth,20,934,2,2,0,Premier League,Justin Kluivert
143,Sean Longstaff,Leeds,23,999,2,2,2,Premier League,Sean Longstaff
144,Tyler Adams,Bournemouth,25,1805,2,2,2,Premier League,Tyler Adams
145,James Garner,Everton,38,3417,2,2,7,Premier League,James Garner
146,James Justin,Leeds,29,1895,2,2,1,Premier League,James Justin
147,Joshua Zirkzee,Manchester United,24,573,2,2,1,Premier League,Joshua Zirkzee
148,Reece James,Chelsea,29,1927,2,2,4,Premier League,Reece James
149,Amad Diallo Traore,Manchester United,32,2341,2,2,3,Premier League,Amad Diallo Traore
150,Neco Williams,Nottingham Forest,37,3203,2,2,3,Premier League,Neco Williams
151,Alexis Mac Allister,Liverpool,37,2683,2,2,4,Premier League,Alexis Mac Allister
152,Xavi Simons,Tottenham,28,1768,2,2,5,Premier League,Xavi Simons
153,Hee-Chan Hwang,Wolverhampton Wanderers,26,1469,2,1,2,Premier League,Hee-Chan Hwang
154,Jacob Ramsey,Newcastle United,28,1421,2,2,3,Premier League,Jacob Ramsey
155,Rúben Dias,Manchester City,26,2142,2,2,0,Premier League,Ruben Dias
156,Malo Gusto,Chelsea,34,2306,2,2,3,Premier League,Malo Gusto
157,Pape Sarr,Tottenham,26,1347,2,2,4,Premier League,Pape Sarr
158,Yeremi Pino,Crystal Palace,34,2134,2,2,2,Premier League,Yeremi Pino
159,Amadou Onana,Aston Villa,25,1793,2,2,0,Premier League,Amadou Onana
160,Habib Diarra,Sunderland,20,1414,2,1,2,Premier League,Habib Diarra
161,Josko Gvardiol,Manchester City,18,1374,2,2,2,Premier League,Josko Gvardiol
162,Loum Tchaouna,Burnley,29,1268,2,2,1,Premier League,Loum Tchaouna
163,Archie Gray,Tottenham,24,1497,2,2,2,Premier League,Archie Gray
164,Ryan Christie,Bournemouth,26,942,2,2,0,Premier League,Ryan Christie
165,Brennan Johnson,"Crystal Palace,Tottenham",34,1709,2,2,1,Premier League,Brennan Johnson
166,Noni Madueke,Arsenal,26,1246,2,2,1,Premier League,Noni Madueke
167,Milos Kerkez,Liverpool,34,2271,2,2,1,Premier League,Milos Kerkez
168,Mohammed Kudus,Tottenham,19,1577,2,2,5,Premier League,Mohammed Kudus
169,Ladislav Krejcí,Wolverhampton Wanderers,28,2385,2,2,1,Premier League,Ladislav Krejci
170,Mats Wieffer,Brighton,26,1922,2,2,3,Premier League,Mats Wieffer
171,Nicolò Savona,Nottingham Forest,14,1036,2,2,0,Premier League,Nicolo Savona
172,Rio Ngumoha,Liverpool,19,515,2,2,1,Premier League,Rio Ngumoha
173,Maxim De Cuyper,Brighton,30,1412,2,2,3,Premier League,Maxim De Cuyper
174,Trai Hume,Sunderland,38,3041,2,2,1,Premier League,Trai Hume
175,Dan Ballard,Sunderland,29,2143,2,2,0,Premier League,Dan Ballard
176,Eliezer Mayenda,Sunderland,20,740,2,2,0,Premier League,Eliezer Mayenda
177,Estêvão,Chelsea,22,854,2,2,2,Premier League,Estevao
178,Ao Tanaka,Leeds,28,1330,2,2,0,Premier League,Ao Tanaka
179,Charalampos Kostoulas,Brighton,21,309,2,2,1,Premier League,Charalampos Kostoulas
180,Granit Xhaka,Sunderland,34,2896,1,1,6,Premier League,Granit Xhaka
181,Pascal Groß,Brighton,19,1635,1,1,3,Premier League,Pascal Groß
182,James Milner,Brighton,20,773,1,0,1,Premier League,James Milner
183,Jordan Henderson,Brentford,32,1935,1,1,3,Premier League,Jordan Henderson
184,Ben Davies,Tottenham,3,137,1,1,0,Premier League,Ben Davies
185,Bertrand Traoré,Sunderland,12,675,1,1,0,Premier League,Bertrand Traore
186,Kyle Walker-Peters,West Ham,23,1365,1,1,0,Premier League,Kyle Walker-Peters
187,Harrison Reed,Fulham,7,79,1,1,0,Premier League,Harrison Reed
188,Axel Tuanzebe,Burnley,14,1209,1,1,0,Premier League,Axel Tuanzebe
189,Luke Shaw,Manchester United,38,3269,1,1,1,Premier League,Luke Shaw
190,Sasa Lukic,Fulham,26,1731,1,1,2,Premier League,Sasa Lukic
191,Harry Maguire,Manchester United,23,1666,1,1,2,Premier League,Harry Maguire
192,Andrew Robertson,Liverpool,24,1160,1,1,0,Premier League,Andrew Robertson
193,Rodri,Manchester City,21,1500,1,1,0,Premier League,Rodri
194,Martin Odegaard,Arsenal,24,1347,1,1,6,Premier League,Martin Odegaard
195,Issa Diop,Fulham,13,810,1,1,0,Premier League,Issa Diop
196,Randal Kolo Muani,Tottenham,30,1704,1,1,1,Premier League,Randal Kolo Muani
197,Yoane Wissa,Newcastle United,19,492,1,1,0,Premier League,Yoane Wissa
198,Boubacar Kamara,Aston Villa,18,1434,1,1,3,Premier League,Boubacar Kamara
199,Kenny Tete,Fulham,22,1805,1,1,0,Premier League,Kenny Tete
200,Lewis Dunk,Brighton,33,2831,1,1,0,Premier League,Lewis Dunk
201,Rodrigo Bentancur,Tottenham,26,1931,1,1,1,Premier League,Rodrigo Bentancur
202,Douglas Luiz,"Aston Villa,Nottingham Forest",21,936,1,1,0,Premier League,Douglas Luiz
203,Enes Ünal,Bournemouth,22,158,1,1,0,Premier League,Enes Unal
204,Ibrahima Konaté,Liverpool,36,3133,1,1,0,Premier League,Ibrahima Konate
205,Ethan Ampadu,Leeds,35,3130,1,1,1,Premier League,Ethan Ampadu
206,Curtis Jones,Liverpool,34,1910,1,1,2,Premier League,Curtis Jones
207,Jaka Bijol,Leeds,25,1895,1,1,2,Premier League,Jaka Bijol
208,David Brooks,Bournemouth,31,1191,1,1,3,Premier League,David Brooks
209,William Saliba,Arsenal,31,2609,1,1,0,Premier League,William Saliba
210,Pedro Porro,Tottenham,34,2815,1,1,2,Premier League,Pedro Porro
211,Marc Cucurella,Chelsea,34,2714,1,1,4,Premier League,Marc Cucurella
212,Diogo Dalot,Manchester United,34,2614,1,1,3,Premier League,Diogo Dalot
213,Dan Burn,Newcastle United,29,2205,1,1,2,Premier League,Dan Burn
214,Gabriel Martinelli,Arsenal,30,1025,1,1,4,Premier League,Gabriel Martinelli
215,Jean-Ricner Bellegarde,Wolverhampton Wanderers,26,1268,1,1,1,Premier League,Jean-Ricner Bellegarde
216,Matthijs de Ligt,Manchester United,13,1170,1,1,0,Premier League,Matthijs de Ligt
217,Marshall Munetsi,Wolverhampton Wanderers,13,863,1,1,1,Premier League,Marshall Munetsi
218,Evann Guessand,"Aston Villa,Crystal Palace",21,920,1,1,2,Premier League,Evann Guessand
219,Riccardo Calafiori,Arsenal,26,1755,1,1,2,Premier League,Riccardo Calafiori
220,Tyrick Mitchell,Crystal Palace,38,3258,1,1,2,Premier League,Tyrick Mitchell
221,Nicolás Domínguez,Nottingham Forest,27,1210,1,1,1,Premier League,Nicolas Dominguez
222,Armando Broja,Burnley,24,822,1,1,1,Premier League,Armando Broja
223,Chris Richards,Crystal Palace,33,2819,1,1,0,Premier League,Chris Richards
224,Jarrad Branthwaite,Everton,10,682,1,1,0,Premier League,Jarrad Branthwaite
225,Sven Botman,Newcastle United,25,1842,1,1,0,Premier League,Sven Botman
226,Adrien Truffert,Bournemouth,38,3391,1,1,5,Premier League,Adrien Truffert
227,Dan Ndoye,Nottingham Forest,24,1184,1,1,1,Premier League,Dan Ndoye
228,Joël Veltman,Brighton,24,1025,1,1,0,Premier League,Joel Veltman
229,Maxence Lacroix,Crystal Palace,35,3094,1,1,2,Premier League,Maxence Lacroix
230,Liam Delap,Chelsea,28,1064,1,1,0,Premier League,Liam Delap
231,Antonee Robinson,Fulham,22,1484,1,0,0,Premier League,Antonee Robinson
232,Omar Alderete,Sunderland,33,2808,1,1,1,Premier League,Omar Alderete
233,Conor Gallagher,Tottenham,16,1229,1,1,1,Premier League,Conor Gallagher
234,Jayden Bogle,Leeds,34,2822,1,1,2,Premier League,Jayden Bogle
235,Fabio Carvalho,Brentford,6,97,1,1,0,Premier League,Fabio Carvalho
236,Hannibal Mejbri,Burnley,27,1251,1,1,4,Premier League,Hannibal Mejbri
237,Vitaly Janelt,Brentford,25,1421,1,1,4,Premier League,Vitaly Janelt
238,Nathan Collins,Brentford,35,2966,1,1,2,Premier League,Nathan Collins
239,Nico González,Manchester City,25,1576,1,1,0,Premier League,Nico Gonzalez
240,Piero Hincapié,Arsenal,25,1786,1,1,2,Premier League,Piero Hincapie
241,Hugo Bueno,Wolverhampton Wanderers,35,2351,1,1,2,Premier League,Hugo Bueno
242,Lewis Hall,Newcastle United,30,2164,1,1,1,Premier League,Lewis Hall
243,Omari Hutchinson,Nottingham Forest,31,1664,1,1,5,Premier League,Omari Hutchinson
244,Alejandro Garnacho,Chelsea,24,1285,1,1,4,Premier League,Alejandro Garnacho
245,Rodrigo Muniz,Fulham,21,1001,1,1,1,Premier League,Rodrigo Muniz
246,Soungoutou Magassa,West Ham,22,976,1,1,0,Premier League,Soungoutou Magassa
247,Matheus Nunes,Manchester City,34,2865,1,1,5,Premier League,Matheus Nunes
248,Kobbie Mainoo,Manchester United,28,1623,1,1,2,Premier League,Kobbie Mainoo
249,Michael Kayode,Brentford,37,3281,1,1,1,Premier League,Michael Kayode
250,Brajan Gruda,Brighton,18,716,1,1,1,Premier League,Brajan Gruda
251,Merlin Röhl,Everton,16,650,1,1,0,Premier League,Merlin Rohl
252,João Gomes,Wolverhampton Wanderers,35,2845,1,1,1,Premier League,Joao Gomes
253,Lewis Miley,Newcastle United,23,1470,1,1,4,Premier League,Lewis Miley
254,Simon Adingra,Sunderland,14,665,1,1,0,Premier League,Simon Adingra
255,Calvin Bassey,Fulham,30,2523,1,1,0,Premier League,Calvin Bassey
256,Sávio,Manchester City,24,792,1,1,1,Premier League,Savio
257,Yehor Yarmolyuk,Brentford,37,2679,1,1,2,Premier League,Yehor Yarmolyuk
258,Andrey Santos,Chelsea,27,1217,1,1,0,Premier League,Andrey Santos
259,Lorenzo Lucca,Nottingham Forest,4,122,1,1,0,Premier League,Lorenzo Lucca
260,Jake O&#039;Brien,Everton,37,3146,1,1,1,Premier League,Jake O&#039;Brien
261,Murillo,Nottingham Forest,25,2132,1,1,0,Premier League,Murillo
262,Alejandro Jiménez,Bournemouth,31,2354,1,1,0,Premier League,Alejandro Jimenez
263,Adam Wharton,Crystal Palace,34,2596,1,1,5,Premier League,Adam Wharton
264,Joshua King,Fulham,32,1306,1,1,2,Premier League,Joshua King
265,Josh Acheampong,Chelsea,17,657,1,1,0,Premier League,Josh Acheampong
266,Lucas Bergvall,Tottenham,23,956,1,1,3,Premier League,Lucas Bergvall
267,André,Wolverhampton Wanderers,35,2763,1,1,0,Premier League,Andre
268,Justin Devenny,Crystal Palace,21,762,1,0,0,Premier League,Justin Devenny
269,Ferdi Kadioglu,Brighton,37,3145,1,1,0,Premier League,Ferdi Kadioglu
270,Morato,Nottingham Forest,21,1333,1,1,0,Premier League,Morato
271,Matt O&#039;Riley,Brighton,6,195,1,0,0,Premier League,Matt O&#039;Riley
272,Tom Edozie,Wolverhampton Wanderers,3,6,1,1,0,Premier League,Tom Edozie
273,Chris Rigg,Sunderland,18,780,1,1,1,Premier League,Chris Rigg
274,Oliver Sonne,Burnley,7,149,1,1,0,Premier League,Oliver Sonne
275,Josh Laurent,Burnley,33,1720,1,1,0,Premier League,Josh Laurent
276,Marcus Edwards,Burnley,23,1054,1,1,3,Premier League,Marcus Edwards
277,Jhon Arias,Wolverhampton Wanderers,23,1140,1,1,0,Premier League,Jhon Arias
278,Max Dowman,Arsenal,6,142,1,1,0,Premier League,Max Dowman
279,Stefanos Tzimas,Brighton,9,111,1,1,1,Premier League,Stefanos Tzimas
280,Kevin,Fulham,26,1002,1,1,1,Premier League,Kevin
281,Fabian Schär,Newcastle United,16,1096,0,0,0,Premier League,Fabian Schar
282,Bernd Leno,Fulham,38,3420,0,0,0,Premier League,Bernd Leno
283,Nathan Aké,Manchester City,18,681,0,0,0,Premier League,Nathan Ake
284,Seamus Coleman,Everton,5,13,0,0,0,Premier League,Seamus Coleman
285,John Stones,Manchester City,9,445,0,0,0,Premier League,John Stones
286,Nathaniel Clyne,Crystal Palace,10,613,0,0,1,Premier League,Nathaniel Clyne
287,Kyle Walker,Burnley,36,3101,0,0,2,Premier League,Kyle Walker
288,Kieran Trippier,Newcastle United,21,1606,0,0,1,Premier League,Kieran Trippier
289,Ola Aina,Nottingham Forest,18,1595,0,0,0,Premier League,Ola Aina
290,Jordan Pickford,Everton,38,3420,0,0,0,Premier League,Jordan Pickford
291,Jamaal Lascelles,Newcastle United,2,8,0,0,0,Premier League,Jamaal Lascelles
292,Karl Darlow,Leeds,22,1980,0,0,0,Premier League,Karl Darlow
293,Adam Smith,Bournemouth,22,1079,0,0,2,Premier League,Adam Smith
294,James Ward-Prowse,"Burnley,West Ham",18,1082,0,0,1,Premier League,James Ward-Prowse
295,Freddie Woodman,Liverpool,3,210,0,0,0,Premier League,Freddie Woodman
296,Adama Traoré,"Fulham,West Ham",24,326,0,0,0,Premier League,Adama Traore
297,Sam Byram,Leeds,2,5,0,0,0,Premier League,Sam Byram
298,Patrick Roberts,Sunderland,1,23,0,0,0,Premier League,Patrick Roberts
299,Sam Johnstone,Wolverhampton Wanderers,12,1080,0,0,0,Premier League,Sam Johnstone
300,Joseph Gomez,Liverpool,21,577,0,0,2,Premier League,Joseph Gomez
301,Tyrone Mings,Aston Villa,17,1314,0,0,0,Premier League,Tyrone Mings
302,Gianluigi Donnarumma,Manchester City,34,3060,0,0,0,Premier League,Gianluigi Donnarumma
303,Alisson,Liverpool,26,2340,0,0,0,Premier League,Alisson
304,Emil Krafth,Newcastle United,1,51,0,0,0,Premier League,Emil Krafth
305,Arthur Masuaku,Sunderland,3,132,0,0,0,Premier League,Arthur Masuaku
306,Lewis Cook,Bournemouth,17,841,0,0,1,Premier League,Lewis Cook
307,Lucas Digne,Aston Villa,31,1857,0,0,6,Premier League,Lucas Digne
308,Jefferson Lerma,Crystal Palace,31,1693,0,0,2,Premier League,Jefferson Lerma
309,Mateo Kovacic,Manchester City,6,120,0,0,1,Premier League,Mateo Kovacic
310,Alphonse Areola,West Ham,20,1800,0,0,1,Premier League,Alphonse Areola
311,Oleksandr Zinchenko,Nottingham Forest,5,347,0,0,0,Premier League,Oleksandr Zinchenko
312,Olivier Boscagli,Brighton,12,801,0,0,1,Premier League,Olivier Boscagli
313,Odsonne Edouard,Crystal Palace,1,1,0,0,0,Premier League,Odsonne Edouard
314,Emiliano Martinez,Aston Villa,32,2837,0,0,1,Premier League,Emiliano Martinez
315,Ashley Barnes,Burnley,7,25,0,0,0,Premier League,Ashley Barnes
316,Kepa,Arsenal,1,90,0,0,0,Premier League,Kepa
317,Leon Bailey,Aston Villa,13,437,0,0,1,Premier League,Leon Bailey
318,Kevin Danso,Tottenham,24,1489,0,0,0,Premier League,Kevin Danso
319,Jacob Bruun Larsen,Burnley,28,1003,0,0,1,Premier League,Jacob Bruun Larsen
320,Angus Gunn,Nottingham Forest,1,38,0,0,0,Premier League,Angus Gunn
321,Nick Pope,Newcastle United,27,2422,0,0,0,Premier League,Nick Pope
322,Aaron Wan-Bissaka,West Ham,25,2093,0,0,2,Premier League,Aaron Wan-Bissaka
323,Tosin Adarabioyo,Chelsea,16,791,0,0,0,Premier League,Tosin Adarabioyo
324,Daniel James,Leeds,19,538,0,0,0,Premier League,Daniel James
325,Angel Gomes,Wolverhampton Wanderers,12,475,0,0,0,Premier League,Angel Gomes
326,Aaron Ramsdale,Newcastle United,12,998,0,0,0,Premier League,Aaron Ramsdale
327,Yves Bissouma,Tottenham,11,619,0,0,0,Premier League,Yves Bissouma
328,Walter Benítez,Crystal Palace,1,90,0,0,0,Premier League,Walter Benitez
329,Youri Tielemans,Aston Villa,25,1861,0,0,4,Premier League,Youri Tielemans
330,Solly March,Brighton,4,32,0,0,0,Premier League,Solly March
331,Victor Lindelöf,Aston Villa,17,938,0,0,1,Premier League,Victor Lindelof
332,Niclas Füllkrug,West Ham,8,416,0,0,0,Premier League,Niclas Fullkrug
333,Will Hughes,Crystal Palace,31,1567,0,0,0,Premier League,Will Hughes
334,Daichi Kamada,Crystal Palace,28,1924,0,0,0,Premier League,Daichi Kamada
335,Timothy Castagne,Fulham,30,1849,0,0,0,Premier League,Timothy Castagne
336,Nikola Milenkovic,Nottingham Forest,38,3360,0,0,0,Premier League,Nikola Milenkovic
337,Pau Torres,Aston Villa,21,1679,0,0,0,Premier League,Pau Torres
338,Joachim Andersen,Fulham,33,2882,0,0,1,Premier League,Joachim Andersen
339,Jadon Sancho,Aston Villa,23,860,0,0,2,Premier League,Jadon Sancho
340,Reiss Nelson,Brentford,10,104,0,0,1,Premier League,Reiss Nelson
341,Martin Dubravka,Burnley,35,3150,0,0,0,Premier League,Martin Dubravka
342,Joe Willock,Newcastle United,24,979,0,0,2,Premier League,Joe Willock
343,Rayan Ait Nouri,Manchester City,17,981,0,0,2,Premier League,Rayan Ait Nouri
344,Dwight McNeil,Everton,22,1184,0,0,1,Premier League,Dwight McNeil
345,Jean-Clair Todibo,West Ham,23,1827,0,0,1,Premier League,Jean-Clair Todibo
346,James Maddison,Tottenham,3,25,0,0,0,Premier League,James Maddison
347,Matt Doherty,Wolverhampton Wanderers,11,822,0,0,0,Premier League,Matt Doherty
348,Axel Disasi,West Ham,14,1258,0,0,0,Premier League,Axel Disasi
349,Matz Sels,Nottingham Forest,31,2672,0,0,0,Premier League,Matz Sels
350,Naif Aguerd,West Ham,2,180,0,0,0,Premier League,Naif Aguerd
351,Hamed Junior Traore,Bournemouth,1,13,0,0,1,Premier League,Hamed Junior Traore
352,Borna Sosa,Crystal Palace,7,88,0,0,0,Premier League,Borna Sosa
353,Christian Nørgaard,Arsenal,7,93,0,0,0,Premier League,Christian Nørgaard
354,Benoit Badiashile Mukinayi,Chelsea,8,478,0,0,0,Premier League,Benoit Badiashile Mukinayi
355,Bafode Diakite,Bournemouth,18,1276,0,0,0,Premier League,Bafode Diakite
356,Ben White,Arsenal,12,703,0,0,1,Premier League,Ben White
357,Max Kilman,West Ham,21,1552,0,0,0,Premier League,Max Kilman
358,Reinildo,Sunderland,25,1974,0,0,1,Premier League,Reinildo
359,Harvey Elliott,"Aston Villa,Liverpool",5,110,0,0,0,Premier League,Harvey Elliott
360,Wesley Fofana,Chelsea,25,1745,0,0,1,Premier League,Wesley Fofana
361,Dean Henderson,Crystal Palace,37,3330,0,0,0,Premier League,Dean Henderson
362,Ezri Konsa Ngoyo,Aston Villa,34,3036,0,0,0,Premier League,Ezri Konsa Ngoyo
363,Sebastiaan Bornauw,Leeds,12,438,0,0,0,Premier League,Sebastiaan Bornauw
364,Caoimhin Kelleher,Brentford,37,3330,0,0,0,Premier League,Caoimhin Kelleher
365,Igor Julio,West Ham,4,94,0,0,0,Premier League,Igor Julio
366,Sandro Tonali,Newcastle United,35,2586,0,0,2,Premier League,Sandro Tonali
367,Ilia Gruev,Leeds,23,1310,0,0,3,Premier League,Ilia Gruev
368,Arnaud Kalimuendo Muinga,Nottingham Forest,9,75,0,0,0,Premier League,Arnaud Kalimuendo Muinga
369,Guido Rodríguez,West Ham,6,159,0,0,0,Premier League,Guido Rodriguez
370,Sander Berge,Fulham,35,2935,0,0,1,Premier League,Sander Berge
371,Ki-Jana Hoever,Wolverhampton Wanderers,8,437,0,0,0,Premier League,Ki-Jana Hoever
372,Luca Netz,Nottingham Forest,7,348,0,0,0,Premier League,Luca Netz
373,Jorge Cuenca,Fulham,15,949,0,0,0,Premier League,Jorge Cuenca
374,Dennis Cirkin,Sunderland,8,312,0,0,0,Premier League,Dennis Cirkin
375,Pascal Struijk,Leeds,34,2940,0,0,1,Premier League,Pascal Struijk
376,Jack Harrison,Leeds,11,232,0,0,0,Premier League,Jack Harrison
377,Stefan Ortega Moreno,Nottingham Forest,3,270,0,0,0,Premier League,Stefan Ortega Moreno
378,Wataru Endo,Liverpool,8,162,0,0,1,Premier League,Wataru Endo
379,Sasa Kalajdzic,Wolverhampton Wanderers,1,11,0,0,0,Premier League,Sasa Kalajdzic
380,Iyenoma Destiny Udogie,Tottenham,20,1342,0,0,1,Premier League,Iyenoma Destiny Udogie
381,Guglielmo Vicario,Tottenham,31,2790,0,0,0,Premier League,Guglielmo Vicario
382,Dilane Bakwa,Nottingham Forest,14,556,0,0,2,Premier League,Dilane Bakwa
383,Aaron Hickey,Brentford,21,668,0,0,0,Premier League,Aaron Hickey
384,Florentino Luís,Burnley,31,2146,0,0,2,Premier League,Florentino Luis
385,James Trafford,Manchester City,4,360,0,0,0,Premier League,James Trafford
386,Robert Sánchez,Chelsea,35,3054,0,0,1,Premier League,Robert Sanchez
387,Radu Dragusin,Tottenham,10,513,0,0,0,Premier League,Radu Dragusin
388,Filip Jorgensen,Chelsea,5,365,0,0,0,Premier League,Filip Jorgensen
389,Jeremie Frimpong,Liverpool,21,1027,0,0,1,Premier League,Jeremie Frimpong
390,Dane Scarlett,Tottenham,2,4,0,0,0,Premier League,Dane Scarlett
391,Maxime Estève,Burnley,34,2946,0,0,0,Premier League,Maxime Esteve
392,Valentino Livramento,Newcastle United,17,1323,0,0,1,Premier League,Valentino Livramento
393,Anthony Elanga,Newcastle United,32,1289,0,0,1,Premier League,Anthony Elanga
394,Tim Iroegbunam,Everton,29,1496,0,0,2,Premier League,Tim Iroegbunam
395,Marco Bizot,Aston Villa,7,583,0,0,0,Premier League,Marco Bizot
396,David Raya,Arsenal,37,3330,0,0,0,Premier League,David Raya
397,Kristoffer Ajer,Brentford,27,1809,0,0,1,Premier League,Kristoffer Ajer
398,Ethan Pinnock,Brentford,4,330,0,0,0,Premier League,Ethan Pinnock
399,Rico Henry,Brentford,25,1315,0,0,1,Premier League,Rico Henry
400,Frank Onyeka,Brentford,6,68,0,0,1,Premier League,Frank Onyeka
401,Giorgi Mamardashvili,Liverpool,10,870,0,0,0,Premier League,Giorgi Mamardashvili
402,José Sá,Wolverhampton Wanderers,23,2070,0,0,0,Premier League,Jose Sa
403,Gabriel Gudmundsson,Leeds,32,2657,0,0,0,Premier League,Gabriel Gudmundsson
404,Yerson Mosquera,Wolverhampton Wanderers,27,2154,0,0,0,Premier League,Yerson Mosquera
405,Romeo Lavia,Chelsea,12,366,0,0,0,Premier League,Romeo Lavia
406,Cristhian Mosquera,Arsenal,20,976,0,0,0,Premier League,Cristhian Mosquera
407,Lamare Bogarde,Aston Villa,28,1011,0,0,0,Premier League,Lamare Bogarde
408,Conor Bradley,Liverpool,15,962,0,0,1,Premier League,Conor Bradley
409,James McAtee,Nottingham Forest,14,263,0,0,1,Premier League,James McAtee
410,Diego Coppola,Brighton,5,192,0,0,0,Premier League,Diego Coppola
411,Myles Peart-Harris,Brentford,1,1,0,0,0,Premier League,Myles Peart-Harris
412,Vitalii Mykolenko,Everton,33,2963,0,0,1,Premier League,Vitalii Mykolenko
413,Nathan Patterson,Everton,7,241,0,0,0,Premier League,Nathan Patterson
414,Toti,Wolverhampton Wanderers,19,1437,0,0,0,Premier League,Toti
415,Josh Dasilva,Brentford,2,2,0,0,0,Premier League,Josh Dasilva
416,Carlos Baleba,Brighton,31,1692,0,0,0,Premier League,Carlos Baleba
417,Jamie Bynoe-Gittens,Chelsea,16,455,0,0,2,Premier League,Jamie Bynoe-Gittens
418,Leny Yoro,Manchester United,32,1736,0,0,0,Premier League,Leny Yoro
419,Tyler Dibling,Everton,14,337,0,0,0,Premier League,Tyler Dibling
420,Noussair Mazraoui,Manchester United,20,990,0,0,0,Premier League,Noussair Mazraoui
421,Sepp van den Berg,Brentford,32,2758,0,0,2,Premier League,Sepp van den Berg
422,James Hill,Bournemouth,29,2100,0,0,3,Premier League,James Hill
423,Joe Worrall,Burnley,11,478,0,0,0,Premier League,Joe Worrall
424,Djed Spence,Tottenham,30,2068,0,0,0,Premier League,Djed Spence
425,Lisandro Martínez,Manchester United,18,1217,0,0,0,Premier League,Lisandro Martinez
426,Tyrell Malacia,Manchester United,3,7,0,0,0,Premier League,Tyrell Malacia
427,Levi Colwill,Chelsea,3,210,0,0,0,Premier League,Levi Colwill
428,Wilson Odobert,Tottenham,24,946,0,0,2,Premier League,Wilson Odobert
429,Rico Lewis,Manchester City,11,389,0,0,1,Premier League,Rico Lewis
430,Emmanuel Agbadou,Wolverhampton Wanderers,14,1093,0,0,0,Premier League,Emmanuel Agbadou
431,Marcos Senesi,Bournemouth,37,3298,0,0,5,Premier League,Marcos Senesi
432,Ryan Yates,Nottingham Forest,22,550,0,0,2,Premier League,Ryan Yates
433,Kaden Rodney,Crystal Palace,1,1,0,0,0,Premier League,Kaden Rodney
434,Ethan Nwaneri,Arsenal,6,154,0,0,0,Premier League,Ethan Nwaneri
435,Wilfried Gnonto,Leeds,23,493,0,0,1,Premier League,Wilfried Gnonto
436,Chadi Riad,Crystal Palace,9,562,0,0,1,Premier League,Chadi Riad
437,Ben Doak,Bournemouth,8,82,0,0,1,Premier League,Ben Doak
438,Bashir Humphreys,Burnley,20,1585,0,0,0,Premier League,Bashir Humphreys
439,Mamadou Sarr,Chelsea,3,99,0,0,0,Premier League,Mamadou Sarr
440,Carlos Alcaraz,Everton,20,681,0,0,1,Premier League,Carlos Alcaraz
441,Daniel Bentley,Wolverhampton Wanderers,3,270,0,0,0,Premier League,Daniel Bentley
442,Facundo Buonanotte,"Chelsea,Leeds",4,77,0,0,0,Premier League,Facundo Buonanotte
443,Romaine Mundle,Sunderland,14,370,0,0,0,Premier League,Romaine Mundle
444,Marc Guiu,"Chelsea,Sunderland",10,250,0,0,1,Premier League,Marc Guiu
445,Zeki Amdouni,Burnley,4,53,0,0,0,Premier League,Zeki Amdouni
446,Hjalmar Ekdal,Burnley,19,1545,0,0,0,Premier League,Hjalmar Ekdal
447,Bart Verbruggen,Brighton,38,3420,0,0,0,Premier League,Bart Verbruggen
448,Abduqodir Khusanov,Manchester City,21,1421,0,0,0,Premier League,Abduqodir Khusanov
449,Manuel Ugarte,Manchester United,22,850,0,0,0,Premier League,Manuel Ugarte
450,Ian Maatsen,Aston Villa,30,1587,0,0,1,Premier League,Ian Maatsen
451,Lucas Pires,Burnley,20,1391,0,0,0,Premier League,Lucas Pires
452,Oscar Bobb,"Fulham,Manchester City",23,1046,0,0,1,Premier League,Oscar Bobb
453,Djordje Petrovic,Bournemouth,38,3420,0,0,0,Premier League,Djordje Petrovic
454,Altay Bayindir,Manchester United,6,540,0,0,0,Premier League,Altay Bayindir
455,Mike Trésor,Burnley,6,25,0,0,0,Premier League,Mike Tresor
456,Jackson Tchatchoua,Wolverhampton Wanderers,31,1822,0,0,1,Premier League,Jackson Tchatchoua
457,Alex Murphy,Newcastle United,2,2,0,0,0,Premier League,Alex Murphy
458,Treymaurice Nyoni,Liverpool,6,13,0,0,0,Premier League,Treymaurice Nyoni
459,Tawanda Chirewa,Wolverhampton Wanderers,2,20,0,0,0,Premier League,Tawanda Chirewa
460,Myles Lewis-Skelly,Arsenal,20,666,0,0,0,Premier League,Myles Lewis-Skelly
461,Oliver Scarles,West Ham,13,665,0,0,0,Premier League,Oliver Scarles
462,Callum Marshall,West Ham,2,44,0,0,0,Premier League,Callum Marshall
463,Lucas Perri,Leeds,16,1440,0,0,0,Premier League,Lucas Perri
464,George Earthy,West Ham,1,7,0,0,0,Premier League,George Earthy
465,Tyrique George,"Chelsea,Everton",15,328,0,0,0,Premier League,Tyrique George
466,Hákon Valdimarsson,Brentford,1,90,0,0,0,Premier League,Hakon Valdimarsson
467,Christantus Uche,Crystal Palace,14,109,0,0,0,Premier League,Christantus Uche
468,Harrison Armstrong,Everton,13,520,0,0,0,Premier League,Harrison Armstrong
469,Jota Silva,Nottingham Forest,1,7,0,0,0,Premier League,Jota Silva
470,Andy Irving,West Ham,7,178,0,0,0,Premier League,Andy Irving
471,Mads Hermansen,West Ham,18,1620,0,0,1,Premier League,Mads Hermansen
472,Luis Guilherme,West Ham,5,118,0,0,0,Premier League,Luis Guilherme
473,Lutsharel Geertruida,Sunderland,28,1659,0,0,0,Premier League,Lutsharel Geertruida
474,Ayden Heaven,Manchester United,17,923,0,0,1,Premier League,Ayden Heaven
475,Jaydee Canvot,Crystal Palace,20,1334,0,0,0,Premier League,Jaydee Canvot
476,Dário Essugo,Chelsea,3,24,0,0,0,Premier League,Dario Essugo
477,Jack Fletcher,Manchester United,3,97,0,0,0,Premier League,Jack Fletcher
478,Pedro Lima,Wolverhampton Wanderers,9,254,0,0,0,Premier League,Pedro Lima
479,Fernando López,Wolverhampton Wanderers,9,211,0,0,1,Premier League,Fernando Lopez
480,Callum Olusesi,Tottenham,1,12,0,0,0,Premier League,Callum Olusesi
481,Ben Winterburn,Bournemouth,1,3,0,0,0,Premier League,Ben Winterburn
482,Ezra Mayers,West Ham,6,96,0,0,0,Premier League,Ezra Mayers
483,Jonah Kusi-Asare,Fulham,7,28,0,0,0,Premier League,Jonah Kusi-Asare
484,Max Alleyne,Manchester City,2,138,0,0,0,Premier League,Max Alleyne
485,Zach Abbott,Nottingham Forest,3,166,0,0,0,Premier League,Zach Abbott
486,Jamaldeen Jimoh,Aston Villa,1,5,0,0,0,Premier League,Jamaldeen Jimoh
487,Antonín Kinsky,Tottenham,7,630,0,0,0,Premier League,Antonin Kinsky
488,Romain Esse,Crystal Palace,4,29,0,0,0,Premier League,Romain Esse
489,Andrés García,Aston Villa,6,82,0,0,0,Premier League,Andres Garcia
490,Joe Knight,Brighton,1,1,0,0,0,Premier League,Joe Knight
491,Tyler Fredricson,Manchester United,1,1,0,0,0,Premier League,Tyler Fredricson
492,Julio Soler,Bournemouth,3,27,0,0,0,Premier League,Julio Soler
493,Shumaira Mheuka,Chelsea,1,1,0,0,0,Premier League,Shumaira Mheuka
494,Sean Neave,Newcastle United,1,7,0,0,0,Premier League,Sean Neave
495,Harry Howell,Brighton,3,91,0,0,0,Premier League,Harry Howell
496,Robin Roefs,Sunderland,35,3150,0,0,0,Premier League,Robin Roefs
497,Jenson Seelt,Sunderland,2,135,0,0,0,Premier League,Jenson Seelt
498,Noah Sadiki,Sunderland,33,2914,0,0,1,Premier League,Noah Sadiki
499,Dan Neil,Sunderland,3,13,0,0,0,Premier League,Dan Neil
500,El Hadji Malick Diouf,West Ham,32,2711,0,0,5,Premier League,El Hadji Malick Diouf
501,Freddie Potts,West Ham,22,1152,0,0,1,Premier League,Freddie Potts
502,Quilindschy Hartman,Burnley,21,1843,0,0,5,Premier League,Quilindschy Hartman
503,Max Weiss,Burnley,3,270,0,0,0,Premier League,Max Weiss
504,David Møller Wolfe,Wolverhampton Wanderers,22,1059,0,0,2,Premier League,David Møller Wolfe
505,Jorrel Hato,Chelsea,22,1131,0,0,0,Premier League,Jorrel Hato
506,Rio Cardines,Crystal Palace,1,90,0,0,0,Premier League,Rio Cardines
507,Jair,Nottingham Forest,9,536,0,0,0,Premier League,Jair
508,Antoni Milambo,Brentford,1,50,0,0,0,Premier League,Antoni Milambo
509,Joël Piroe,Leeds,16,216,0,0,0,Premier League,Joel Piroe
510,Bradley Burrowes,Aston Villa,1,12,0,0,0,Premier League,Bradley Burrowes
511,John Victor,Nottingham Forest,5,440,0,0,0,Premier League,John Victor
512,Veljko Milosavljevic,Bournemouth,7,363,0,0,0,Premier League,Veljko Milosavljevic
513,Tom Watson,Brighton,6,44,0,0,0,Premier League,Tom Watson
514,Divine Mukasa,Manchester City,2,21,0,0,0,Premier League,Divine Mukasa
515,Senne Lammens,Manchester United,32,2880,0,0,0,Premier League,Senne Lammens
516,Luke O&#039;Nien,Sunderland,12,556,0,0,1,Premier League,Luke O&#039;Nien
517,Nehemiah Oriola,Brighton,1,1,0,0,0,Premier League,Nehemiah Oriola
518,Jun&#039;ai Byfield,Tottenham,1,1,0,0,0,Premier League,Jun&#039;ai Byfield
519,James Rowswell,Tottenham,1,1,0,0,0,Premier League,James Rowswell
520,George Hemmings,Aston Villa,2,19,0,0,0,Premier League,George Hemmings
521,Shea Lacey,Manchester United,3,31,0,0,0,Premier League,Shea Lacey
522,Romelle Donovan,Brentford,4,23,0,0,0,Premier League,Romelle Donovan
523,Mohamadou Kanté,West Ham,11,47,0,0,0,Premier League,Mohamadou Kante
524,Joél Drakes-Thomas,Crystal Palace,2,2,0,0,0,Premier League,Joel Drakes-Thomas
525,Bendito Mantato,Manchester United,1,14,0,0,0,Premier League,Bendito Mantato
526,Tyler Fletcher,Manchester United,2,14,0,0,0,Premier League,Tyler Fletcher
527,Jaydon Banel,Burnley,1,7,0,0,0,Premier League,Jaydon Banel
528,Pablo,West Ham,14,844,0,0,1,Premier League,Pablo
529,Kaye Furo,Brentford,1,1,0,0,0,Premier League,Kaye Furo
530,Alex Tóth,Bournemouth,9,136,0,0,0,Premier League,Alex Toth
531,Jerome Abbey,Wolverhampton Wanderers,1,6,0,0,0,Premier League,Jerome Abbey
532,Souza,Tottenham,4,136,0,0,0,Premier League,Souza
533,Nilson Angulo,Sunderland,8,415,0,0,0,Premier League,Nilson Angulo
534,Melker Ellborg,Sunderland,3,270,0,0,0,Premier League,Melker Ellborg
535,Alysson Edward,Aston Villa,3,34,0,0,0,Premier League,Alysson Edward
536,Djiamgone Jocelin Ta Bi,Sunderland,1,38,0,0,0,Premier League,Djiamgone Jocelin Ta Bi
537,Jesse Derry,Chelsea,1,53,0,0,0,Premier League,Jesse Derry
1,Kylian Mbappe-Lottin,Real Madrid,31,2623,25,17,5,La Liga,Kylian Mbappe-Lottin
2,Vedat Muriqi,Mallorca,37,3150,23,18,1,La Liga,Vedat Muriqi
3,Ante Budimir,Osasuna,37,2995,17,11,0,La Liga,Ante Budimir
4,Ferrán Torres,Barcelona,33,2025,16,16,2,La Liga,Ferran Torres
5,Vinícius Júnior,Real Madrid,36,2865,16,12,5,La Liga,Vinicius Junior
6,Lamine Yamal,Barcelona,28,2291,16,13,11,La Liga,Lamine Yamal
7,Mikel Oyarzabal,Real Sociedad,34,2727,15,8,4,La Liga,Mikel Oyarzabal
8,Robert Lewandowski,Barcelona,31,1630,14,13,2,La Liga,Robert Lewandowski
9,Borja Iglesias,Celta Vigo,35,1903,14,10,2,La Liga,Borja Iglesias
10,Antonio Martínez,Alaves,37,2750,14,13,3,La Liga,Antonio Martinez
11,Alexander Sørloth,Atletico Madrid,35,1955,13,13,0,La Liga,Alexander Sørloth
12,Raphinha,Barcelona,22,1424,13,10,3,La Liga,Raphinha
13,Georges Mikautadze,Villarreal,33,2155,13,13,6,La Liga,Georges Mikautadze
14,Lucas Boyé,Alaves,29,1960,11,8,1,La Liga,Lucas Boye
15,Juan Camilo Hernández,Real Betis,32,2623,11,10,3,La Liga,Juan Camilo Hernandez
16,Carlos Espí,Levante,25,1328,11,11,0,La Liga,Carlos Espi
17,Gerard Moreno,Villarreal,22,1368,10,7,0,La Liga,Gerard Moreno
18,André Silva,Elche,31,1858,10,7,0,La Liga,Andre Silva
19,Hugo Duro,Valencia,36,1979,10,9,0,La Liga,Hugo Duro
20,Gorka Guruzeta,Athletic Club,35,2401,10,9,3,La Liga,Gorka Guruzeta
21,Jorge De Frutos,Rayo Vallecano,36,2526,10,9,1,La Liga,Jorge De Frutos
22,Abdessamad Ezzalzouli,Real Betis,29,2275,10,10,8,La Liga,Abdessamad Ezzalzouli
23,Akor Adams,Sevilla,32,2048,10,7,3,La Liga,Akor Adams
24,Alberto Moleiro,Villarreal,38,2535,10,10,5,La Liga,Alberto Moleiro
25,Pablo Fornals,Real Betis,37,2912,9,9,6,La Liga,Pablo Fornals
26,Nicolas Pepe,Villarreal,37,2497,9,7,8,La Liga,Nicolas Pepe
27,Ferrán Jutglà,Celta Vigo,30,1702,9,9,3,La Liga,Ferran Jutgla
28,Orri Óskarsson,Real Sociedad,20,822,9,9,0,La Liga,Orri Oskarsson
29,Federico Viñas,Real Oviedo,34,2575,9,7,1,La Liga,Federico Vinas
30,Vladyslav Vanat,Girona,27,2003,9,6,1,La Liga,Vladyslav Vanat
31,Marcus Rashford,Barcelona,32,1739,8,8,7,La Liga,Marcus Rashford
32,Rafa Mir,Elche,27,1834,8,7,0,La Liga,Rafa Mir
33,Kike García,Espanyol,37,1694,8,7,1,La Liga,Kike Garcia
34,Gonçalo Guedes,Real Sociedad,32,1833,8,8,4,La Liga,Goncalo Guedes
35,Julián Álvarez,Atletico Madrid,29,1926,8,6,4,La Liga,Julian Alvarez
36,Antony,Real Betis,32,2495,8,8,6,La Liga,Antony
37,Antoine Griezmann,Atletico Madrid,34,1428,7,7,4,La Liga,Antoine Griezmann
38,Pere Milla,Espanyol,33,2005,7,7,1,La Liga,Pere Milla
39,Raul García,Osasuna,36,926,7,7,1,La Liga,Raul Garcia
40,Dani Olmo,Barcelona,33,2109,7,7,8,La Liga,Dani Olmo
41,Iván Romero,Levante,32,2339,7,7,1,La Liga,Ivan Romero
42,Etta Eyong,"Levante,Villarreal",33,1657,7,7,4,La Liga,Etta Eyong
43,Samú Costa,Mallorca,34,2731,7,7,2,La Liga,Samu Costa
44,Alvaro Rodríguez,Elche,34,2199,7,7,5,La Liga,Alvaro Rodriguez
45,Tajon Buchanan,Villarreal,35,1873,7,7,1,La Liga,Tajon Buchanan
46,Roberto Fernández,Espanyol,38,2388,7,6,3,La Liga,Roberto Fernandez
47,Ilyas Chaira,Real Oviedo,37,2584,7,7,2,La Liga,Ilyas Chaira
48,Mauro Arambarri,Getafe,37,3279,6,4,2,La Liga,Mauro Arambarri
49,Brais Méndez,Real Sociedad,29,1708,6,5,2,La Liga,Brais Mendez
50,Roberto Navarro,Athletic Club,32,1246,6,6,1,La Liga,Roberto Navarro
51,Jude Bellingham,Real Madrid,28,1933,6,6,4,La Liga,Jude Bellingham
52,Martín Satriano,Getafe,18,1609,6,6,1,La Liga,Martin Satriano
53,Nico Williams,Athletic Club,25,1715,6,5,3,La Liga,Nico Williams
54,Largie Ramazani,Valencia,27,1200,6,3,1,La Liga,Largie Ramazani
55,Viktor Tsygankov,Girona,32,2672,6,6,5,La Liga,Viktor Tsygankov
56,Carlos Romero,Espanyol,36,3207,6,6,3,La Liga,Carlos Romero
57,Fermín López,Barcelona,30,1780,6,6,9,La Liga,Fermin Lopez
58,Gonzalo García,Real Madrid,30,923,6,6,1,La Liga,Gonzalo Garcia
59,Víctor Muñoz,Osasuna,34,2705,6,6,2,La Liga,Victor Munoz
60,Ayoze Pérez,Villarreal,26,1154,5,4,4,La Liga,Ayoze Perez
61,Cristhian Stuani,Girona,21,359,5,2,0,La Liga,Cristhian Stuani
62,Iago Aspas,Celta Vigo,32,1082,5,3,3,La Liga,Iago Aspas
63,Djibril Sow,Sevilla,33,2235,5,5,4,La Liga,Djibril Sow
64,Federico Valverde,Real Madrid,33,2765,5,5,8,La Liga,Federico Valverde
65,Nicolás González,Atletico Madrid,24,1480,5,5,0,La Liga,Nicolas Gonzalez
66,Sergio Camello,Rayo Vallecano,22,810,5,5,1,La Liga,Sergio Camello
67,Azz-Eddine Ounahi,Girona,24,1777,5,4,2,La Liga,Azz-Eddine Ounahi
68,Pape Alassane Gueye,Villarreal,31,2280,5,4,2,La Liga,Pape Alassane Gueye
69,Williot Swedberg,Celta Vigo,29,1237,5,5,5,La Liga,Williot Swedberg
70,Carlos Vicente,Alaves,21,1250,5,2,0,La Liga,Carlos Vicente
71,Alexis Sánchez,Sevilla,28,1278,4,3,2,La Liga,Alexis Sanchez
72,Umar Sadiq,"Real Sociedad,Valencia",25,1028,4,4,2,La Liga,Umar Sadiq
73,Borja Mayoral,Getafe,16,1072,4,4,1,La Liga,Borja Mayoral
74,Carlos Soler,Real Sociedad,33,2346,4,4,3,La Liga,Carlos Soler
75,Ademola Lookman,Atletico Madrid,12,638,4,3,0,La Liga,Ademola Lookman
76,Aitor Ruibal,Real Betis,27,1809,4,4,2,La Liga,Aitor Ruibal
77,Álvaro García,Rayo Vallecano,32,2123,4,4,5,La Liga,Alvaro Garcia
78,Oihan Sancet,Athletic Club,28,1832,4,2,0,La Liga,Oihan Sancet
79,German Valera,Elche,36,2888,4,4,5,La Liga,German Valera
80,Guido Rodríguez,Valencia,16,1310,4,4,0,La Liga,Guido Rodriguez
81,Diego López,Valencia,34,1781,4,4,1,La Liga,Diego Lopez
82,Giuliano Simeone,Atletico Madrid,31,2153,4,4,6,La Liga,Giuliano Simeone
83,Hugo Álvarez,Celta Vigo,28,1359,4,4,2,La Liga,Hugo Alvarez
84,Javier Guerra,Valencia,36,2086,4,4,6,La Liga,Javier Guerra
85,Pablo Torre,Mallorca,35,1614,4,4,4,La Liga,Pablo Torre
86,Arda Güler,Real Madrid,33,2076,4,4,9,La Liga,Arda Guler
87,Isaac Romero,Sevilla,29,1506,4,4,0,La Liga,Isaac Romero
88,Alberto Reina,Real Oviedo,38,2616,4,4,1,La Liga,Alberto Reina
89,Alemão,Rayo Vallecano,26,1118,4,4,0,La Liga,Alemao
90,Cédric Bakambu,Real Betis,18,542,3,3,1,La Liga,Cedric Bakambu
91,Iñaki Williams,Athletic Club,30,2188,3,2,6,La Liga,Inaki Williams
92,Thomas Lemar,Girona,27,1252,3,3,1,La Liga,Thomas Lemar
93,Leandro Cabrera,Espanyol,37,3330,3,3,0,La Liga,Leandro Cabrera
94,Manuel Morlanes,Mallorca,32,1801,3,3,0,La Liga,Manuel Morlanes
95,Santiago Comesaña,Villarreal,34,2428,3,3,6,La Liga,Santiago Comesana
96,Ander Barrenetxea,Real Sociedad,30,1794,3,3,5,La Liga,Ander Barrenetxea
97,Alejandro Catena,Osasuna,35,3083,3,3,2,La Liga,Alejandro Catena
98,Ruben Vargas,Sevilla,24,1670,3,2,6,La Liga,Ruben Vargas
99,Iker Losada,Levante,23,882,3,3,1,La Liga,Iker Losada
100,Luis Rioja,Valencia,37,2676,3,3,6,La Liga,Luis Rioja
101,Arnaut Danjuma Groeneveld,Valencia,30,1612,3,3,2,La Liga,Arnaut Danjuma Groeneveld
102,Ronald Araújo,Barcelona,24,1049,3,3,0,La Liga,Ronald Araujo
103,Isi Palazón,Rayo Vallecano,31,2294,3,1,3,La Liga,Isi Palazon
104,Randy Nteka,Rayo Vallecano,13,342,3,3,0,La Liga,Randy Nteka
105,Adrián De la Fuente,Levante,33,2704,3,2,1,La Liga,Adrian De la Fuente
106,Joel Roca,Girona,32,1463,3,3,1,La Liga,Joel Roca
107,Carlos Álvarez,Levante,30,1910,3,3,1,La Liga,Carlos Alvarez
108,Luka Sucic,Real Sociedad,22,1003,3,3,1,La Liga,Luka Sucic
109,Thiago Almada,Atletico Madrid,27,1327,3,3,1,La Liga,Thiago Almada
110,Adrián Liso,Getafe,28,1725,3,3,0,La Liga,Adrian Liso
111,Kervin Arriaga,Levante,27,1511,3,3,3,La Liga,Kervin Arriaga
112,Luis Vázquez,Getafe,17,1232,3,3,1,La Liga,Luis Vazquez
113,Héctor Bellerín,Real Betis,27,1822,2,2,3,La Liga,Hector Bellerin
114,Salomón Rondón,Real Oviedo,16,1054,2,2,0,La Liga,Salomon Rondon
115,Rubén García,Osasuna,35,2297,2,2,5,La Liga,Ruben Garcia
116,Koke,Atletico Madrid,34,2237,2,2,2,La Liga,Koke
117,João Cancelo,Barcelona,16,938,2,2,2,La Liga,Joao Cancelo
118,Omar Mascarell,Mallorca,30,2251,2,2,2,La Liga,Omar Mascarell
119,Pepelu,Valencia,31,2253,2,1,0,La Liga,Pepelu
120,Neal Maupay,Sevilla,12,884,2,2,1,La Liga,Neal Maupay
121,Florian Lejeune,Rayo Vallecano,36,3233,2,2,1,La Liga,Florian Lejeune
122,Alex Berenguer,Athletic Club,31,2191,2,2,3,La Liga,Alex Berenguer
123,Kike Barja,Osasuna,27,369,2,2,2,La Liga,Kike Barja
124,Giovani Lo Celso,Real Betis,24,1396,2,2,3,La Liga,Giovani Lo Celso
125,Javi Puado,Espanyol,10,687,2,1,0,La Liga,Javi Puado
126,Eder Militão,Real Madrid,16,1147,2,2,1,La Liga,Eder Militao
127,Aleix Febas,Elche,36,3178,2,2,2,La Liga,Aleix Febas
128,Nemanja Gudelj,Sevilla,34,2349,2,2,0,La Liga,Nemanja Gudelj
129,Pol Lozano,Espanyol,33,2211,2,2,1,La Liga,Pol Lozano
130,Takefusa Kubo,Real Sociedad,24,1531,2,2,4,La Liga,Takefusa Kubo
131,Sergio Carreira,Celta Vigo,34,2695,2,2,1,La Liga,Sergio Carreira
132,Álex Baena,Atletico Madrid,27,1615,2,2,3,La Liga,Alex Baena
133,Víctor García,Levante,21,1065,2,2,1,La Liga,Victor Garcia
134,Alfonso Espino,Rayo Vallecano,30,1472,2,2,0,La Liga,Alfonso Espino
135,Pedri,Barcelona,29,2117,2,2,9,La Liga,Pedri
136,Aitor Paredes,Athletic Club,19,1625,2,2,0,La Liga,Aitor Paredes
137,Nahuel Molina,Atletico Madrid,26,1292,2,2,2,La Liga,Nahuel Molina
138,Conor Gallagher,Atletico Madrid,19,630,2,2,0,La Liga,Conor Gallagher
139,Alfon,"Sevilla,Villarreal",21,691,2,2,0,La Liga,Alfon
140,Ilaix Moriba,Celta Vigo,36,2484,2,2,3,La Liga,Ilaix Moriba
141,Antonio Blanco,Alaves,36,3137,2,2,3,La Liga,Antonio Blanco
142,Pathé Ciss,Rayo Vallecano,29,1974,2,2,1,La Liga,Pathe Ciss
143,Kike Salas,Sevilla,26,2199,2,2,0,La Liga,Kike Salas
144,Nahuel Tenaglia,Alaves,36,3240,2,2,0,La Liga,Nahuel Tenaglia
145,Eray Cömert,Valencia,17,1341,2,2,1,La Liga,Eray Comert
146,Álvaro Fernández,Real Madrid,28,2334,2,2,3,La Liga,Alvaro Fernandez
147,Fran Pérez,Rayo Vallecano,29,1226,2,2,1,La Liga,Fran Perez
148,Arnau Martinez,Girona,35,2715,2,2,3,La Liga,Arnau Martinez
149,Pablo Durán,Celta Vigo,30,1451,2,2,2,La Liga,Pablo Duran
150,Mateo Joseph,Mallorca,29,1707,2,2,3,La Liga,Mateo Joseph
151,Mario Martín,Getafe,35,2158,2,2,1,La Liga,Mario Martin
152,Dean Huijsen,Real Madrid,28,2046,2,2,2,La Liga,Dean Huijsen
153,Hector Fort,Elche,14,478,2,2,2,La Liga,Hector Fort
154,Mikel Jauregizar,Athletic Club,36,2872,2,2,0,La Liga,Mikel Jauregizar
155,Nobel Mendy,Rayo Vallecano,24,1834,2,2,0,La Liga,Nobel Mendy
156,Jon Martín,Real Sociedad,25,2250,2,2,0,La Liga,Jon Martin
157,Javier Rueda,Celta Vigo,26,1403,2,2,6,La Liga,Javier Rueda
158,Peque,Sevilla,26,952,2,2,1,La Liga,Peque
159,Marc Bernal,Barcelona,22,798,2,2,1,La Liga,Marc Bernal
160,Raúl,Real Madrid,23,1692,2,2,0,La Liga,Raul
161,Jones El Abdellaoui,Celta Vigo,22,621,2,2,0,La Liga,Jones El Abdellaoui
162,Oso,Sevilla,21,1397,2,2,3,La Liga,Oso
163,Tyrhys Dolan,Espanyol,36,2481,2,2,5,La Liga,Tyrhys Dolan
164,Martim Neto,Elche,25,1367,2,2,5,La Liga,Martim Neto
165,Jan Virgili,Mallorca,31,1807,2,2,4,La Liga,Jan Virgili
166,Tani Oluwaseyi,Villarreal,28,949,2,2,2,La Liga,Tani Oluwaseyi
167,Ibrahim Diabate,Alaves,10,579,2,2,0,La Liga,Ibrahim Diabate
168,Jeremy Toljan,Levante,37,3199,1,1,4,La Liga,Jeremy Toljan
169,Juanmi,Getafe,8,152,1,1,0,La Liga,Juanmi
170,Pablo Maffeo,Mallorca,31,2690,1,1,2,La Liga,Pablo Maffeo
171,Marcos Alonso,Celta Vigo,32,2780,1,0,0,La Liga,Marcos Alonso
172,Eric Bailly,Real Oviedo,16,1327,1,1,0,La Liga,Eric Bailly
173,Antonio Rüdiger,Real Madrid,18,1501,1,1,0,La Liga,Antonio Rudiger
174,Diego Llorente,Real Betis,18,1221,1,1,0,La Liga,Diego Llorente
175,Morales,Levante,20,298,1,0,1,La Liga,Morales
176,Isco,Real Betis,8,213,1,0,1,La Liga,Isco
177,Denis Suárez,Alaves,30,1407,1,1,2,La Liga,Denis Suarez
178,Pedro Bigas,Elche,28,2078,1,1,3,La Liga,Pedro Bigas
179,Daniel Parejo,Villarreal,33,1474,1,0,0,La Liga,Daniel Parejo
180,Álvaro Odriozola,Real Sociedad,5,196,1,1,0,La Liga,Alvaro Odriozola
181,Marc Bartra,Real Betis,25,1973,1,1,0,La Liga,Marc Bartra
182,José Gayá,Valencia,32,2491,1,1,2,La Liga,Jose Gaya
183,Alfonso,Villarreal,27,1700,1,1,3,La Liga,Alfonso
184,Sergi Darder,Mallorca,38,2715,1,1,5,La Liga,Sergi Darder
185,Axel Witsel,Girona,32,2546,1,1,2,La Liga,Axel Witsel
186,David Costas,Real Oviedo,25,2073,1,1,0,La Liga,David Costas
187,Kiko Femenía,Getafe,28,2070,1,1,1,La Liga,Kiko Femenia
188,Edu Expósito,Espanyol,36,2593,1,1,6,La Liga,Edu Exposito
189,Marc Roca,Real Betis,29,2020,1,1,2,La Liga,Marc Roca
190,Valentin Rosier,Osasuna,31,2563,1,1,1,La Liga,Valentin Rosier
191,Baptiste Santamaria,Valencia,19,731,1,1,1,La Liga,Baptiste Santamaria
192,Mouctar Diakhaby,Valencia,8,539,1,1,0,La Liga,Mouctar Diakhaby
193,Dodi Lukebakio,Sevilla,2,180,1,1,0,La Liga,Dodi Lukebakio
194,Takuma Asano,Mallorca,20,662,1,1,0,La Liga,Takuma Asano
195,Ander Guevara,Alaves,25,581,1,1,1,La Liga,Ander Guevara
196,Brahim Diaz,Real Madrid,30,1243,1,1,6,La Liga,Brahim Diaz
197,Jules Koundé,Barcelona,30,2247,1,1,3,La Liga,Jules Kounde
198,Aurelien Tchouameni,Real Madrid,33,2656,1,1,0,La Liga,Aurelien Tchouameni
199,Grady Diangana,Elche,20,937,1,1,0,La Liga,Grady Diangana
200,Miguel Ángel Rubio,Espanyol,12,168,1,1,0,La Liga,Miguel Angel Rubio
201,Gonzalo Villar,Elche,12,722,1,1,0,La Liga,Gonzalo Villar
202,Dani Vivian,Athletic Club,31,2561,1,1,0,La Liga,Dani Vivian
203,Fran Beltrán,"Celta Vigo,Girona",27,1544,1,1,0,La Liga,Fran Beltran
204,Ezequiel Ávila,Real Betis,16,350,1,0,0,La Liga,Ezequiel Avila
205,Duje Caleta-Car,Real Sociedad,27,2140,1,1,0,La Liga,Duje Caleta-Car
206,Adrià Pedrosa,"Elche,Sevilla",27,1053,1,1,1,La Liga,Adria Pedrosa
207,Leander Dendoncker,Real Oviedo,19,1338,1,1,0,La Liga,Leander Dendoncker
208,Robin Le Normand,Atletico Madrid,28,1776,1,1,1,La Liga,Robin Le Normand
209,Aihen Muñoz,Real Sociedad,21,829,1,1,0,La Liga,Aihen Munoz
210,Eduardo Camavinga,Real Madrid,29,1507,1,1,0,La Liga,Eduardo Camavinga
211,Manuel Sánchez,Levante,33,2844,1,1,2,La Liga,Manuel Sanchez
212,Frenkie de Jong,Barcelona,25,1597,1,1,5,La Liga,Frenkie de Jong
213,Domingos Duarte,Getafe,34,2953,1,1,1,La Liga,Domingos Duarte
214,Rodrigo Riquelme,Real Betis,25,788,1,1,1,La Liga,Rodrigo Riquelme
215,Rodrygo,Real Madrid,19,633,1,1,3,La Liga,Rodrygo
216,Eric Garcia,Barcelona,34,2761,1,1,1,La Liga,Eric Garcia
217,Mateu Morey,Mallorca,18,723,1,1,0,La Liga,Mateu Morey
218,Lucien Agoume,Sevilla,34,2728,1,1,3,La Liga,Lucien Agoume
219,Pablo Martínez,Levante,27,1878,1,1,5,La Liga,Pablo Martinez
220,Batista Mendy,Sevilla,27,1632,1,1,0,La Liga,Batista Mendy
221,Chidera Ejuke,Sevilla,27,866,1,1,1,La Liga,Chidera Ejuke
222,Luis Milla,Getafe,37,3288,1,1,10,La Liga,Luis Milla
223,Tete Morente,Elche,13,940,1,1,1,La Liga,Tete Morente
224,Victor Chust,Elche,31,2146,1,1,0,La Liga,Victor Chust
225,Óscar Mingueza,Celta Vigo,34,1949,1,1,4,La Liga,Oscar Mingueza
226,John Donald,Elche,21,637,1,1,0,La Liga,John Donald
227,Juan Iglesias,Getafe,37,3189,1,1,2,La Liga,Juan Iglesias
228,Jon Ander Olasagasti,Levante,33,1712,1,1,5,La Liga,Jon Ander Olasagasti
229,Inigo Ruiz de Galarreta,Athletic Club,34,2289,1,1,2,La Liga,Inigo Ruiz de Galarreta
230,José Ángel Carmona,Sevilla,35,2561,1,1,3,La Liga,Jose Angel Carmona
231,Fran García,Real Madrid,13,930,1,1,1,La Liga,Fran Garcia
232,Óscar Valentín,Rayo Vallecano,33,2143,1,1,0,La Liga,Oscar Valentin
233,Nicolás Serrano,Athletic Club,16,338,1,1,0,La Liga,Nicolas Serrano
234,Bryan Zaragoza,Celta Vigo,19,1138,1,0,1,La Liga,Bryan Zaragoza
235,Marc Pubill,Atletico Madrid,19,1377,1,1,1,La Liga,Marc Pubill
236,Rafa Marín,Villarreal,23,1975,1,1,0,La Liga,Rafa Marin
237,Jofre Carreras,Espanyol,26,890,1,1,0,La Liga,Jofre Carreras
238,Iker Benito,Osasuna,6,148,1,1,0,La Liga,Iker Benito
239,Luka Ilic,Real Oviedo,19,731,1,1,0,La Liga,Luka Ilic
240,Pablo Barrios Rivas,Atletico Madrid,23,1672,1,1,1,La Liga,Pablo Barrios Rivas
241,Manor Solomon,Villarreal,6,129,1,1,1,La Liga,Manor Solomon
242,Pablo Ibáñez,Alaves,37,2278,1,1,1,La Liga,Pablo Ibanez
243,Charles Pickel,Espanyol,24,658,1,1,0,La Liga,Charles Pickel
244,Ramón Terrats,Espanyol,29,1020,1,1,2,La Liga,Ramon Terrats
245,Marcão,Sevilla,13,935,1,1,0,La Liga,Marcao
246,Pep Chavarría,Rayo Vallecano,33,2672,1,1,2,La Liga,Pep Chavarria
247,Rodrigo Mendoza,"Atletico Madrid,Elche",24,1243,1,1,1,La Liga,Rodrigo Mendoza
248,Unai Gómez,Athletic Club,26,930,1,1,1,La Liga,Unai Gomez
249,Sergi Cardona,Villarreal,32,2028,1,1,4,La Liga,Sergi Cardona
250,Abderrahmane Rebbach,Alaves,30,1479,1,1,4,La Liga,Abderrahmane Rebbach
251,Lucas Beltrán,Valencia,27,1377,1,1,2,La Liga,Lucas Beltran
252,Sergi Altimira,Real Betis,24,1176,1,1,2,La Liga,Sergi Altimira
253,Pau Cubarsí,Barcelona,31,2733,1,1,0,La Liga,Pau Cubarsi
254,Alan Matturro,Levante,19,918,1,1,1,La Liga,Alan Matturro
255,Jon Aramburu,Real Sociedad,35,2789,1,1,0,La Liga,Jon Aramburu
256,Hugo Rincón,Girona,33,1713,1,1,1,La Liga,Hugo Rincon
257,Asier Osambela,Osasuna,17,295,1,1,0,La Liga,Asier Osambela
258,Christantus Uche,Getafe,3,270,1,1,1,La Liga,Christantus Uche
259,Abel Bretones,Osasuna,28,1600,1,1,2,La Liga,Abel Bretones
260,Enzo Boyomo,Osasuna,30,2544,1,1,2,La Liga,Enzo Boyomo
261,Santiago Mouriño,Villarreal,29,2485,1,1,2,La Liga,Santiago Mourino
262,Fernando López,Celta Vigo,17,1179,1,1,1,La Liga,Fernando Lopez
263,Goduine Koyalipou,Levante,11,217,1,1,0,La Liga,Goduine Koyalipou
264,Vitor Reis,Girona,36,3137,1,1,1,La Liga,Vitor Reis
265,Maroan Sannadi,Athletic Club,10,268,1,1,0,La Liga,Maroan Sannadi
266,Andrés Castrín,Sevilla,19,1251,1,1,0,La Liga,Andres Castrin
267,Miguel Román,Celta Vigo,19,1297,1,1,0,La Liga,Miguel Roman
268,Alejandro Rego,Athletic Club,29,1231,1,1,1,La Liga,Alejandro Rego
269,Claudio Echeverri,Girona,17,606,1,1,1,La Liga,Claudio Echeverri
270,Unai Elgezabal,Levante,12,963,1,1,0,La Liga,Unai Elgezabal
271,Roger Brugué,Levante,19,1008,1,1,1,La Liga,Roger Brugue
272,Urko Izeta,Athletic Club,13,153,1,1,0,La Liga,Urko Izeta
273,David Affengruber,Elche,36,2958,1,1,1,La Liga,David Affengruber
274,Marc Aguado,Elche,35,2539,1,1,2,La Liga,Marc Aguado
275,Valentín Gómez,Real Betis,28,1852,1,1,0,La Liga,Valentin Gomez
276,Franco Mastantuono,Real Madrid,23,1026,1,1,0,La Liga,Franco Mastantuono
277,Jon Gorrotxategi,Real Sociedad,30,2235,1,1,3,La Liga,Jon Gorrotxategi
278,David Carmo,Real Oviedo,22,1785,1,1,0,La Liga,David Carmo
279,Adam El Mokhtari,Elche,7,85,1,1,0,La Liga,Adam El Mokhtari
280,Roony Bardghji,Barcelona,21,612,1,1,1,La Liga,Roony Bardghji
281,Javier Boñar,Atletico Madrid,4,294,1,1,0,La Liga,Javier Bonar
282,Iker Luque,Atletico Madrid,1,26,1,1,0,La Liga,Iker Luque
283,Zaid Romero,Getafe,15,1350,1,1,0,La Liga,Zaid Romero
284,Ángel Pérez,Alaves,16,1292,1,1,3,La Liga,Angel Perez
285,Lucas Cepeda,Elche,10,390,1,1,0,La Liga,Lucas Cepeda
286,Álvaro Fidalgo,Real Betis,9,567,1,1,0,La Liga,Alvaro Fidalgo
287,Cubo,Atletico Madrid,2,46,1,1,0,La Liga,Cubo
288,Andreas Christensen,Barcelona,13,369,0,0,0,La Liga,Andreas Christensen
289,Ørjan Nyland,Sevilla,5,450,0,0,0,La Liga,Ørjan Nyland
290,Ricardo Rodríguez,Real Betis,23,1552,0,0,1,La Liga,Ricardo Rodriguez
291,Adnan Januzaj,Sevilla,12,283,0,0,0,La Liga,Adnan Januzaj
292,Odisseas Vlachodimos,Sevilla,33,2970,0,0,0,La Liga,Odisseas Vlachodimos
293,David Alaba,Real Madrid,11,419,0,0,0,La Liga,David Alaba
294,Adrián,Real Betis,1,90,0,0,0,La Liga,Adrian
295,Daley Blind,Girona,31,2624,0,0,0,La Liga,Daley Blind
296,Nyom,Getafe,15,522,0,0,1,La Liga,Nyom
297,Thibaut Courtois,Real Madrid,32,2880,0,0,0,La Liga,Thibaut Courtois
298,César Azpilicueta,Sevilla,17,1233,0,0,1,La Liga,Cesar Azpilicueta
299,Santiago Cazorla,Real Oviedo,29,877,0,0,1,La Liga,Santiago Cazorla
300,Paulo Gazzaniga,Girona,35,3102,0,0,0,La Liga,Paulo Gazzaniga
301,Wojciech Szczesny,Barcelona,8,720,0,0,0,La Liga,Wojciech Szczesny
302,Matías Vecino,Celta Vigo,6,136,0,0,0,La Liga,Matias Vecino
303,Ovie Ejaria,Real Oviedo,9,207,0,0,0,La Liga,Ovie Ejaria
304,Trent Alexander-Arnold,Real Madrid,21,1175,0,0,4,La Liga,Trent Alexander-Arnold
305,Ionut Radu,Celta Vigo,38,3420,0,0,0,La Liga,Ionut Radu
306,David López,Girona,5,300,0,0,0,La Liga,David Lopez
307,Marc-André ter Stegen,Girona,2,180,0,0,0,La Liga,Marc-Andre ter Stegen
308,Pau López,Real Betis,9,810,0,0,0,La Liga,Pau Lopez
309,Joan Jordán,Sevilla,3,15,0,0,0,La Liga,Joan Jordan
310,Moi Gómez,Osasuna,26,1202,0,0,2,La Liga,Moi Gomez
311,Aritz Elustondo,Real Sociedad,16,723,0,0,1,La Liga,Aritz Elustondo
312,Yuri,Athletic Club,32,2708,0,0,6,La Liga,Yuri
313,Daniel Carvajal,Real Madrid,17,965,0,0,1,La Liga,Daniel Carvajal
314,Jan Oblak,Atletico Madrid,30,2700,0,0,0,La Liga,Jan Oblak
315,Giménez,Atletico Madrid,16,1165,0,0,1,La Liga,Gimenez
316,Jonny,Alaves,34,3006,0,0,0,La Liga,Jonny
317,Thomas Partey,Villarreal,26,892,0,0,0,La Liga,Thomas Partey
318,Aarón,Real Oviedo,37,3330,0,0,1,La Liga,Aaron
319,Mat Ryan,Levante,36,3240,0,0,0,La Liga,Mat Ryan
320,Íñigo Lekue,Athletic Club,11,607,0,0,0,La Liga,Inigo Lekue
321,David Soria,Getafe,38,3420,0,0,0,La Liga,David Soria
322,Igor Zubeldia,Real Sociedad,25,2080,0,0,1,La Liga,Igor Zubeldia
323,Dani Ceballos,Real Madrid,16,451,0,0,0,La Liga,Dani Ceballos
324,Toni Lato,Mallorca,12,601,0,0,1,La Liga,Toni Lato
325,Aymeric Laporte,Athletic Club,25,2068,0,0,1,La Liga,Aymeric Laporte
326,Dimitri Foulquier,Valencia,15,1149,0,0,0,La Liga,Dimitri Foulquier
327,Marcos Llorente,Atletico Madrid,29,2190,0,0,4,La Liga,Marcos Llorente
328,Remiro,Real Sociedad,37,3330,0,0,0,La Liga,Remiro
329,Raíllo,Mallorca,24,2069,0,0,1,La Liga,Raillo
330,Dani Calvo,Real Oviedo,21,1688,0,0,0,La Liga,Dani Calvo
331,Gerard Gumbau,Rayo Vallecano,28,1153,0,0,3,La Liga,Gerard Gumbau
332,Stole Dimitrievski,Valencia,20,1800,0,0,0,La Liga,Stole Dimitrievski
333,Óscar Trejo,Rayo Vallecano,7,131,0,0,1,La Liga,Oscar Trejo
334,Unai López,Rayo Vallecano,28,1637,0,0,4,La Liga,Unai Lopez
335,Álex Moreno,Girona,31,2554,0,0,3,La Liga,Alex Moreno
336,Javi Muñoz,Getafe,17,527,0,0,0,La Liga,Javi Munoz
337,Aitor Fernández,Osasuna,2,134,0,0,0,La Liga,Aitor Fernandez
338,Clement Lenglet,Atletico Madrid,19,1402,0,0,1,La Liga,Clement Lenglet
339,Carles Aleñá,Alaves,34,2002,0,0,4,La Liga,Carles Alena
340,Yeray Álvarez,Athletic Club,7,517,0,0,0,La Liga,Yeray Alvarez
341,Diego Rico,Getafe,28,1723,0,0,0,La Liga,Diego Rico
342,Mikel Vesga,Athletic Club,23,402,0,0,0,La Liga,Mikel Vesga
343,Mariano,Alaves,10,269,0,0,0,La Liga,Mariano
344,Nacho Vidal,Real Oviedo,30,2383,0,0,0,La Liga,Nacho Vidal
345,Jon Guridi,Alaves,28,1251,0,0,0,La Liga,Jon Guridi
346,Unai Simón,Athletic Club,37,3330,0,0,0,La Liga,Unai Simon
347,Raba,Valencia,13,247,0,0,1,La Liga,Raba
348,Josip Brekalo,Real Oviedo,14,482,0,0,0,La Liga,Josip Brekalo
349,Iván Balliu,Rayo Vallecano,14,572,0,0,0,La Liga,Ivan Balliu
350,Mihailo Ristic,Celta Vigo,5,266,0,0,0,La Liga,Mihailo Ristic
351,Antonio Sivera,Alaves,38,3420,0,0,0,La Liga,Antonio Sivera
352,Portu,Girona,10,463,0,0,0,La Liga,Portu
353,Unai Núñez,Valencia,13,927,0,0,0,La Liga,Unai Nunez
354,Djené Dakonam,Getafe,34,2601,0,0,0,La Liga,Djene Dakonam
355,Luiz Felipe,Rayo Vallecano,10,473,0,0,0,La Liga,Luiz Felipe
356,Marko Dmitrovic,Espanyol,37,3330,0,0,0,La Liga,Marko Dmitrovic
357,Ferland Mendy,Real Madrid,5,204,0,0,0,La Liga,Ferland Mendy
358,Johan Mojica,Mallorca,35,2723,0,0,4,La Liga,Johan Mojica
359,Diego Pampín,Levante,8,526,0,0,0,La Liga,Diego Pampin
360,Juan Foyth,Villarreal,13,946,0,0,0,La Liga,Juan Foyth
361,Marash Kumbulla,Mallorca,8,434,0,0,0,La Liga,Marash Kumbulla
362,Andoni Gorosabel,Athletic Club,24,1347,0,0,1,La Liga,Andoni Gorosabel
363,Júnior Firpo,Real Betis,12,846,0,0,1,La Liga,Junior Firpo
364,Sergio Gómez,Real Sociedad,35,2712,0,0,6,La Liga,Sergio Gomez
365,Fernando Calero,Espanyol,28,2159,0,0,0,La Liga,Fernando Calero
366,Lucas Torró,Osasuna,34,2362,0,0,1,La Liga,Lucas Torro
367,David Hancko,Atletico Madrid,30,2443,0,0,2,La Liga,David Hancko
368,Juan Musso,Atletico Madrid,8,720,0,0,0,La Liga,Juan Musso
369,Andriy Lunin,Real Madrid,6,540,0,0,0,La Liga,Andriy Lunin
370,Iñaki Peña,Elche,16,1440,0,0,0,La Liga,Inaki Pena
371,Bryan Gil Salvatierra,Girona,29,1607,0,0,3,La Liga,Bryan Gil Salvatierra
372,Yangel Herrera,"Girona,Real Sociedad",14,638,0,0,0,La Liga,Yangel Herrera
373,Javi Galán,"Atletico Madrid,Osasuna",25,1806,0,0,1,La Liga,Javi Galan
374,Alex Sola,Getafe,1,10,0,0,0,La Liga,Alex Sola
375,Giacomo Raspadori,Atletico Madrid,12,203,0,0,1,La Liga,Giacomo Raspadori
376,Andrei Ratiu,Rayo Vallecano,35,2791,0,0,4,La Liga,Andrei Ratiu
377,Iván Martín,Girona,35,2558,0,0,1,La Liga,Ivan Martin
378,Abel Ruiz,Girona,9,168,0,0,0,La Liga,Abel Ruiz
379,Leo Petrot,Elche,32,1572,0,0,0,La Liga,Leo Petrot
380,Moussa Diarra,Alaves,3,225,0,0,0,La Liga,Moussa Diarra
381,Carl Starfelt,Celta Vigo,19,1492,0,0,0,La Liga,Carl Starfelt
382,Joseph Aidoo,Celta Vigo,8,640,0,0,0,La Liga,Joseph Aidoo
383,Martin Valjent,Mallorca,37,3311,0,0,0,La Liga,Martin Valjent
384,Dani Rodríguez,Mallorca,2,56,0,0,0,La Liga,Dani Rodriguez
385,Jon Moncayola,Osasuna,36,3061,0,0,4,La Liga,Jon Moncayola
386,Sergio Herrera,Osasuna,37,3284,0,0,0,La Liga,Sergio Herrera
387,Sheraldo Becker,Osasuna,9,124,0,0,0,La Liga,Sheraldo Becker
388,Sofyan Amrabat,Real Betis,17,1297,0,0,0,La Liga,Sofyan Amrabat
389,Nianzou Kouassi,Sevilla,12,670,0,0,0,La Liga,Nianzou Kouassi
390,Abdón Prats,Mallorca,15,92,0,0,0,La Liga,Abdon Prats
391,Thierry Correia,Valencia,24,1386,0,0,2,La Liga,Thierry Correia
392,Daniel Cárdenas,Rayo Vallecano,4,360,0,0,0,La Liga,Daniel Cardenas
393,Logan Costa,Villarreal,2,21,0,0,0,La Liga,Logan Costa
394,Unai Vencedor,Levante,16,837,0,0,0,La Liga,Unai Vencedor
395,Juanlu Sanchez,Sevilla,32,2016,0,0,3,La Liga,Juanlu Sanchez
396,Javier López,Real Oviedo,26,1825,0,0,1,La Liga,Javier Lopez
397,Sergio Lozano,Levante,1,7,0,0,0,La Liga,Sergio Lozano
398,Jon Pacheco Dozagarat,Alaves,22,1737,0,0,0,La Liga,Jon Pacheco Dozagarat
399,Aimar Oroz,Osasuna,31,2175,0,0,2,La Liga,Aimar Oroz
400,Arnau Tenas,Villarreal,11,990,0,0,0,La Liga,Arnau Tenas
401,Raul Moro,Osasuna,14,628,0,0,2,La Liga,Raul Moro
402,Yvan Neyou,Getafe,5,49,0,0,0,La Liga,Yvan Neyou
403,Juan Cruz,Osasuna,15,644,0,0,0,La Liga,Juan Cruz
404,Arsen Zakharyan,Real Sociedad,17,424,0,0,0,La Liga,Arsen Zakharyan
405,Oriol Rey,Levante,20,1316,0,0,1,La Liga,Oriol Rey
406,Donny van de Beek,Girona,2,37,0,0,0,La Liga,Donny van de Beek
407,Urko Gonzalez,"Espanyol,Real Sociedad",36,2615,0,0,1,La Liga,Urko Gonzalez
408,Matteo Ruggeri,Atletico Madrid,26,1767,0,0,3,La Liga,Matteo Ruggeri
409,Josan,Elche,19,525,0,0,3,La Liga,Josan
410,José Salinas,Espanyol,11,232,0,0,0,La Liga,Jose Salinas
411,Mourad El Ghezouani,Elche,2,42,0,0,0,La Liga,Mourad El Ghezouani
412,Jairo Izquierdo,Elche,1,22,0,0,0,La Liga,Jairo Izquierdo
413,Yeremi Pino,Villarreal,2,165,0,0,1,La Liga,Yeremi Pino
414,Unai Marrero,Real Sociedad,1,90,0,0,0,La Liga,Unai Marrero
415,Jesús Vázquez,Valencia,24,936,0,0,0,La Liga,Jesus Vazquez
416,Abdelkabir Abqar,Getafe,23,1479,0,0,2,La Liga,Abdelkabir Abqar
417,Pablo Cuñat,Levante,2,180,0,0,0,La Liga,Pablo Cunat
418,Beñat Turrientes,Real Sociedad,27,1355,0,0,3,La Liga,Benat Turrientes
419,Beñat Prados,Athletic Club,2,87,0,0,0,La Liga,Benat Prados
420,Carlos Domínguez,Celta Vigo,8,602,0,0,0,La Liga,Carlos Dominguez
421,Hugo Sotelo,Celta Vigo,20,1350,0,0,2,La Liga,Hugo Sotelo
422,Jesús Areso,Athletic Club,26,1498,0,0,1,La Liga,Jesus Areso
423,Joan García,Barcelona,30,2700,0,0,0,La Liga,Joan Garcia
424,Matías Dituro,Elche,22,1980,0,0,0,La Liga,Matias Dituro
425,Gavi,Barcelona,11,578,0,0,1,La Liga,Gavi
426,Álex Balde,Barcelona,28,1910,0,0,2,La Liga,Alex Balde
427,Julen Agirrezabala,Valencia,18,1620,0,0,0,La Liga,Julen Agirrezabala
428,Leo Román,Mallorca,33,2970,0,0,0,La Liga,Leo Roman
429,Jon Karrikaburu,Real Sociedad,7,107,0,0,0,La Liga,Jon Karrikaburu
430,Antonio Sánchez,Mallorca,30,1016,0,0,0,La Liga,Antonio Sanchez
431,Rubén Sánchez,Espanyol,21,774,0,0,1,La Liga,Ruben Sanchez
432,Hugo Gonzalez,Celta Vigo,1,4,0,0,0,La Liga,Hugo Gonzalez
433,Carlos Martín,Rayo Vallecano,11,473,0,0,0,La Liga,Carlos Martin
434,César Tárrega,Valencia,32,2588,0,0,0,La Liga,Cesar Tarrega
435,Ilias Akhomach,"Rayo Vallecano,Villarreal",20,876,0,0,1,La Liga,Ilias Akhomach
436,Javi Llabrés,Mallorca,16,147,0,0,0,La Liga,Javi Llabres
437,Rubén Iranzo,Valencia,1,1,0,0,0,La Liga,Ruben Iranzo
438,Zito,Mallorca,10,511,0,0,2,La Liga,Zito
439,Ugo Raghouber,Levante,16,705,0,0,0,La Liga,Ugo Raghouber
440,Abu Kamara,Getafe,12,210,0,0,0,La Liga,Abu Kamara
441,Damián Rodríguez,Celta Vigo,2,155,0,0,0,La Liga,Damian Rodriguez
442,Luca Koleosho,Espanyol,3,48,0,0,0,La Liga,Luca Koleosho
443,Jorge Herrando,Osasuna,28,1597,0,0,1,La Liga,Jorge Herrando
444,Ángel Fortuño,Espanyol,1,90,0,0,0,La Liga,Angel Fortuno
445,Omar El Hilali,Espanyol,36,2853,0,0,2,La Liga,Omar El Hilali
446,Copete,Valencia,21,1767,0,0,0,La Liga,Copete
447,André Almeida,Valencia,22,1007,0,0,2,La Liga,Andre Almeida
448,Veljko Birmancevic,Getafe,6,129,0,0,0,La Liga,Veljko Birmancevic
449,Abdul Mumin,Rayo Vallecano,3,77,0,0,0,La Liga,Abdul Mumin
450,Marc Casadó,Barcelona,24,957,0,0,1,La Liga,Marc Casado
451,Pablo Marín,Real Sociedad,34,1491,0,0,1,La Liga,Pablo Marin
452,Manu Bueno,Sevilla,8,256,0,0,0,La Liga,Manu Bueno
453,Cyril Ngonge,Espanyol,9,441,0,0,2,La Liga,Cyril Ngonge
454,Gabriel Suazo,Sevilla,29,2107,0,0,2,La Liga,Gabriel Suazo
455,Dawda Camara,Girona,2,73,0,0,0,La Liga,Dawda Camara
456,Renato Veiga,Villarreal,33,2553,0,0,0,La Liga,Renato Veiga
457,Iker Muñoz,Osasuna,19,928,0,0,0,La Liga,Iker Munoz
458,Haissem Hassan,Real Oviedo,38,1937,0,0,3,La Liga,Haissem Hassan
459,Justin-Noel Kalumba,Mallorca,3,81,0,0,0,La Liga,Justin-Noel Kalumba
460,Yago Alonso,Elche,9,275,0,0,0,La Liga,Yago Alonso
461,Federico Gattoni,Sevilla,1,5,0,0,0,La Liga,Federico Gattoni
462,Álvaro Vallés,Real Betis,28,2520,0,0,0,La Liga,Alvaro Valles
463,Lucas Bergström,Mallorca,5,450,0,0,0,La Liga,Lucas Bergstrom
464,Carlos Benavídez,Alaves,13,311,0,0,0,La Liga,Carlos Benavidez
465,Adrià Alti,Villarreal,1,7,0,0,0,La Liga,Adria Alti
466,Natan,Real Betis,33,2820,0,0,0,La Liga,Natan
467,Clemens Riedel,Espanyol,20,1405,0,0,1,La Liga,Clemens Riedel
468,Dani Pérez,Real Betis,1,1,0,0,0,La Liga,Dani Perez
469,Jhon Solis,Girona,12,362,0,0,0,La Liga,Jhon Solis
470,David López,Mallorca,14,827,0,0,0,La Liga,David Lopez
471,Javier Rodríguez,Celta Vigo,33,2568,0,0,1,La Liga,Javier Rodriguez
472,Victor Parada,Alaves,30,2159,0,0,3,La Liga,Victor Parada
473,Álex Padilla,Athletic Club,1,90,0,0,0,La Liga,Alex Padilla
474,Rayane Belaid,Atletico Madrid,2,140,0,0,0,La Liga,Rayane Belaid
475,Willy Kambwala,Villarreal,2,85,0,0,0,La Liga,Willy Kambwala
476,Augusto Batalla,Rayo Vallecano,34,3060,0,0,0,La Liga,Augusto Batalla
477,Johnny Cardoso,Atletico Madrid,15,905,0,0,0,La Liga,Johnny Cardoso
478,Iñaki Rupérez,Real Sociedad,1,1,0,0,0,La Liga,Inaki Ruperez
479,Horatiu Moldovan,Real Oviedo,2,180,0,0,0,La Liga,Horatiu Moldovan
480,Stanis Idumbo Muzambo,Sevilla,1,48,0,0,0,La Liga,Stanis Idumbo Muzambo
481,Iñigo Arguibide,Osasuna,6,187,0,0,0,La Liga,Inigo Arguibide
482,Yoel Lago,Celta Vigo,12,966,0,0,0,La Liga,Yoel Lago
483,Ladislav Krejcí,Girona,2,180,0,0,0,La Liga,Ladislav Krejci
484,Alejandro Francés,Girona,24,1077,0,0,2,La Liga,Alejandro Frances
485,Adama Boiro,Athletic Club,14,810,0,0,0,La Liga,Adama Boiro
486,Gerard Martín,Barcelona,32,2145,0,0,0,La Liga,Gerard Martin
487,Pedro Díaz,Rayo Vallecano,34,1868,0,0,1,La Liga,Pedro Diaz
488,Pelayo Fernández,Rayo Vallecano,1,37,0,0,0,La Liga,Pelayo Fernandez
489,Buba Sangaré,Elche,12,556,0,0,0,La Liga,Buba Sangare
490,Marc Domenech,Mallorca,7,198,0,0,1,La Liga,Marc Domenech
491,Endrick,Real Madrid,1,5,0,0,0,La Liga,Endrick
492,Antoniu Roca,Espanyol,13,262,0,0,0,La Liga,Antoniu Roca
493,Pau Navarro,Villarreal,24,2034,0,0,0,La Liga,Pau Navarro
494,Luiz Júnior,Villarreal,28,2520,0,0,0,La Liga,Luiz Junior
495,Jan Salas,Mallorca,2,6,0,0,0,La Liga,Jan Salas
496,Bojan Miovski,Girona,1,44,0,0,0,La Liga,Bojan Miovski
497,Yáser Asprilla,Girona,15,601,0,0,0,La Liga,Yaser Asprilla
498,Pau Cabanes De La Torre,Villarreal,1,10,0,0,0,La Liga,Pau Cabanes De La Torre
499,Coba da Costa,Getafe,14,318,0,0,0,La Liga,Coba da Costa
500,Matías Moreno,Levante,28,2265,0,0,0,La Liga,Matias Moreno
501,Toni Fernández,Barcelona,1,48,0,0,0,La Liga,Toni Fernandez
502,David Jiménez,Real Madrid,2,78,0,0,0,La Liga,David Jimenez
503,Ramón Martínez,Sevilla,2,99,0,0,0,La Liga,Ramon Martinez
504,Álvaro Cortés,Barcelona,1,90,0,0,0,La Liga,Alvaro Cortes
505,Alassane Diatta,Villarreal,1,19,0,0,0,La Liga,Alassane Diatta
506,Diego Aguado,Real Madrid,1,24,0,0,0,La Liga,Diego Aguado
507,Daniel Yáñez,Real Madrid,2,40,0,0,1,La Liga,Daniel Yanez
508,Arkaitz Mariezkurrena,Real Sociedad,1,1,0,0,0,La Liga,Arkaitz Mariezkurrena
509,Youssef Lekhedim,Alaves,25,1332,0,0,1,La Liga,Youssef Lekhedim
510,Facundo Garcés,Alaves,10,786,0,0,0,La Liga,Facundo Garces
511,Ismael Bekhoucha,Getafe,4,106,0,0,1,La Liga,Ismael Bekhoucha
512,Ángel Ortiz,Real Betis,13,584,0,0,0,La Liga,Angel Ortiz
513,Pablo García,Real Betis,15,346,0,0,0,La Liga,Pablo Garcia
514,Vladyslav Krapyvtsov,Girona,2,136,0,0,0,La Liga,Vladyslav Krapyvtsov
515,Luken Beitia,Real Sociedad,2,91,0,0,0,La Liga,Luken Beitia
516,Valde,Real Madrid,1,81,0,0,0,La Liga,Valde
517,Daniel Díaz,Real Sociedad,1,13,0,0,0,La Liga,Daniel Diaz
518,Mikel Goti,Real Sociedad,4,64,0,0,0,La Liga,Mikel Goti
519,Hugo Solozabal,Getafe,1,4,0,0,0,La Liga,Hugo Solozabal
520,Lander Pinillos,Alaves,1,1,0,0,0,La Liga,Lander Pinillos
521,Jozhua Vertrouwd,Rayo Vallecano,9,433,0,0,0,La Liga,Jozhua Vertrouwd
522,Samu Becerra,Rayo Vallecano,3,9,0,0,0,La Liga,Samu Becerra
523,Oier Luengo,Real Oviedo,3,228,0,0,1,La Liga,Oier Luengo
524,Rahim Alhassane,Real Oviedo,28,1689,0,0,0,La Liga,Rahim Alhassane
525,Kwasi Sibo,Real Oviedo,27,1782,0,0,0,La Liga,Kwasi Sibo
526,Borja Sánchez,Real Oviedo,1,9,0,0,0,La Liga,Borja Sanchez
527,Marco Esteban,Real Oviedo,1,40,0,0,0,La Liga,Marco Esteban
528,Omar Falah,Real Oviedo,1,9,0,0,0,La Liga,Omar Falah
529,Jofre Torrents,Barcelona,3,33,0,0,0,La Liga,Jofre Torrents
530,Dro Fernández,Barcelona,4,83,0,0,0,La Liga,Dro Fernandez
531,Filip Ugrinic,Valencia,27,1515,0,0,3,La Liga,Filip Ugrinic
532,Calebe,Alaves,19,767,0,0,0,La Liga,Calebe
533,Jorge Cabello,Levante,5,367,0,0,0,La Liga,Jorge Cabello
534,Paco Cortés,Levante,12,456,0,0,0,La Liga,Paco Cortes
535,Nacho Pérez,Levante,3,147,0,0,0,La Liga,Nacho Perez
536,Manuel Fernández,Celta Vigo,14,768,0,0,0,La Liga,Manuel Fernandez
537,Davinchi,Getafe,14,688,0,0,0,La Liga,Davinchi
538,Joselu Pérez,Getafe,2,16,0,0,0,La Liga,Joselu Perez
539,Miguel Sierra,Sevilla,4,50,0,0,0,La Liga,Miguel Sierra
540,Álvaro Núñez,"Celta Vigo,Elche",25,2006,0,0,2,La Liga,Alvaro Nunez
541,Ali Houary,Elche,2,133,0,0,0,La Liga,Ali Houary
542,Federico Redondo,Elche,11,158,0,0,0,La Liga,Federico Redondo
543,Bambo Diaby,Elche,4,98,0,0,0,La Liga,Bambo Diaby
544,Thiago Pitarch,Real Madrid,10,615,0,0,2,La Liga,Thiago Pitarch
545,Iván Corralejo,Real Betis,1,11,0,0,0,La Liga,Ivan Corralejo
546,Jano Monserrate,Atletico Madrid,2,14,0,0,0,La Liga,Jano Monserrate
547,Santiago Colombatto,Real Oviedo,33,2157,0,0,1,La Liga,Santiago Colombatto
548,Álex Forés,Real Oviedo,18,331,0,0,1,La Liga,Alex Fores
549,Hugo Lopez,Villarreal,2,57,0,0,0,La Liga,Hugo Lopez
550,Nelson Deossa,Real Betis,20,725,0,0,0,La Liga,Nelson Deossa
551,Fábio Cardoso,Sevilla,4,309,0,0,0,La Liga,Fabio Cardoso
552,Lucas Ahijado,Real Oviedo,20,1086,0,0,1,La Liga,Lucas Ahijado
553,Taufik Seidu,Atletico Madrid,1,15,0,0,0,La Liga,Taufik Seidu
554,Alex Sancris,Getafe,18,693,0,0,1,La Liga,Alex Sancris
555,Lancinet Kourouma,Girona,5,23,0,0,0,La Liga,Lancinet Kourouma
556,Javier Olaizola,Mallorca,2,44,0,0,0,La Liga,Javier Olaizola
557,Diego Morcillo,Alaves,1,8,0,0,0,La Liga,Diego Morcillo
558,Carlos Ballestero,Alaves,1,1,0,0,0,La Liga,Carlos Ballestero
559,Xavi Espart,Barcelona,4,157,0,0,0,La Liga,Xavi Espart
560,Selton Sánchez,Athletic Club,7,191,0,0,1,La Liga,Selton Sanchez
561,Pablo Agudín,Real Oviedo,8,60,0,0,0,La Liga,Pablo Agudin
562,Asier Hierro,Athletic Club,1,30,0,0,0,La Liga,Asier Hierro
563,Jorge Montes,Getafe,1,24,0,0,0,La Liga,Jorge Montes
564,Tomás Marqués,Barcelona,2,5,0,0,0,La Liga,Tomas Marques
565,Gorka Carrera,Real Sociedad,3,49,0,0,0,La Liga,Gorka Carrera
566,Eder García,Athletic Club,2,30,0,0,0,La Liga,Eder Garcia
567,Carlos Macià,Villarreal,5,65,0,0,0,La Liga,Carlos Macia
568,Aitor Mañas,Alaves,9,105,0,0,0,La Liga,Aitor Manas
569,Aleksa Puric,Atletico Madrid,2,40,0,0,0,La Liga,Aleksa Puric
570,Juan Arango,Girona,2,14,0,0,0,La Liga,Juan Arango
571,Dani Martinez,Atletico Madrid,1,90,0,0,0,La Liga,Dani Martinez
572,Jorge Cestero,Real Madrid,2,8,0,0,0,La Liga,Jorge Cestero
573,Kareem Tunde,Levante,21,1183,0,0,1,La Liga,Kareem Tunde
574,Lander Astiazarán,Real Sociedad,1,1,0,0,0,La Liga,Lander Astiazaran
575,Alejandro Mestanza,Getafe,3,68,0,0,0,La Liga,Alejandro Mestanza
576,Nicolás Fonseca,Real Oviedo,19,1028,0,0,0,La Liga,Nicolas Fonseca
577,Ibai Aguirre,Real Sociedad,1,4,0,0,0,La Liga,Ibai Aguirre
578,Julio Díaz,Atletico Madrid,4,322,0,0,1,La Liga,Julio Diaz
579,Thiago Borbas,Real Oviedo,12,140,0,0,0,La Liga,Thiago Borbas
580,César Palacios,Real Madrid,5,68,0,0,0,La Liga,Cesar Palacios
581,Álvaro Leiva,Real Madrid,1,2,0,0,0,La Liga,Alvaro Leiva
582,Hugo Burcio,Celta Vigo,1,4,0,0,0,La Liga,Hugo Burcio
583,Job Ochieng,Real Sociedad,2,92,0,0,0,La Liga,Job Ochieng
584,Álex Sánchez,Elche,1,5,0,0,1,La Liga,Alex Sanchez
585,Sebastián Boselli,Getafe,11,356,0,0,0,La Liga,Sebastian Boselli
586,Thiago Fernández,Real Oviedo,17,919,0,0,4,La Liga,Thiago Fernandez
587,Alexander Freeman,Villarreal,10,332,0,0,0,La Liga,Alexander Freeman
588,Tai Abed,Levante,7,68,0,0,0,La Liga,Tai Abed
589,Wesley,Real Sociedad,5,74,0,0,0,La Liga,Wesley
590,Obed Vargas,Atletico Madrid,12,742,0,0,1,La Liga,Obed Vargas
591,Andrés Antañón,Celta Vigo,2,64,0,0,0,La Liga,Andres Antanon
592,Manuel Ángel,Real Madrid,4,86,0,0,0,La Liga,Manuel Angel
593,Renzo Saravia,Valencia,5,358,0,0,0,La Liga,Renzo Saravia
594,Ville Koski,Alaves,5,281,0,0,0,La Liga,Ville Koski
595,Javier Morcillo,Atletico Madrid,5,152,0,0,0,La Liga,Javier Morcillo
596,Lluc Castell,Espanyol,1,15,0,0,0,La Liga,Lluc Castell
597,Damián Cáceres,Getafe,3,150,0,0,0,La Liga,Damian Caceres
598,Miguel Calatayud,Mallorca,2,34,0,0,0,La Liga,Miguel Calatayud
599,Luis Orejuela,Mallorca,1,90,0,0,0,La Liga,Luis Orejuela
600,Manuel Serrano,Real Madrid,1,3,0,0,0,La Liga,Manuel Serrano
1,Harry Kane,Bayern Munich,31,2385,36,26,5,Bundesliga,Harry Kane
2,Deniz Undav,VfB Stuttgart,29,2261,19,19,6,Bundesliga,Deniz Undav
3,Serhou Guirassy,Borussia Dortmund,33,2366,17,16,1,Bundesliga,Serhou Guirassy
4,Patrik Schick,Bayer Leverkusen,28,2005,16,12,3,Bundesliga,Patrik Schick
5,Michael Olise,Bayern Munich,32,2308,15,15,19,Bundesliga,Michael Olise
6,Luis Díaz,Bayern Munich,32,2464,15,15,14,Bundesliga,Luis Diaz
7,Andrej Kramaric,Hoffenheim,34,2256,14,9,6,Bundesliga,Andrej Kramaric
8,Jonathan Burkardt,Eintracht Frankfurt,22,1351,13,9,1,Bundesliga,Jonathan Burkardt
9,Christoph Baumgartner,RasenBallsport Leipzig,33,2811,13,13,8,Bundesliga,Christoph Baumgartner
10,Haris Tabakovic,Borussia M.Gladbach,32,2424,13,13,2,Bundesliga,Haris Tabakovic
11,Said El Mala,FC Cologne,34,1965,13,12,4,Bundesliga,Said El Mala
12,Nadiem Amiri,Mainz 05,26,2112,12,4,2,Bundesliga,Nadiem Amiri
13,Ermedin Demirovic,VfB Stuttgart,25,1507,12,11,3,Bundesliga,Ermedin Demirovic
14,Yan Diomande,RasenBallsport Leipzig,33,2507,12,12,8,Bundesliga,Yan Diomande
15,Igor Matanovic,Freiburg,31,1536,11,10,2,Bundesliga,Igor Matanovic
16,Fisnik Asllani,Hoffenheim,33,2429,10,10,7,Bundesliga,Fisnik Asllani
17,Jens Stage,Werder Bremen,29,2489,10,10,2,Bundesliga,Jens Stage
18,Maximilian Beier,Borussia Dortmund,32,2069,9,9,6,Bundesliga,Maximilian Beier
19,Rômulo,RasenBallsport Leipzig,30,2246,9,9,4,Bundesliga,Romulo
20,Serge Gnabry,Bayern Munich,21,1280,8,8,6,Bundesliga,Serge Gnabry
21,Tim Lemperle,Hoffenheim,29,2008,8,7,2,Bundesliga,Tim Lemperle
22,Nicolas Jackson,Bayern Munich,23,991,8,8,1,Bundesliga,Nicolas Jackson
23,Dzenan Pejcinovic,Wolfsburg,30,1445,8,8,0,Bundesliga,Dzenan Pejcinovic
24,Álex Grimaldo,Bayer Leverkusen,29,2539,8,5,7,Bundesliga,Alex Grimaldo
25,Can Uzun,Eintracht Frankfurt,21,1178,8,7,4,Bundesliga,Can Uzun
26,Mohammed Amoura,Wolfsburg,30,1949,8,7,3,Bundesliga,Mohammed Amoura
27,Julian Brandt,Borussia Dortmund,29,1601,7,7,4,Bundesliga,Julian Brandt
28,Grischa Prömel,Hoffenheim,33,1696,7,7,2,Bundesliga,Grischa Promel
29,Vincenzo Grifo,Freiburg,33,1733,7,3,4,Bundesliga,Vincenzo Grifo
30,Chris Führich,VfB Stuttgart,33,1727,7,7,7,Bundesliga,Chris Fuhrich
31,Ragnar Ache,FC Cologne,29,1739,7,7,4,Bundesliga,Ragnar Ache
32,Jamie Leweling,VfB Stuttgart,32,2385,7,7,9,Bundesliga,Jamie Leweling
33,Jakub Kaminski,FC Cologne,34,3031,7,7,3,Bundesliga,Jakub Kaminski
34,Karim Adeyemi,Borussia Dortmund,28,1218,7,7,4,Bundesliga,Karim Adeyemi
35,Fábio Vieira,Hamburger SV,29,2241,7,6,5,Bundesliga,Fabio Vieira
36,Michael Gregoritsch,Augsburg,17,926,6,5,2,Bundesliga,Michael Gregoritsch
37,Maximilian Mittelstädt,VfB Stuttgart,32,2200,6,2,4,Bundesliga,Maximilian Mittelstadt
38,Oliver Burke,Union Berlin,29,1699,6,6,2,Bundesliga,Oliver Burke
39,Arnaud Kalimuendo Muinga,Eintracht Frankfurt,19,1431,6,6,1,Bundesliga,Arnaud Kalimuendo Muinga
40,Malik Tillman,Bayer Leverkusen,29,1681,6,6,1,Bundesliga,Malik Tillman
41,Anton Kade,Augsburg,28,1740,6,6,0,Bundesliga,Anton Kade
42,Phillip Tietz,"Augsburg,Mainz 05",29,1811,6,6,2,Bundesliga,Phillip Tietz
43,Fabian Rieder,Augsburg,32,2387,6,4,3,Bundesliga,Fabian Rieder
44,Budu Zivzivadze,FC Heidenheim,20,1148,6,6,0,Bundesliga,Budu Zivzivadze
45,Luka Vuskovic,Hamburger SV,28,2440,6,5,0,Bundesliga,Luka Vuskovic
46,Gian-Luca Waldschmidt,FC Cologne,24,633,5,3,5,Bundesliga,Gian-Luca Waldschmidt
47,Leon Goretzka,Bayern Munich,31,2004,5,5,3,Bundesliga,Leon Goretzka
48,Kevin Diks,Borussia M.Gladbach,30,2472,5,1,0,Bundesliga,Kevin Diks
49,Ramy Bensebaini,Borussia Dortmund,21,1524,5,3,2,Bundesliga,Ramy Bensebaini
50,Raphael Guerreiro,Bayern Munich,18,779,5,5,2,Bundesliga,Raphael Guerreiro
51,Rani Khedira,Union Berlin,32,2854,5,5,1,Bundesliga,Rani Khedira
52,Alexis Claude Maurice,Augsburg,29,2135,5,4,4,Bundesliga,Alexis Claude Maurice
53,Nico Schlotterbeck,Borussia Dortmund,28,2520,5,5,1,Bundesliga,Nico Schlotterbeck
54,Rayan Philippe,Hamburger SV,28,1272,5,5,0,Bundesliga,Rayan Philippe
55,Marius Bülter,FC Cologne,32,1578,5,5,4,Bundesliga,Marius Bulter
56,Edmond Tapsoba,Bayer Leverkusen,29,2579,5,5,3,Bundesliga,Edmond Tapsoba
57,Ritsu Doan,Eintracht Frankfurt,31,2425,5,5,5,Bundesliga,Ritsu Doan
58,Paul Nebel,Mainz 05,30,2087,5,5,2,Bundesliga,Paul Nebel
59,Albert Sambi Lokonga,Hamburger SV,26,1724,5,5,0,Bundesliga,Albert Sambi Lokonga
60,Tiago Tomás,VfB Stuttgart,27,996,5,5,3,Bundesliga,Tiago Tomas
61,Justin Njinmah,Werder Bremen,33,1963,5,5,0,Bundesliga,Justin Njinmah
62,Danilho Doekhi,Union Berlin,34,3060,5,5,0,Bundesliga,Danilho Doekhi
63,Derry Scherhant,Freiburg,31,1253,5,5,1,Bundesliga,Derry Scherhant
64,Stefan Schimmer,FC Heidenheim,27,737,5,5,1,Bundesliga,Stefan Schimmer
65,Andrej Ilic,Union Berlin,32,2238,5,5,9,Bundesliga,Andrej Ilic
66,Danel Sinani,St. Pauli,30,2080,5,2,3,Bundesliga,Danel Sinani
67,Johan Manzambi,Freiburg,27,2145,5,5,4,Bundesliga,Johan Manzambi
68,Bazoumana Touré,Hoffenheim,30,2379,5,5,9,Bundesliga,Bazoumana Toure
69,Lennart Karl,Bayern Munich,26,1268,5,5,5,Bundesliga,Lennart Karl
70,Christian Kofane,Bayer Leverkusen,29,1231,5,5,4,Bundesliga,Christian Kofane
71,Ernest Poku,Bayer Leverkusen,29,1471,5,5,5,Bundesliga,Ernest Poku
72,Ilyas Ansah,Union Berlin,33,1960,5,5,1,Bundesliga,Ilyas Ansah
73,Ransford Königsdörffer,Hamburger SV,33,2425,5,5,0,Bundesliga,Ransford Konigsdorffer
74,Martin Terrier,Bayer Leverkusen,18,667,4,4,1,Bundesliga,Martin Terrier
75,Nikolas Nartey,VfB Stuttgart,28,1255,4,4,3,Bundesliga,Nikolas Nartey
76,Woo-Yeong Jeong,Union Berlin,28,1182,4,4,1,Bundesliga,Woo-Yeong Jeong
77,Ozan Kabak,Hoffenheim,25,1731,4,4,0,Bundesliga,Ozan Kabak
78,Ansgar Knauff,Eintracht Frankfurt,28,1302,4,4,1,Bundesliga,Ansgar Knauff
79,Romano Schmid,Werder Bremen,34,3004,4,1,8,Bundesliga,Romano Schmid
80,Patrick Wimmer,Wolfsburg,25,1678,4,4,3,Bundesliga,Patrick Wimmer
81,Jae-Sung Lee,Mainz 05,28,2229,4,4,2,Bundesliga,Jae-Sung Lee
82,Yuito Suzuki,Freiburg,25,1645,4,4,2,Bundesliga,Yuito Suzuki
83,Marvin Pieringer,FC Heidenheim,27,1689,4,3,1,Bundesliga,Marvin Pieringer
84,Antonio Nusa,RasenBallsport Leipzig,31,2048,4,4,3,Bundesliga,Antonio Nusa
85,Bilal El Khannouss,VfB Stuttgart,25,1654,4,4,5,Bundesliga,Bilal El Khannouss
86,Konstantinos Koulierakis,Wolfsburg,29,2476,4,4,1,Bundesliga,Konstantinos Koulierakis
87,Nathaniel Brown,Eintracht Frankfurt,33,2668,4,4,4,Bundesliga,Nathaniel Brown
88,Assan Ouédraogo,RasenBallsport Leipzig,19,970,4,4,3,Bundesliga,Assan Ouedraogo
89,Wouter Burger,Hoffenheim,30,2486,4,4,5,Bundesliga,Wouter Burger
90,Andréas Hountondji,St. Pauli,21,1092,4,4,0,Bundesliga,Andreas Hountondji
91,Maximilian Eggestein,Freiburg,34,3060,3,3,1,Bundesliga,Maximilian Eggestein
92,Matthias Ginter,Freiburg,32,2845,3,3,3,Bundesliga,Matthias Ginter
93,Emre Can,Borussia Dortmund,9,627,3,0,0,Bundesliga,Emre Can
94,Christian Eriksen,Wolfsburg,31,2446,3,0,9,Bundesliga,Christian Eriksen
95,Aleix García,Bayer Leverkusen,33,2708,3,3,7,Bundesliga,Aleix Garcia
96,Jean-Luc Dompe,Hamburger SV,20,1132,3,2,0,Bundesliga,Jean-Luc Dompe
97,Konrad Laimer,Bayern Munich,29,1997,3,3,9,Bundesliga,Konrad Laimer
98,Robin Koch,Eintracht Frankfurt,32,2840,3,3,1,Bundesliga,Robin Koch
99,Lucas Höler,Freiburg,33,2070,3,3,1,Bundesliga,Lucas Holer
100,Mattias Svanberg,Wolfsburg,24,814,3,3,1,Bundesliga,Mattias Svanberg
101,Xaver Schlager,RasenBallsport Leipzig,26,1844,3,3,1,Bundesliga,Xaver Schlager
102,Sheraldo Becker,Mainz 05,14,975,3,3,3,Bundesliga,Sheraldo Becker
103,Jan Thielmann,FC Cologne,26,1582,3,3,1,Bundesliga,Jan Thielmann
104,Jamal Musiala,Bayern Munich,15,666,3,2,4,Bundesliga,Jamal Musiala
105,Eren Sami Dinkci,"FC Heidenheim,Freiburg",22,1401,3,3,1,Bundesliga,Eren Sami Dinkci
106,Robert Glatzel,Hamburger SV,19,594,3,2,2,Bundesliga,Robert Glatzel
107,David Raum,RasenBallsport Leipzig,30,2570,3,2,7,Bundesliga,David Raum
108,Jarell Quansah,Bayer Leverkusen,28,2303,3,3,0,Bundesliga,Jarell Quansah
109,Tom Bischof,Bayern Munich,26,1282,3,3,3,Bundesliga,Tom Bischof
110,Jean Négoce,Eintracht Frankfurt,27,1322,3,3,4,Bundesliga,Jean Negoce
111,Brajan Gruda,RasenBallsport Leipzig,13,760,3,3,3,Bundesliga,Brajan Gruda
112,Ibrahim Maza,Bayer Leverkusen,28,1845,3,3,4,Bundesliga,Ibrahim Maza
113,Aleksandar Pavlovic,Bayern Munich,24,1451,3,3,1,Bundesliga,Aleksandar Pavlovic
114,Jovan Milosevic,Werder Bremen,13,476,3,3,1,Bundesliga,Jovan Milosevic
115,Jan Schöppner,FC Heidenheim,31,2286,3,3,3,Bundesliga,Jan Schoppner
116,Samuel Mbangula,Werder Bremen,26,1160,3,3,2,Bundesliga,Samuel Mbangula
117,Leopold Querfeld,Union Berlin,31,2701,3,1,0,Bundesliga,Leopold Querfeld
118,Marco Grüll,Werder Bremen,33,2039,3,3,1,Bundesliga,Marco Grull
119,Alexander Prass,Hoffenheim,32,1269,3,3,2,Bundesliga,Alexander Prass
120,Shuto Machino,Borussia M.Gladbach,32,1046,3,3,1,Bundesliga,Shuto Machino
121,Chema Andres,VfB Stuttgart,25,1299,3,3,0,Bundesliga,Chema Andres
122,Abdoulie Ceesay,St. Pauli,20,282,3,3,0,Bundesliga,Abdoulie Ceesay
123,Julian Niehues,FC Heidenheim,24,1416,3,3,0,Bundesliga,Julian Niehues
124,Robin Fellhauer,Augsburg,34,2829,3,3,2,Bundesliga,Robin Fellhauer
125,Jens Castrop,Borussia M.Gladbach,26,1613,3,3,1,Bundesliga,Jens Castrop
126,Martijn Kaars,St. Pauli,29,1331,3,2,1,Bundesliga,Martijn Kaars
127,Conrad Harder,RasenBallsport Leipzig,29,886,3,3,3,Bundesliga,Conrad Harder
128,Stefan Bell,Mainz 05,18,1044,2,2,1,Bundesliga,Stefan Bell
129,Waldemar Anton,Borussia Dortmund,32,2880,2,2,0,Bundesliga,Waldemar Anton
130,Jonathan Tah,Bayern Munich,28,2031,2,2,1,Bundesliga,Jonathan Tah
131,Mahmoud Dahoud,Eintracht Frankfurt,15,722,2,2,3,Bundesliga,Mahmoud Dahoud
132,Joshua Kimmich,Bayern Munich,29,2268,2,2,8,Bundesliga,Joshua Kimmich
133,Danny da Costa,Mainz 05,34,2689,2,2,3,Bundesliga,Danny da Costa
134,Dominik Kohr,Mainz 05,29,2366,2,2,0,Bundesliga,Dominik Kohr
135,Jonas Hofmann,Bayer Leverkusen,23,997,2,2,2,Bundesliga,Jonas Hofmann
136,Silvan Widmer,Mainz 05,27,1855,2,2,1,Bundesliga,Silvan Widmer
137,Franck Honorat,Borussia M.Gladbach,28,2021,2,2,6,Bundesliga,Franck Honorat
138,Willi Orban,RasenBallsport Leipzig,33,2952,2,2,0,Bundesliga,Willi Orban
139,Lukas Kübler,Freiburg,23,1616,2,2,2,Bundesliga,Lukas Kubler
140,Hauke Wahl,St. Pauli,30,2591,2,2,1,Bundesliga,Hauke Wahl
141,Elvis Rexhbecaj,Augsburg,26,1098,2,2,0,Bundesliga,Elvis Rexhbecaj
142,Linton Maina,FC Cologne,24,1007,2,2,0,Bundesliga,Linton Maina
143,Bote Baku,RasenBallsport Leipzig,32,2538,2,2,3,Bundesliga,Bote Baku
144,Han-Noah Massengo,Augsburg,33,2455,2,2,1,Bundesliga,Han-Noah Massengo
145,Andras Schafer,Union Berlin,28,1420,2,2,1,Bundesliga,Andras Schafer
146,Pereira Lage,St. Pauli,28,2067,2,2,2,Bundesliga,Pereira Lage
147,Robert Andrich,Bayer Leverkusen,32,2550,2,2,0,Bundesliga,Robert Andrich
148,Fabio Silva,Borussia Dortmund,28,784,2,2,6,Bundesliga,Fabio Silva
149,Eric Martel,FC Cologne,31,2579,2,2,2,Bundesliga,Eric Martel
150,Felix Nmecha,Borussia Dortmund,29,2208,2,2,3,Bundesliga,Felix Nmecha
151,Armindo Sieb,Mainz 05,22,497,2,2,0,Bundesliga,Armindo Sieb
152,Carney Chukwuemeka,Borussia Dortmund,28,869,2,2,0,Bundesliga,Carney Chukwuemeka
153,Josip Stanisic,Bayern Munich,26,1842,2,2,3,Bundesliga,Josip Stanisic
154,Joe Scally,Borussia M.Gladbach,32,2615,2,2,3,Bundesliga,Joe Scally
155,Angelo Stiller,VfB Stuttgart,34,2752,2,2,5,Bundesliga,Angelo Stiller
156,Dimitris Giannoulis,Augsburg,27,1957,2,2,5,Bundesliga,Dimitris Giannoulis
157,Lovro Majer,Wolfsburg,28,1390,2,2,3,Bundesliga,Lovro Majer
158,Kristijan Jakic,Augsburg,26,1655,2,2,1,Bundesliga,Kristijan Jakic
159,Arijon Ibrahimovic,FC Heidenheim,32,2196,2,1,4,Bundesliga,Arijon Ibrahimovic
160,Yannick Engelhardt,Borussia M.Gladbach,31,2506,2,2,2,Bundesliga,Yannick Engelhardt
161,Tom Rothe,Union Berlin,21,1018,2,2,0,Bundesliga,Tom Rothe
162,Rasmus Kristensen,Eintracht Frankfurt,22,1555,2,2,0,Bundesliga,Rasmus Kristensen
163,Farès Chaïbi,Eintracht Frankfurt,28,1822,2,2,9,Bundesliga,Fares Chaibi
164,Aaron Zehnter,Wolfsburg,20,1467,2,2,0,Bundesliga,Aaron Zehnter
165,Yan Couto,Borussia Dortmund,19,989,2,2,2,Bundesliga,Yan Couto
166,Mert Kömür,Augsburg,28,1455,2,2,4,Bundesliga,Mert Komur
167,Patrick Mainka,FC Heidenheim,34,3060,2,2,2,Bundesliga,Patrick Mainka
168,Hugo Larsson,Eintracht Frankfurt,25,1839,2,2,2,Bundesliga,Hugo Larsson
169,Mathias Honsak,FC Heidenheim,27,1263,2,2,1,Bundesliga,Mathias Honsak
170,Jan-Niklas Beste,Freiburg,28,1721,2,2,2,Bundesliga,Jan-Niklas Beste
171,Rodrigo Ribeiro,Augsburg,14,629,2,2,0,Bundesliga,Rodrigo Ribeiro
172,Max Moerstedt,Hoffenheim,22,334,2,2,0,Bundesliga,Max Moerstedt
173,Philipp Sander,Borussia M.Gladbach,30,2475,2,2,0,Bundesliga,Philipp Sander
174,Eric Smith,St. Pauli,27,2313,2,2,2,Bundesliga,Eric Smith
175,Luca Kerber,FC Heidenheim,18,670,2,2,0,Bundesliga,Luca Kerber
176,Sirlord Conteh,FC Heidenheim,15,585,2,2,1,Bundesliga,Sirlord Conteh
177,Arthur Chaves,"Augsburg,Hoffenheim",15,1062,2,2,0,Bundesliga,Arthur Chaves
178,Daniel Svensson,Borussia Dortmund,33,2454,2,2,2,Bundesliga,Daniel Svensson
179,Marin Ljubicic,Union Berlin,2,11,2,2,0,Bundesliga,Marin Ljubicic
180,Johan Bakayoko,RasenBallsport Leipzig,20,764,2,2,0,Bundesliga,Johan Bakayoko
181,Ísak Bergmann Jóhannesson,FC Cologne,31,1830,2,2,2,Bundesliga,Isak Bergmann Johannesson
182,Adam Daghim,Wolfsburg,27,1328,2,2,3,Bundesliga,Adam Daghim
183,Wael Mohya,Borussia M.Gladbach,15,533,2,2,1,Bundesliga,Wael Mohya
184,Ricky-Jade Jones,St. Pauli,9,344,2,2,0,Bundesliga,Ricky-Jade Jones
185,Ayoube Amaimouni-Echghouyab,Eintracht Frankfurt,17,551,2,2,3,Bundesliga,Ayoube Amaimouni-Echghouyab
186,Yannick Gerhardt,Wolfsburg,19,1080,1,1,0,Bundesliga,Yannick Gerhardt
187,Maximilian Arnold,Wolfsburg,25,1837,1,1,4,Bundesliga,Maximilian Arnold
188,Benjamin Henrichs,RasenBallsport Leipzig,17,275,1,1,0,Bundesliga,Benjamin Henrichs
189,Michy Batshuayi,Eintracht Frankfurt,6,123,1,0,0,Bundesliga,Michy Batshuayi
190,Lucas Vázquez,Bayer Leverkusen,12,483,1,1,2,Bundesliga,Lucas Vazquez
191,Philipp Lienhart,Freiburg,20,1296,1,1,0,Bundesliga,Philipp Lienhart
192,Marius Wolf,Augsburg,29,1002,1,1,1,Bundesliga,Marius Wolf
193,Marnon Busch,FC Heidenheim,29,1901,1,1,5,Bundesliga,Marnon Busch
194,Bakery Jatta,Hamburger SV,15,934,1,1,1,Bundesliga,Bakery Jatta
195,Florian Kainz,FC Cologne,15,245,1,1,1,Bundesliga,Florian Kainz
196,Dayotchanculle Upamecano,Bayern Munich,24,1805,1,1,1,Bundesliga,Dayotchanculle Upamecano
197,Marcel Sabitzer,Borussia Dortmund,26,1835,1,1,2,Bundesliga,Marcel Sabitzer
198,Yussuf Poulsen,Hamburger SV,15,286,1,1,0,Bundesliga,Yussuf Poulsen
199,Marco Friedl,Werder Bremen,30,2552,1,1,0,Bundesliga,Marco Friedl
200,Jonas Föhrenbach,FC Heidenheim,27,2333,1,1,1,Bundesliga,Jonas Fohrenbach
201,Robin Hack,Borussia M.Gladbach,8,311,1,1,0,Bundesliga,Robin Hack
202,Stanley N&#039;Soki,Union Berlin,13,837,1,1,2,Bundesliga,Stanley N&#039;Soki
203,Joshua Vagnoman,VfB Stuttgart,27,1589,1,1,3,Bundesliga,Joshua Vagnoman
204,Kevin Stöger,Borussia M.Gladbach,29,1322,1,1,1,Bundesliga,Kevin Stoger
205,Philipp Mwene,Mainz 05,29,2081,1,1,2,Bundesliga,Philipp Mwene
206,Alphonso Davies,Bayern Munich,13,521,1,1,3,Bundesliga,Alphonso Davies
207,Valentin Gendrey,Hoffenheim,8,38,1,1,1,Bundesliga,Valentin Gendrey
208,Andreas Skov Olsen,Wolfsburg,8,365,1,1,0,Bundesliga,Andreas Skov Olsen
209,Denis Vavro,Wolfsburg,17,1168,1,1,0,Bundesliga,Denis Vavro
210,Giovanni Reyna,Borussia M.Gladbach,19,485,1,1,0,Bundesliga,Giovanni Reyna
211,Nathan Tella,Bayer Leverkusen,17,890,1,1,4,Bundesliga,Nathan Tella
212,Chrislain Matsima,Augsburg,18,1494,1,1,1,Bundesliga,Chrislain Matsima
213,Silas Wamangituka,Mainz 05,8,346,1,1,0,Bundesliga,Silas Wamangituka
214,Vladimir Coufal,Hoffenheim,34,3032,1,1,8,Bundesliga,Vladimir Coufal
215,Joakim Maehle,Wolfsburg,16,1226,1,1,2,Bundesliga,Joakim Maehle
216,Castello Lukeba,RasenBallsport Leipzig,26,2176,1,1,0,Bundesliga,Castello Lukeba
217,Patrick Osterhage,Freiburg,20,1190,1,1,0,Bundesliga,Patrick Osterhage
218,Hiroki Ito,Bayern Munich,16,918,1,1,2,Bundesliga,Hiroki Ito
219,Moritz Jenz,Wolfsburg,22,1795,1,1,0,Bundesliga,Moritz Jenz
220,Arthur Theate,Eintracht Frankfurt,24,2147,1,1,0,Bundesliga,Arthur Theate
221,Jonas Wind,Wolfsburg,11,480,1,1,0,Bundesliga,Jonas Wind
222,Oscar Fraulo,Borussia M.Gladbach,4,30,1,1,0,Bundesliga,Oscar Fraulo
223,Tim Skarke,Union Berlin,22,555,1,1,1,Bundesliga,Tim Skarke
224,Kim Min-Jae,Bayern Munich,25,1621,1,1,1,Bundesliga,Kim Min-Jae
225,Keke Maximilian Topp,Werder Bremen,20,617,1,1,1,Bundesliga,Keke Maximilian Topp
226,Josip Juranovic,Union Berlin,11,309,1,1,1,Bundesliga,Josip Juranovic
227,Grant-Leon Ranos,Borussia M.Gladbach,8,89,1,1,0,Bundesliga,Grant-Leon Ranos
228,Adrian Beck,FC Heidenheim,24,847,1,1,1,Bundesliga,Adrian Beck
229,Arthur,Bayer Leverkusen,20,1130,1,1,3,Bundesliga,Arthur
230,Max Finkgrafe,RasenBallsport Leipzig,13,491,1,1,1,Bundesliga,Max Finkgrafe
231,Benedict Hollerbach,Mainz 05,14,903,1,1,2,Bundesliga,Benedict Hollerbach
232,Olivier Deman,Werder Bremen,16,1251,1,1,2,Bundesliga,Olivier Deman
233,Mikkel Kaufmann,FC Heidenheim,16,519,1,1,1,Bundesliga,Mikkel Kaufmann
234,Junior Adamu,Freiburg,9,456,1,1,1,Bundesliga,Junior Adamu
235,Nnamdi Collins,Eintracht Frankfurt,23,1490,1,1,2,Bundesliga,Nnamdi Collins
236,Albert Grønbæk,Hamburger SV,7,500,1,1,2,Bundesliga,Albert Grønbæk
237,Kaishu Sano,Mainz 05,34,3060,1,1,2,Bundesliga,Kaishu Sano
238,Samuel Essende,Augsburg,14,361,1,1,0,Bundesliga,Samuel Essende
239,Oscar Højlund,Eintracht Frankfurt,24,1082,1,1,1,Bundesliga,Oscar Højlund
240,Karol Mets,St. Pauli,23,1938,1,1,0,Bundesliga,Karol Mets
241,Philipp Treu,Freiburg,28,2195,1,1,2,Bundesliga,Philipp Treu
242,Manolis Saliakas,St. Pauli,17,1118,1,1,3,Bundesliga,Manolis Saliakas
243,Adam Dzwigala,St. Pauli,19,1303,1,1,1,Bundesliga,Adam Dzwigala
244,Léo Scienza,FC Heidenheim,2,180,1,1,0,Bundesliga,Leo Scienza
245,Robin Hranác,Hoffenheim,29,2261,1,1,0,Bundesliga,Robin Hranac
246,Derrick Köhn,Union Berlin,29,1887,1,0,2,Bundesliga,Derrick Kohn
247,Noahkai Banks,Augsburg,23,1746,1,1,1,Bundesliga,Noahkai Banks
248,Patrice Covic,Werder Bremen,15,326,1,1,0,Bundesliga,Patrice Covic
249,James Sands,St. Pauli,24,1957,1,1,0,Bundesliga,James Sands
250,Hennes Behrens,FC Heidenheim,16,1321,1,1,2,Bundesliga,Hennes Behrens
251,Tidiam Gomis,RasenBallsport Leipzig,18,309,1,1,0,Bundesliga,Tidiam Gomis
252,Aaron Anselmino,Borussia Dortmund,6,368,1,1,0,Bundesliga,Aaron Anselmino
253,Karim Coulibaly,Werder Bremen,27,2128,1,1,0,Bundesliga,Karim Coulibaly
254,Adam Kölle,FC Heidenheim,6,73,1,1,0,Bundesliga,Adam Kolle
255,Joel Chima Fujita,St. Pauli,32,2689,1,1,3,Bundesliga,Joel Chima Fujita
256,Louis Oppie,St. Pauli,23,1606,1,1,0,Bundesliga,Louis Oppie
257,Nicolás Capaldo,Hamburger SV,26,2029,1,1,3,Bundesliga,Nicolas Capaldo
258,Albian Hajdari,Hoffenheim,30,2449,1,1,2,Bundesliga,Albian Hajdari
259,Isaac Schmidt,Werder Bremen,19,671,1,1,0,Bundesliga,Isaac Schmidt
260,Alessio Castro-Montes,FC Cologne,14,662,1,1,3,Bundesliga,Alessio Castro-Montes
261,Fabio Baldé,Hamburger SV,16,422,1,1,1,Bundesliga,Fabio Balde
262,Cameron Puertas,Werder Bremen,28,1867,1,1,2,Bundesliga,Cameron Puertas
263,Montrell Culbreath,Bayer Leverkusen,12,756,1,1,0,Bundesliga,Montrell Culbreath
264,Livan Burcu,Union Berlin,18,621,1,1,1,Bundesliga,Livan Burcu
265,Kacper Potulski,Mainz 05,15,1061,1,1,0,Bundesliga,Kacper Potulski
266,Younes Ebnoutalib,Eintracht Frankfurt,5,127,1,1,0,Bundesliga,Younes Ebnoutalib
267,Kento Shiogai,Wolfsburg,12,292,1,1,0,Bundesliga,Kento Shiogai
268,Luca Reggiani,Borussia Dortmund,8,515,1,1,0,Bundesliga,Luca Reggiani
269,Samuele Inácio,Borussia Dortmund,7,371,1,1,0,Bundesliga,Samuele Inacio
270,Philip Otele,Hamburger SV,9,504,1,1,1,Bundesliga,Philip Otele
271,Hugo Bolin,Borussia M.Gladbach,13,534,1,1,1,Bundesliga,Hugo Bolin
272,Salim Musah,Werder Bremen,8,182,1,1,0,Bundesliga,Salim Musah
273,Timo Werner,RasenBallsport Leipzig,3,11,0,0,0,Bundesliga,Timo Werner
274,Oliver Baumann,Hoffenheim,34,3060,0,0,0,Bundesliga,Oliver Baumann
275,Niklas Süle,Borussia Dortmund,11,487,0,0,1,Bundesliga,Niklas Sule
276,Michael Zetterer,Eintracht Frankfurt,22,1976,0,0,0,Bundesliga,Michael Zetterer
277,Dominique Heintz,FC Cologne,9,381,0,0,0,Bundesliga,Dominique Heintz
278,Kevin Kampl,RasenBallsport Leipzig,3,3,0,0,0,Bundesliga,Kevin Kampl
279,Nico Elvedi,Borussia M.Gladbach,33,2968,0,0,2,Bundesliga,Nico Elvedi
280,Manuel Neuer,Bayern Munich,22,1870,0,0,0,Bundesliga,Manuel Neuer
281,Sven Ulreich,Bayern Munich,1,90,0,0,0,Bundesliga,Sven Ulreich
282,Pascal Groß,Borussia Dortmund,11,619,0,0,1,Bundesliga,Pascal Groß
283,Leonardo Bittencourt,Werder Bremen,17,588,0,0,1,Bundesliga,Leonardo Bittencourt
284,Pascal Stenzel,VfB Stuttgart,2,114,0,0,0,Bundesliga,Pascal Stenzel
285,Timothy Chandler,Eintracht Frankfurt,1,6,0,0,0,Bundesliga,Timothy Chandler
286,Marvin Friedrich,Borussia M.Gladbach,6,144,0,0,0,Bundesliga,Marvin Friedrich
287,Niklas Stark,Werder Bremen,14,721,0,0,0,Bundesliga,Niklas Stark
288,Mario Götze,Eintracht Frankfurt,21,880,0,0,0,Bundesliga,Mario Gotze
289,Robin Zentner,Mainz 05,10,878,0,0,0,Bundesliga,Robin Zentner
290,Alexander Nübel,VfB Stuttgart,34,3060,0,0,1,Bundesliga,Alexander Nubel
291,Jeffrey Gouweleeuw,Augsburg,11,857,0,0,1,Bundesliga,Jeffrey Gouweleeuw
292,Ellyes Skhiri,Eintracht Frankfurt,25,1439,0,0,0,Bundesliga,Ellyes Skhiri
293,Christian Günter,Freiburg,24,1559,0,0,3,Bundesliga,Christian Gunter
294,Maximilian Philipp,Freiburg,2,22,0,0,0,Bundesliga,Maximilian Philipp
295,Nicolas Höfler,Freiburg,13,262,0,0,0,Bundesliga,Nicolas Hofler
296,Janik Haberer,Union Berlin,28,1662,0,0,1,Bundesliga,Janik Haberer
297,Janis Blaswich,Bayer Leverkusen,11,928,0,0,0,Bundesliga,Janis Blaswich
298,Marvin Schwäbe,FC Cologne,34,3060,0,0,0,Bundesliga,Marvin Schwabe
299,Anthony Jung,Freiburg,12,502,0,0,0,Bundesliga,Anthony Jung
300,Jordan Torunarigha,Hamburger SV,24,1963,0,0,0,Bundesliga,Jordan Torunarigha
301,Péter Gulácsi,RasenBallsport Leipzig,23,2008,0,0,0,Bundesliga,Peter Gulacsi
302,Bernardo,Hoffenheim,29,2340,0,0,0,Bundesliga,Bernardo
303,Daniel Heuer Fernandes,Hamburger SV,33,2970,0,0,0,Bundesliga,Daniel Heuer Fernandes
304,Gregor Kobel,Borussia Dortmund,34,3060,0,0,0,Bundesliga,Gregor Kobel
305,Salih Özcan,Borussia Dortmund,11,55,0,0,0,Bundesliga,Salih Ozcan
306,Arne Maier,Augsburg,1,1,0,0,0,Bundesliga,Arne Maier
307,Stefan Posch,Mainz 05,16,1399,0,0,0,Bundesliga,Stefan Posch
308,Jonas Meffert,Hamburger SV,4,134,0,0,0,Bundesliga,Jonas Meffert
309,Lukas Klostermann,RasenBallsport Leipzig,5,94,0,0,1,Bundesliga,Lukas Klostermann
310,Arnaud Nordin,Mainz 05,13,468,0,0,0,Bundesliga,Arnaud Nordin
311,Dan-Axel Zagadou,VfB Stuttgart,3,216,0,0,0,Bundesliga,Dan-Axel Zagadou
312,Tim Kleindienst,Borussia M.Gladbach,3,5,0,0,0,Bundesliga,Tim Kleindienst
313,Ihlas Bebou,Hoffenheim,16,129,0,0,0,Bundesliga,Ihlas Bebou
314,Moritz Nicolas,Borussia M.Gladbach,34,3060,0,0,0,Bundesliga,Moritz Nicolas
315,Kevin Akpoguma,Hoffenheim,8,46,0,0,0,Bundesliga,Kevin Akpoguma
316,Anthony Caci,Mainz 05,10,531,0,0,0,Bundesliga,Anthony Caci
317,Timo Hübers,FC Cologne,8,681,0,0,0,Bundesliga,Timo Hubers
318,Niklas Dorsch,FC Heidenheim,32,2293,0,0,1,Bundesliga,Niklas Dorsch
319,Finn Dahmen,Augsburg,34,3060,0,0,0,Bundesliga,Finn Dahmen
320,Mark Flekken,Bayer Leverkusen,24,2132,0,0,0,Bundesliga,Mark Flekken
321,Frederik Rönnow,Union Berlin,30,2640,0,0,0,Bundesliga,Frederik Ronnow
322,Florian Neuhaus,Borussia M.Gladbach,17,945,0,0,1,Bundesliga,Florian Neuhaus
323,Amos Pieper,Werder Bremen,19,1510,0,0,0,Bundesliga,Amos Pieper
324,Maximilian Wöber,Werder Bremen,2,29,0,0,0,Bundesliga,Maximilian Wober
325,Keven Schlotterbeck,Augsburg,24,2025,0,0,1,Bundesliga,Keven Schlotterbeck
326,Sacha Boey,Bayern Munich,9,458,0,0,0,Bundesliga,Sacha Boey
327,Mads Pedersen,Augsburg,7,182,0,0,0,Bundesliga,Mads Pedersen
328,Robert Skov,Union Berlin,3,236,0,0,0,Bundesliga,Robert Skov
329,Christopher Trimmel,Union Berlin,29,1904,0,0,3,Bundesliga,Christopher Trimmel
330,Julian Chabot,VfB Stuttgart,27,2307,0,0,0,Bundesliga,Julian Chabot
331,Julian Ryerson,Borussia Dortmund,31,2288,0,0,15,Bundesliga,Julian Ryerson
332,Alex Kral,Union Berlin,20,394,0,0,0,Bundesliga,Alex Kral
333,Tom Krauß,FC Cologne,26,1779,0,0,2,Bundesliga,Tom Krauß
334,Nick Woltemade,VfB Stuttgart,1,90,0,0,0,Bundesliga,Nick Woltemade
335,Yannik Keitel,Augsburg,6,247,0,0,0,Bundesliga,Yannik Keitel
336,Exequiel Palacios,Bayer Leverkusen,18,1079,0,0,1,Bundesliga,Exequiel Palacios
337,Jessic Ngankam,Eintracht Frankfurt,3,50,0,0,0,Bundesliga,Jessic Ngankam
338,Luca Netz,Borussia M.Gladbach,15,937,0,0,2,Bundesliga,Luca Netz
339,Immanuel Pherai,Hamburger SV,6,19,0,0,0,Bundesliga,Immanuel Pherai
340,Loic Bade,Bayer Leverkusen,23,1655,0,0,0,Bundesliga,Loic Bade
341,Xavi Simons,RasenBallsport Leipzig,1,90,0,0,0,Bundesliga,Xavi Simons
342,Felix Agu,Werder Bremen,11,757,0,0,0,Bundesliga,Felix Agu
343,Rocco Reitz,Borussia M.Gladbach,31,2669,0,0,4,Bundesliga,Rocco Reitz
344,Tim Siersleben,FC Heidenheim,15,1085,0,0,0,Bundesliga,Tim Siersleben
345,Atakan Karazor,VfB Stuttgart,28,1906,0,0,1,Bundesliga,Atakan Karazor
346,Lorenz Assignon,VfB Stuttgart,24,1091,0,0,0,Bundesliga,Lorenz Assignon
347,Cenk Özkacar,FC Cologne,25,1786,0,0,0,Bundesliga,Cenk Ozkacar
348,Sepe Elye Wahi,Eintracht Frankfurt,10,309,0,0,1,Bundesliga,Sepe Elye Wahi
349,Warmed Omari,Hamburger SV,20,1606,0,0,1,Bundesliga,Warmed Omari
350,William Mikelbrencis,Hamburger SV,26,1384,0,0,4,Bundesliga,William Mikelbrencis
351,El Chadaille Bitshiabu,RasenBallsport Leipzig,11,661,0,0,0,Bundesliga,El Chadaille Bitshiabu
352,Karl Hein,Werder Bremen,2,180,0,0,0,Bundesliga,Karl Hein
353,Maxim Leitsch,Mainz 05,3,158,0,0,0,Bundesliga,Maxim Leitsch
354,Guilherme Ramos,Hamburger SV,8,31,0,0,0,Bundesliga,Guilherme Ramos
355,Jesper Lindstrom,Wolfsburg,13,362,0,0,0,Bundesliga,Jesper Lindstrom
356,Diant Ramaj,FC Heidenheim,31,2790,0,0,1,Bundesliga,Diant Ramaj
357,Ismaël Gharbi,Augsburg,6,71,0,0,0,Bundesliga,Ismael Gharbi
358,Taichi Hara,St. Pauli,4,23,0,0,0,Bundesliga,Taichi Hara
359,Ben Bobzien,Mainz 05,1,3,0,0,0,Bundesliga,Ben Bobzien
360,Jonas Urbig,Bayern Munich,14,1100,0,0,0,Bundesliga,Jonas Urbig
361,Piero Hincapié,Bayer Leverkusen,1,90,0,0,0,Bundesliga,Piero Hincapie
362,Finley Stevens,St. Pauli,1,25,0,0,0,Bundesliga,Finley Stevens
363,Lennard Maloney,Mainz 05,21,444,0,0,0,Bundesliga,Lennard Maloney
364,Noah Atubolu,Freiburg,34,3060,0,0,0,Bundesliga,Noah Atubolu
365,Jeanuël Belocian,"Bayer Leverkusen,Wolfsburg",22,1543,0,0,1,Bundesliga,Jeanuel Belocian
366,Kevin Paredes,Wolfsburg,6,151,0,0,0,Bundesliga,Kevin Paredes
367,Lasse Rieß,Mainz 05,4,290,0,0,0,Bundesliga,Lasse Rieß
368,Umut Tohumcu,Hoffenheim,5,120,0,0,0,Bundesliga,Umut Tohumcu
369,Diogo Leite,Union Berlin,23,1998,0,0,0,Bundesliga,Diogo Leite
370,Muhammed Damar,Hoffenheim,15,243,0,0,0,Bundesliga,Muhammed Damar
371,Ben Seghir,Bayer Leverkusen,10,229,0,0,0,Bundesliga,Ben Seghir
372,Adam Hlozek,Hoffenheim,5,30,0,0,0,Bundesliga,Adam Hlozek
373,Loïs Openda,RasenBallsport Leipzig,2,54,0,0,0,Bundesliga,Lois Openda
374,Tim Oermann,Bayer Leverkusen,2,12,0,0,0,Bundesliga,Tim Oermann
375,Vinicius Souza,Wolfsburg,24,1794,0,0,0,Bundesliga,Vinicius Souza
376,Kilian Fischer,Wolfsburg,11,801,0,0,0,Bundesliga,Kilian Fischer
377,Badredine Bouanani,VfB Stuttgart,14,451,0,0,0,Bundesliga,Badredine Bouanani
378,Fabio Chiarodia,Borussia M.Gladbach,15,669,0,0,0,Bundesliga,Fabio Chiarodia
379,Denis Huseinbasic,FC Cologne,15,726,0,0,0,Bundesliga,Denis Huseinbasic
380,Nelson Weiper,Mainz 05,24,486,0,0,0,Bundesliga,Nelson Weiper
381,Sael Kumbedi,Wolfsburg,24,1825,0,0,5,Bundesliga,Sael Kumbedi
382,Aljoscha Kemlein,Union Berlin,30,1984,0,0,2,Bundesliga,Aljoscha Kemlein
383,Andreas Hanche-Olsen,Mainz 05,13,843,0,0,1,Bundesliga,Andreas Hanche-Olsen
384,Aurélio Buta,Eintracht Frankfurt,4,131,0,0,0,Bundesliga,Aurelio Buta
385,Merlin Röhl,Freiburg,2,52,0,0,0,Bundesliga,Merlin Rohl
386,Damion Downs,Hamburger SV,12,534,0,0,0,Bundesliga,Damion Downs
387,Ameen Al Dakhil,VfB Stuttgart,8,368,0,0,0,Bundesliga,Ameen Al Dakhil
388,Senne Lynen,Werder Bremen,31,2766,0,0,0,Bundesliga,Senne Lynen
389,Cédric Zesiger,Augsburg,27,1798,0,0,0,Bundesliga,Cedric Zesiger
390,Václav Cerny,Wolfsburg,2,40,0,0,0,Bundesliga,Vaclav Cerny
391,Omar Traoré,FC Heidenheim,26,1506,0,0,2,Bundesliga,Omar Traore
392,Benedikt Gimber,FC Heidenheim,21,1467,0,0,0,Bundesliga,Benedikt Gimber
393,Victor Boniface,Werder Bremen,11,309,0,0,2,Bundesliga,Victor Boniface
394,Nicolas Seiwald,RasenBallsport Leipzig,33,2730,0,0,2,Bundesliga,Nicolas Seiwald
395,Leart Paqarada,FC Heidenheim,1,6,0,0,0,Bundesliga,Leart Paqarada
396,Leonidas Stergiou,"FC Heidenheim,VfB Stuttgart",6,194,0,0,0,Bundesliga,Leonidas Stergiou
397,Lukas Ullrich,Borussia M.Gladbach,23,1301,0,0,0,Bundesliga,Lukas Ullrich
398,Skelly Alvero,Werder Bremen,2,23,0,0,0,Bundesliga,Skelly Alvero
399,Thomas Keller,FC Heidenheim,4,193,0,0,0,Bundesliga,Thomas Keller
400,Daniel Batz,Mainz 05,21,1890,0,0,0,Bundesliga,Daniel Batz
401,Jordy Makengo,Freiburg,20,1160,0,0,1,Bundesliga,Jordy Makengo
402,Kauã Santos,Eintracht Frankfurt,13,1084,0,0,0,Bundesliga,Kaua Santos
403,Elias Baum,Eintracht Frankfurt,5,64,0,0,0,Bundesliga,Elias Baum
404,Yannick Eduardo,Hoffenheim,1,1,0,0,0,Bundesliga,Yannick Eduardo
405,Julián Malatini,Werder Bremen,11,508,0,0,0,Bundesliga,Julian Malatini
406,Isak Hansen-Aaröen,Werder Bremen,1,1,0,0,0,Bundesliga,Isak Hansen-Aaroen
407,Frank Feller,FC Heidenheim,3,270,0,0,0,Bundesliga,Frank Feller
408,Max Rosenfelder,Freiburg,12,476,0,0,0,Bundesliga,Max Rosenfelder
409,Yukinari Sugawara,Werder Bremen,31,2444,0,0,6,Bundesliga,Yukinari Sugawara
410,Kosta Nedeljkovic,RasenBallsport Leipzig,5,251,0,0,0,Bundesliga,Kosta Nedeljkovic
411,Nikolas Veratschnig,Mainz 05,21,614,0,0,1,Bundesliga,Nikolas Veratschnig
412,Mio Backhaus,Werder Bremen,32,2880,0,0,0,Bundesliga,Mio Backhaus
413,Bruno Ogbus,Freiburg,18,1180,0,0,0,Bundesliga,Bruno Ogbus
414,Ramon Hendriks,VfB Stuttgart,31,2011,0,0,3,Bundesliga,Ramon Hendriks
415,Nicolai Remberg,Hamburger SV,32,2880,0,0,2,Bundesliga,Nicolai Remberg
416,Maarten Vandevoordt,RasenBallsport Leipzig,12,1052,0,0,0,Bundesliga,Maarten Vandevoordt
417,Aurèle Amenda,Eintracht Frankfurt,24,1664,0,0,0,Bundesliga,Aurele Amenda
418,Kamil Grabara,Wolfsburg,34,3060,0,0,0,Bundesliga,Kamil Grabara
419,Bence Dárdai,Wolfsburg,1,31,0,0,0,Bundesliga,Bence Dardai
420,Nikola Vasilj,St. Pauli,34,3060,0,0,0,Bundesliga,Nikola Vasilj
421,Lars Ritzka,St. Pauli,21,974,0,0,0,Bundesliga,Lars Ritzka
422,Jackson Irvine,St. Pauli,24,1617,0,0,1,Bundesliga,Jackson Irvine
423,Connor Metcalfe,St. Pauli,25,536,0,0,2,Bundesliga,Connor Metcalfe
424,Elias Saad,Augsburg,10,518,0,0,0,Bundesliga,Elias Saad
425,Oladapo Afolayan,St. Pauli,7,135,0,0,0,Bundesliga,Oladapo Afolayan
426,Filippo Mané,Borussia Dortmund,4,142,0,0,0,Bundesliga,Filippo Mane
427,Almugera Kabar,Borussia Dortmund,1,14,0,0,0,Bundesliga,Almugera Kabar
428,Cole Campbell,"Borussia Dortmund,Hoffenheim",6,64,0,0,0,Bundesliga,Cole Campbell
429,Jahmai Simpson-Pusey,FC Cologne,11,863,0,0,0,Bundesliga,Jahmai Simpson-Pusey
430,Axel Tape,Bayer Leverkusen,6,214,0,0,0,Bundesliga,Axel Tape
431,Jonah Kusi-Asare,Bayern Munich,1,1,0,0,0,Bundesliga,Jonah Kusi-Asare
432,Carl Klaus,Union Berlin,4,330,0,0,0,Bundesliga,Carl Klaus
433,Luka Djuric,Hoffenheim,1,5,0,0,0,Bundesliga,Luka Djuric
434,Wisdom Mike,Bayern Munich,4,18,0,0,0,Bundesliga,Wisdom Mike
435,Mick Schmetgens,Werder Bremen,2,34,0,0,0,Bundesliga,Mick Schmetgens
436,Luca Jaquez,VfB Stuttgart,14,893,0,0,1,Bundesliga,Luca Jaquez
437,Finn Jeltsch,VfB Stuttgart,23,1501,0,0,1,Bundesliga,Finn Jeltsch
438,Alejo Sarco,"Bayer Leverkusen,Borussia M.Gladbach",6,107,0,0,0,Bundesliga,Alejo Sarco
439,Charles Herrmann,Borussia M.Gladbach,1,1,0,0,1,Bundesliga,Charles Herrmann
440,Jan Bürger,Wolfsburg,7,247,0,0,0,Bundesliga,Jan Burger
441,Claudio Echeverri,Bayer Leverkusen,6,112,0,0,0,Bundesliga,Claudio Echeverri
442,Jenson Seelt,Wolfsburg,9,681,0,0,0,Bundesliga,Jenson Seelt
443,Ezechiel Banzuzi,RasenBallsport Leipzig,24,521,0,0,1,Bundesliga,Ezechiel Banzuzi
444,Koki Machida,Hoffenheim,1,45,0,0,0,Bundesliga,Koki Machida
445,Leon Avdullahu,Hoffenheim,33,2860,0,0,1,Bundesliga,Leon Avdullahu
446,Yannik Wagner,FC Heidenheim,4,31,0,0,0,Bundesliga,Yannik Wagner
447,Cyriaque Irié,Freiburg,10,331,0,0,0,Bundesliga,Cyriaque Irie
448,Matheo Raab,Union Berlin,1,90,0,0,0,Bundesliga,Matheo Raab
449,Lazar Jovanovic,VfB Stuttgart,3,23,0,0,0,Bundesliga,Lazar Jovanovic
450,Arkadiusz Pyrka,St. Pauli,31,2596,0,0,1,Bundesliga,Arkadiusz Pyrka
451,Jobe Bellingham,Borussia Dortmund,32,1779,0,0,1,Bundesliga,Jobe Bellingham
452,Joël Schmied,FC Cologne,16,1090,0,0,0,Bundesliga,Joel Schmied
453,Sebastian Sebulonsen,FC Cologne,31,2519,0,0,0,Bundesliga,Sebastian Sebulonsen
454,Kristoffer Lund,FC Cologne,33,2319,0,0,2,Bundesliga,Kristoffer Lund
455,Jusuf Gazibegovic,FC Cologne,1,17,0,0,0,Bundesliga,Jusuf Gazibegovic
456,Rav van den Berg,FC Cologne,14,1138,0,0,1,Bundesliga,Rav van den Berg
457,Daniel Elfadli,Hamburger SV,21,1257,0,0,0,Bundesliga,Daniel Elfadli
458,Giorgi Gocholeishvili,Hamburger SV,24,909,0,0,1,Bundesliga,Giorgi Gocholeishvili
459,Miro Muheim,Hamburger SV,29,2443,0,0,4,Bundesliga,Miro Muheim
460,Emir Sahiti,Hamburger SV,2,124,0,0,0,Bundesliga,Emir Sahiti
461,Alexander Røssing-Lelesiit,Hamburger SV,11,319,0,0,1,Bundesliga,Alexander Røssing-Lelesiit
462,Aboubaka Soumahoro,Hamburger SV,4,140,0,0,0,Bundesliga,Aboubaka Soumahoro
463,Otto Stange,Hamburger SV,10,275,0,0,0,Bundesliga,Otto Stange
464,Andrija Maksimovic,RasenBallsport Leipzig,8,77,0,0,0,Bundesliga,Andrija Maksimovic
465,Aiman Dardari,Augsburg,3,21,0,0,0,Bundesliga,Aiman Dardari
466,Sota Kawasaki,Mainz 05,10,295,0,0,0,Bundesliga,Sota Kawasaki
467,Ezequiél Fernández,Bayer Leverkusen,20,1009,0,0,1,Bundesliga,Ezequiel Fernandez
468,William Bøving,Mainz 05,9,206,0,0,1,Bundesliga,William Bøving
469,Cassiano Kiala,Bayern Munich,1,1,0,0,0,Bundesliga,Cassiano Kiala
470,Tobias Weigel,FC Heidenheim,1,1,0,0,0,Bundesliga,Tobias Weigel
471,Dmytro Bogdanov,Union Berlin,2,2,0,0,0,Bundesliga,Dmytro Bogdanov
472,Jan Urbich,Borussia M.Gladbach,3,28,0,0,0,Bundesliga,Jan Urbich
473,David Santos,Bayern Munich,2,25,0,0,0,Bundesliga,David Santos
474,Fabio Moreno Fell,Mainz 05,2,80,0,0,0,Bundesliga,Fabio Moreno Fell
475,Pharell Hensel,Wolfsburg,5,68,0,0,0,Bundesliga,Pharell Hensel
476,Samba Konate,RasenBallsport Leipzig,1,1,0,0,0,Bundesliga,Samba Konate
477,Cenny Neumann,FC Cologne,2,74,0,0,0,Bundesliga,Cenny Neumann
478,Tim Schnitzer,Augsburg,1,1,0,0,0,Bundesliga,Tim Schnitzer
479,Fynn Schenten,FC Cologne,7,86,0,0,0,Bundesliga,Fynn Schenten
480,Felipe Chávez,"Bayern Munich,FC Cologne",9,88,0,0,0,Bundesliga,Felipe Chavez
481,Deniz Ofli,Bayern Munich,1,2,0,0,0,Bundesliga,Deniz Ofli
482,Kota Takai,Borussia M.Gladbach,8,329,0,0,0,Bundesliga,Kota Takai
483,Youssoupha Niang,FC Cologne,10,179,0,0,0,Bundesliga,Youssoupha Niang
484,Jeremy Arévalo,VfB Stuttgart,7,21,0,0,1,Bundesliga,Jeremy Arevalo
485,Tomoya Ando,St. Pauli,15,1263,0,0,1,Bundesliga,Tomoya Ando
486,Sander Tangvik,Hamburger SV,1,90,0,0,0,Bundesliga,Sander Tangvik
487,Mathias Rasmussen,St. Pauli,13,692,0,0,0,Bundesliga,Mathias Rasmussen
488,Louis Lemke,Hamburger SV,1,1,0,0,0,Bundesliga,Louis Lemke
489,Love Arrhov,Eintracht Frankfurt,5,58,0,0,0,Bundesliga,Love Arrhov
490,Jonas Adjetey,Wolfsburg,4,134,0,0,0,Bundesliga,Jonas Adjetey
491,Mathis Albert,Borussia Dortmund,1,1,0,0,0,Bundesliga,Mathis Albert
492,Christian Conteh,FC Heidenheim,9,398,0,0,0,Bundesliga,Christian Conteh
493,Uchenna Ogundu,Augsburg,5,33,0,0,0,Bundesliga,Uchenna Ogundu
494,Rouven Tarnutzer,Freiburg,1,4,0,0,0,Bundesliga,Rouven Tarnutzer
495,Maycon Douglas Cardozo,Bayern Munich,2,31,0,0,0,Bundesliga,Maycon Douglas Cardozo
496,Erblin Osmani,Bayern Munich,1,2,0,0,0,Bundesliga,Erblin Osmani
497,Shafiq Nandja,Hamburger SV,2,12,0,0,0,Bundesliga,Shafiq Nandja
498,Linus Güther,Union Berlin,1,4,0,0,0,Bundesliga,Linus Guther
499,Bara Sapoko Ndiaye,Bayern Munich,4,146,0,0,0,Bundesliga,Bara Sapoko Ndiaye
1,Lautaro Martínez,Inter,30,2205,17,17,6,Serie A,Lautaro Martinez
2,Donyell Malen,Roma,18,1499,14,11,2,Serie A,Donyell Malen
3,Tasos Douvikas,Como,38,2279,14,13,1,Serie A,Tasos Douvikas
4,Marcus Thuram,Inter,29,1933,13,13,6,Serie A,Marcus Thuram
5,Rasmus Højlund,Napoli,33,2784,13,12,5,Serie A,Rasmus Højlund
6,Nico Paz,Como,35,2905,12,12,6,Serie A,Nico Paz
7,Giovanni Simeone,Torino,32,2273,11,11,0,Serie A,Giovanni Simeone
8,Keinan Davis,Udinese,30,2106,10,6,4,Serie A,Keinan Davis
9,Federico Bonazzoli,Cremonese,35,2571,10,7,1,Serie A,Federico Bonazzoli
10,Scott McTominay,Napoli,33,2798,10,10,3,Serie A,Scott McTominay
11,Riccardo Orsolini,Bologna,35,2146,10,6,1,Serie A,Riccardo Orsolini
12,Gianluca Scamacca,Atalanta,24,1318,10,8,1,Serie A,Gianluca Scamacca
13,Kenan Yildiz,Juventus,36,2877,10,9,6,Serie A,Kenan Yildiz
14,Nikola Krstovic,Atalanta,33,1781,10,10,5,Serie A,Nikola Krstovic
15,Hakan Calhanoglu,Inter,22,1674,9,5,4,Serie A,Hakan Calhanoglu
16,Andrea Pinamonti,Sassuolo,36,2610,9,9,3,Serie A,Andrea Pinamonti
17,Rafael Leão,AC Milan,29,1874,9,7,3,Serie A,Rafael Leao
18,Mateo Pellegrino,Parma Calcio 1913,37,3012,9,8,1,Serie A,Mateo Pellegrino
19,Moise Kean,Fiorentina,26,2042,8,6,1,Serie A,Moise Kean
20,Domenico Berardi,Sassuolo,26,1995,8,6,4,Serie A,Domenico Berardi
21,Christian Pulisic,AC Milan,30,1612,8,8,4,Serie A,Christian Pulisic
22,Nikola Vlasic,Torino,37,3079,8,3,3,Serie A,Nikola Vlasic
23,Jamie Vardy,Cremonese,29,2120,7,7,2,Serie A,Jamie Vardy
24,Federico Dimarco,Inter,35,2709,7,7,16,Serie A,Federico Dimarco
25,Christopher Nkunku,AC Milan,32,1343,7,2,3,Serie A,Christopher Nkunku
26,Rolando Mandragora,Fiorentina,34,2470,7,6,3,Serie A,Rolando Mandragora
27,Armand Lauriente,Sassuolo,38,2655,7,7,9,Serie A,Armand Lauriente
28,Dusan Vlahovic,Juventus,19,972,7,6,1,Serie A,Dusan Vlahovic
29,Sebastiano Esposito,Cagliari,36,2751,7,6,5,Serie A,Sebastiano Esposito
30,Lorenzo Colombo,Genoa,38,2373,7,6,1,Serie A,Lorenzo Colombo
31,Gift Orban,Verona,28,2055,7,5,2,Serie A,Gift Orban
32,Santiago Castro,Bologna,35,2381,7,7,2,Serie A,Santiago Castro
33,Stefano Moreo,Pisa,37,2336,7,5,1,Serie A,Stefano Moreo
34,Francesco Pio Esposito,Inter,35,1535,7,7,3,Serie A,Francesco Pio Esposito
35,Piotr Zielinski,Inter,34,2048,6,5,3,Serie A,Piotr Zielinski
36,Adrien Rabiot,AC Milan,29,2546,6,6,4,Serie A,Adrien Rabiot
37,Che Adams,Torino,33,1899,6,6,2,Serie A,Che Adams
38,Ruslan Malinovskiy,Genoa,34,2279,6,3,3,Serie A,Ruslan Malinovskiy
39,Lucas Da Cunha,Como,36,2765,6,2,4,Serie A,Lucas Da Cunha
40,Jonathan Christian David,Juventus,35,1784,6,6,4,Serie A,Jonathan Christian David
41,Matìas Soulè Malvano,Roma,33,2207,6,6,5,Serie A,Matias Soule Malvano
42,Cesare Casadei,Torino,33,1971,6,6,0,Serie A,Cesare Casadei
43,Ismaël Koné,Sassuolo,35,2795,6,6,0,Serie A,Ismael Kone
44,Martin Baturina,Como,29,1579,6,6,3,Serie A,Martin Baturina
45,Kevin De Bruyne,Napoli,18,1176,5,2,2,Serie A,Kevin De Bruyne
46,Pedro,Lazio,29,954,5,3,2,Serie A,Pedro
47,Weston McKennie,Juventus,36,2857,5,5,5,Serie A,Weston McKennie
48,Nicolo Zaniolo,Udinese,32,2308,5,5,6,Serie A,Nicolo Zaniolo
49,Jens Odgaard,Bologna,26,1391,5,5,1,Serie A,Jens Odgaard
50,Lameck Banda,Lecce,32,1768,5,5,4,Serie A,Lameck Banda
51,Strahinja Pavlovic,AC Milan,34,2876,5,5,1,Serie A,Strahinja Pavlovic
52,Jurgen Ekkelenkamp,Udinese,31,2234,5,5,3,Serie A,Jurgen Ekkelenkamp
53,Leo Østigard,Genoa,30,2631,5,5,1,Serie A,Leo Østigard
54,Albert Gudmundsson,Fiorentina,33,2290,5,2,4,Serie A,Albert Gudmundsson
55,Vitinha,Genoa,35,2262,5,5,1,Serie A,Vitinha
56,Arthur Atta,Udinese,32,2575,5,5,3,Serie A,Arthur Atta
57,Gennaro Borrelli,Cagliari,27,1263,5,5,1,Serie A,Gennaro Borrelli
58,Gustav Isaksen,Lazio,30,1606,5,5,1,Serie A,Gustav Isaksen
59,Ange-Yoan Bonny,Inter,33,1112,5,5,4,Serie A,Ange-Yoan Bonny
60,Wesley,Roma,30,2474,5,5,0,Serie A,Wesley
61,Henrikh Mkhitaryan,Inter,30,1547,4,4,1,Serie A,Henrikh Mkhitaryan
62,Federico Bernardeschi,Bologna,29,1198,4,3,2,Serie A,Federico Bernardeschi
63,Lorenzo Pellegrini,Roma,24,1508,4,2,2,Serie A,Lorenzo Pellegrini
64,Jeremie Boga,Juventus,15,666,4,4,0,Serie A,Jeremie Boga
65,Marc-Oliver Kempf,Como,34,2317,4,4,1,Serie A,Marc-Oliver Kempf
66,Gianluca Mancini,Roma,36,3087,4,4,2,Serie A,Gianluca Mancini
67,Franck Zambo,Napoli,18,1253,4,4,1,Serie A,Franck Zambo
68,Bremer,Juventus,26,2187,4,4,3,Serie A,Bremer
69,Roberto Piccoli,Fiorentina,32,1653,4,4,1,Serie A,Roberto Piccoli
70,M&#039;Bala Nzola,"Pisa,Sassuolo",30,1514,4,2,1,Serie A,M&#039;Bala Nzola
71,Matteo Cancellieri,Lazio,30,1740,4,4,3,Serie A,Matteo Cancellieri
72,Caleb Ekuban,Genoa,31,944,4,4,1,Serie A,Caleb Ekuban
73,Kristian Thorstvedt,Sassuolo,32,2450,4,4,4,Serie A,Kristian Thorstvedt
74,Walid Cheddira,"Lecce,Sassuolo",33,1193,4,4,1,Serie A,Walid Cheddira
75,Tijjani Noslin,Lazio,29,1113,4,4,2,Serie A,Tijjani Noslin
76,Semih Kiliçsoy,Cagliari,22,973,4,4,0,Serie A,Semih Kilicsoy
77,Nikola Stulic,Lecce,34,1713,4,3,0,Serie A,Nikola Stulic
78,Kieron Bowie,Verona,14,1211,4,4,0,Serie A,Kieron Bowie
79,Alisson Santos,Napoli,14,836,4,4,0,Serie A,Alisson Santos
80,Filip Kostic,Juventus,18,461,3,3,1,Serie A,Filip Kostic
81,Ruben Loftus-Cheek,AC Milan,28,1122,3,3,1,Serie A,Ruben Loftus-Cheek
82,Mario Pasalic,Atalanta,33,1922,3,3,4,Serie A,Mario Pasalic
83,Duván Zapata,Torino,28,1088,3,3,1,Serie A,Duvan Zapata
84,Davide Zappacosta,Atalanta,35,2605,3,3,3,Serie A,Davide Zappacosta
85,Danilo Cataldi,Lazio,27,2007,3,1,3,Serie A,Danilo Cataldi
86,Nicolò Barella,Inter,34,2561,3,3,8,Serie A,Nicolo Barella
87,Leonardo Spinazzola,Napoli,32,1906,3,3,3,Serie A,Leonardo Spinazzola
88,Christian Kabasele,Udinese,30,2273,3,3,0,Serie A,Christian Kabasele
89,Mattia Zaccagni,Lazio,26,2127,3,3,0,Serie A,Mattia Zaccagni
90,Lassana Coulibaly,Lecce,33,2708,3,3,1,Serie A,Lassana Coulibaly
91,Mario Hermoso,Roma,27,2106,3,3,2,Serie A,Mario Hermoso
92,Robin Gosens,Fiorentina,26,1908,3,3,1,Serie A,Robin Gosens
93,Yann Bisseck,Inter,23,1924,3,3,1,Serie A,Yann Bisseck
94,Oumar Solet,Udinese,35,2962,3,2,1,Serie A,Oumar Solet
95,Evan Ndicka,Roma,31,2686,3,3,0,Serie A,Evan Ndicka
96,Kephren Thuram,Juventus,35,2481,3,3,3,Serie A,Kephren Thuram
97,Giacomo Raspadori,Atalanta,13,784,3,3,1,Serie A,Giacomo Raspadori
98,Nicolò Cambiaghi,Bologna,28,1510,3,3,4,Serie A,Nicolo Cambiaghi
99,Morten Thorsby,"Cremonese,Genoa",24,1390,3,3,1,Serie A,Morten Thorsby
100,Alexis Saelemaekers,AC Milan,35,2819,3,3,3,Serie A,Alexis Saelemaekers
101,Junior Messias,Genoa,20,655,3,2,1,Serie A,Junior Messias
102,Adrián Bernabé,Parma Calcio 1913,32,2542,3,3,1,Serie A,Adrian Bernabe
103,Tommaso Pobega,Bologna,26,1446,3,3,1,Serie A,Tommaso Pobega
104,Giorgio Scalvini,Atalanta,24,1841,3,3,1,Serie A,Giorgio Scalvini
105,Denzel Dumfries,Inter,20,1332,3,3,1,Serie A,Denzel Dumfries
106,Andrea Cambiaso,Juventus,36,2846,3,3,4,Serie A,Andrea Cambiaso
107,Jonathan Rowe,Bologna,28,1612,3,3,2,Serie A,Jonathan Rowe
108,Evan Ferguson,Roma,16,777,3,3,2,Serie A,Evan Ferguson
109,Charles De Ketelaere,Atalanta,31,2206,3,3,5,Serie A,Charles De Ketelaere
110,Adam Buksa,Udinese,25,886,3,3,0,Serie A,Adam Buksa
111,Máximo Perrone,Como,36,2758,3,3,4,Serie A,Maximo Perrone
112,Artem Dovbyk,Roma,14,364,3,3,1,Serie A,Artem Dovbyk
113,Cher Ndour,Fiorentina,33,1875,3,3,0,Serie A,Cher Ndour
114,Thomas Thiesson Kristensen,Udinese,28,2482,3,3,0,Serie A,Thomas Thiesson Kristensen
115,Jeff Ekhator,Genoa,30,930,3,3,0,Serie A,Jeff Ekhator
116,David Neres,Napoli,16,932,3,3,3,Serie A,David Neres
117,Francisco Conceição,Juventus,31,2124,3,3,5,Serie A,Francisco Conceicao
118,Giovane,"Napoli,Verona",33,1873,3,3,5,Serie A,Giovane
119,Jayden Addai,Como,12,688,3,3,0,Serie A,Jayden Addai
120,Kenneth Taylor,Lazio,17,1418,3,3,2,Serie A,Kenneth Taylor
121,Suat Serdar,Verona,20,1102,2,2,0,Serie A,Suat Serdar
122,Alberto Moreno,Como,19,1240,2,2,1,Serie A,Alberto Moreno
123,Bryan Cristante,Roma,37,3116,2,2,1,Serie A,Bryan Cristante
124,Andrea Belotti,Cagliari,8,212,2,1,0,Serie A,Andrea Belotti
125,Paulo Dybala,Roma,22,1360,2,2,6,Serie A,Paulo Dybala
126,Matteo Politano,Napoli,34,2249,2,2,6,Serie A,Matteo Politano
127,Luca Mazzitelli,Cagliari,18,753,2,2,2,Serie A,Luca Mazzitelli
128,Luka Modric,AC Milan,34,2827,2,2,3,Serie A,Luka Modric
129,Ademola Lookman,Atalanta,12,803,2,2,0,Serie A,Ademola Lookman
130,Matteo Guendouzi,Lazio,16,1434,2,2,1,Serie A,Matteo Guendouzi
131,Guillermo Maripán,Torino,27,2151,2,2,0,Serie A,Guillermo Maripan
132,Antonio Caracciolo,Pisa,35,3077,2,2,0,Serie A,Antonio Caracciolo
133,Mehdi Leris,Pisa,34,1910,2,2,3,Serie A,Mehdi Leris
134,Manuel Akanji,Inter,33,2814,2,2,0,Serie A,Manuel Akanji
135,Yerry Mina,Cagliari,26,2162,2,2,0,Serie A,Yerry Mina
136,Enrico Del Prato,Parma Calcio 1913,35,2958,2,2,0,Serie A,Enrico Del Prato
137,Toma Basic,Lazio,23,1764,2,2,3,Serie A,Toma Basic
138,Youssouf Fofana,AC Milan,33,2231,2,2,3,Serie A,Youssouf Fofana
139,Giovanni Di Lorenzo,Napoli,26,2278,2,2,1,Serie A,Giovanni Di Lorenzo
140,Marco Brescianini,"Atalanta,Fiorentina",26,1018,2,2,1,Serie A,Marco Brescianini
141,Maxence Caqueret,Como,30,1493,2,2,6,Serie A,Maxence Caqueret
142,Nicolo Fagioli,Fiorentina,33,2588,2,2,3,Serie A,Nicolo Fagioli
143,Kouadio Kone,Roma,29,2468,2,2,3,Serie A,Kouadio Kone
144,Gianluca Gaetano,Cagliari,33,1920,2,2,4,Serie A,Gianluca Gaetano
145,Kingsley Ehizibue,Udinese,32,1810,2,2,0,Serie A,Kingsley Ehizibue
146,Amir Rrahmani,Napoli,21,1809,2,2,1,Serie A,Amir Rrahmani
147,Gabriel Strefezza,Parma Calcio 1913,14,1026,2,2,2,Serie A,Gabriel Strefezza
148,Daniel Maldini,"Atalanta,Lazio",21,944,2,2,1,Serie A,Daniel Maldini
149,Lazar Samardzic,Atalanta,26,1005,2,2,1,Serie A,Lazar Samardzic
150,Filippo Terracciano,Cremonese,36,3023,2,2,0,Serie A,Filippo Terracciano
151,Mergim Vojvoda,Como,30,1602,2,2,2,Serie A,Mergim Vojvoda
152,Matteo Tramoni,Pisa,27,1630,2,1,2,Serie A,Matteo Tramoni
153,Nicola Zalewski,Atalanta,33,1917,2,2,4,Serie A,Nicola Zalewski
154,Kamaldeen Sulemana,Atalanta,25,993,2,2,1,Serie A,Kamaldeen Sulemana
155,David Okereke,Cremonese,10,397,2,2,0,Serie A,David Okereke
156,Cristian Volpato,Sassuolo,24,1060,2,2,4,Serie A,Cristian Volpato
157,Éderson,Atalanta,30,2253,2,1,1,Serie A,Ederson
158,Manor Solomon,Fiorentina,16,872,2,2,1,Serie A,Manor Solomon
159,Thijs Dallinga,Bologna,23,785,2,2,2,Serie A,Thijs Dallinga
160,Federico Baschirotto,Cremonese,29,2540,2,2,0,Serie A,Federico Baschirotto
161,Medon Berisha,Lecce,13,893,2,2,3,Serie A,Medon Berisha
162,Valentín Castellanos,Lazio,11,697,2,2,3,Serie A,Valentin Castellanos
163,Federico Gatti,Juventus,21,1081,2,2,0,Serie A,Federico Gatti
164,Juan Cabal,Juventus,12,262,2,2,0,Serie A,Juan Cabal
165,Niccolò Pisilli,Roma,25,1263,2,2,4,Serie A,Niccolo Pisilli
166,Michael Folorunsho,Cagliari,27,2032,2,2,0,Serie A,Michael Folorunsho
167,Sam Beukema,Napoli,24,1675,2,2,0,Serie A,Sam Beukema
168,Giovanni Fabbian,"Bologna,Fiorentina",29,1160,2,2,0,Serie A,Giovanni Fabbian
169,Davide Bartesaghi,AC Milan,31,2447,2,2,0,Serie A,Davide Bartesaghi
170,Assane Diao,Como,17,1098,2,2,1,Serie A,Assane Diao
171,Jacobo Ramón,Como,32,2744,2,2,0,Serie A,Jacobo Ramon
172,Martin Frese,Verona,31,2429,2,2,0,Serie A,Martin Frese
173,Mattia Felici,Cagliari,12,397,2,2,1,Serie A,Mattia Felici
174,Henrik Meister,Pisa,28,1494,2,2,0,Serie A,Henrik Meister
175,Alieu Fadera,Sassuolo,28,959,2,2,1,Serie A,Alieu Fadera
176,Jesús Rodriguez,Como,31,1728,2,2,9,Serie A,Jesus Rodriguez
177,Brooke Norton-Cuffy,Genoa,27,2221,2,2,1,Serie A,Brooke Norton-Cuffy
178,Tiago Gabriel,Lecce,37,3223,2,2,0,Serie A,Tiago Gabriel
179,Konan N’Dri,Lecce,27,474,2,2,0,Serie A,Konan N’Dri
180,Tarik Muharemovic,Sassuolo,32,2837,2,2,2,Serie A,Tarik Muharemovic
181,Zachary Athekame,AC Milan,27,804,2,2,2,Serie A,Zachary Athekame
182,Riyad Idrissi,Cagliari,23,737,2,2,0,Serie A,Riyad Idrissi
183,Rafik Belghali,Verona,26,1935,2,2,0,Serie A,Rafik Belghali
184,Petar Sucic,Inter,34,1763,2,2,2,Serie A,Petar Sucic
185,Omri Gandelman,Lecce,19,971,2,2,1,Serie A,Omri Gandelman
186,Nesta Elphege,Parma Calcio 1913,9,297,2,2,1,Serie A,Nesta Elphege
187,Paul Mendy,Cagliari,9,326,2,2,0,Serie A,Paul Mendy
188,Ulisses García,Sassuolo,13,941,1,1,2,Serie A,Ulisses Garcia
189,Romelu Lukaku,Napoli,5,33,1,1,0,Serie A,Romelu Lukaku
190,Nemanja Matic,Sassuolo,34,2686,1,1,1,Serie A,Nemanja Matic
191,Juan Cuadrado,Pisa,19,460,1,0,0,Serie A,Juan Cuadrado
192,Leonardo Pavoletti,Cagliari,13,193,1,1,1,Serie A,Leonardo Pavoletti
193,Manuel Locatelli,Juventus,36,3031,1,1,2,Serie A,Manuel Locatelli
194,Stephan El Shaarawy,Roma,20,623,1,1,2,Serie A,Stephan El Shaarawy
195,Matías Vecino,Lazio,13,592,1,1,1,Serie A,Matias Vecino
196,Remo Freuler,Bologna,29,2236,1,1,2,Serie A,Remo Freuler
197,Roberto Gagliardini,Verona,29,2212,1,1,0,Serie A,Roberto Gagliardini
198,Manuel De Luca,Cremonese,2,10,1,0,0,Serie A,Manuel De Luca
199,Sebastiano Luperto,"Cagliari,Cremonese",34,3024,1,1,1,Serie A,Sebastiano Luperto
200,Marten de Roon,Atalanta,34,2720,1,1,2,Serie A,Marten de Roon
201,Franco Vázquez,Cremonese,15,485,1,1,1,Serie A,Franco Vazquez
202,Antonio Sanabria,Cremonese,25,921,1,1,1,Serie A,Antonio Sanabria
203,Jean-Daniel Akpa-Akpro,Verona,22,1531,1,1,0,Serie A,Jean-Daniel Akpa-Akpro
204,Patrick Cutrone,Parma Calcio 1913,15,908,1,1,0,Serie A,Patrick Cutrone
205,Alessandro Bastoni,Inter,28,2269,1,1,4,Serie A,Alessandro Bastoni
206,Luca Pellegrini,Lazio,24,1485,1,1,0,Serie A,Luca Pellegrini
207,Aarón Martín,Genoa,33,2167,1,1,5,Serie A,Aaron Martin
208,Estupiñán,AC Milan,19,1045,1,1,1,Serie A,Estupinan
209,Stefan Posch,Como,14,362,1,1,0,Serie A,Stefan Posch
210,Diego Carlos,Como,27,1946,1,1,0,Serie A,Diego Carlos
211,Niclas Füllkrug,AC Milan,20,626,1,1,0,Serie A,Niclas Fullkrug
212,Stanislav Lobotka,Napoli,32,2442,1,1,1,Serie A,Stanislav Lobotka
213,Adam Marusic,Lazio,33,2794,1,1,2,Serie A,Adam Marusic
214,Antoine Bernede,Verona,32,2349,1,1,2,Serie A,Antoine Bernede
215,Riccardo Sottil,Lecce,21,1078,1,1,2,Serie A,Riccardo Sottil
216,Luca Ranieri,Fiorentina,34,2489,1,1,0,Serie A,Luca Ranieri
217,Ndary Adopo,Cagliari,38,3074,1,1,2,Serie A,Ndary Adopo
218,Mehmet Zeki Çelik,Roma,34,2747,1,1,2,Serie A,Mehmet Zeki Celik
219,Boulaye Dia,Lazio,27,1257,1,1,2,Serie A,Boulaye Dia
220,Juan Miranda,Bologna,32,2576,1,1,3,Serie A,Juan Miranda
221,Samuele Ricci,AC Milan,31,1273,1,1,4,Serie A,Samuele Ricci
222,Eljif Elmas,Napoli,33,1791,1,1,3,Serie A,Eljif Elmas
223,Billy Gilmour,Napoli,17,798,1,1,0,Serie A,Billy Gilmour
224,Lloyd Kelly,Juventus,35,2997,1,1,1,Serie A,Lloyd Kelly
225,Pierre Kalulu Kyatengwa,Juventus,37,3281,1,1,4,Serie A,Pierre Kalulu Kyatengwa
226,Miguel Gutiérrez,Napoli,28,1478,1,1,1,Serie A,Miguel Gutierrez
227,Rafael Obrador,Torino,16,1135,1,1,3,Serie A,Rafael Obrador
228,Nikola Moro,Bologna,30,1784,1,1,0,Serie A,Nikola Moro
229,Jack Harrison,Fiorentina,15,983,1,1,3,Serie A,Jack Harrison
230,Yunus Musah,"AC Milan,Atalanta",20,623,1,1,0,Serie A,Yunus Musah
231,Luis Henrique,Inter,30,1617,1,1,2,Serie A,Luis Henrique
232,Andy Diouf,Inter,19,462,1,1,0,Serie A,Andy Diouf
233,Odilon Kossounou,Atalanta,19,981,1,1,0,Serie A,Odilon Kossounou
234,Simone Canestrelli,Pisa,37,3200,1,1,0,Serie A,Simone Canestrelli
235,Alessandro Zanoli,Udinese,19,1314,1,1,2,Serie A,Alessandro Zanoli
236,Dennis Johnsen,Cremonese,11,390,1,1,1,Serie A,Dennis Johnsen
237,Youssef Maleh,"Cremonese,Lecce",23,1574,1,1,0,Serie A,Youssef Maleh
238,Fabiano Parisi,Fiorentina,23,1550,1,1,1,Serie A,Fabiano Parisi
239,Tommaso Baldanzi,"Genoa,Roma",18,787,1,1,2,Serie A,Tommaso Baldanzi
240,Koni de Winter,AC Milan,26,1797,1,1,1,Serie A,Koni de Winter
241,Fabio Miretti,Juventus,23,585,1,1,2,Serie A,Fabio Miretti
242,Johan Vásquez,Genoa,36,3219,1,1,0,Serie A,Johan Vasquez
243,Abdou Harroui,Verona,23,908,1,0,0,Serie A,Abdou Harroui
244,Iker Bravo,Udinese,8,199,1,1,0,Serie A,Iker Bravo
245,Antonio Vergara,Napoli,12,625,1,1,2,Serie A,Antonio Vergara
246,Morten Frendrup,Genoa,36,3093,1,1,0,Serie A,Morten Frendrup
247,Michel Aebischer,Pisa,35,2911,1,1,2,Serie A,Michel Aebischer
248,Loïs Openda,Juventus,24,631,1,1,0,Serie A,Lois Openda
249,Carlos Augusto,Inter,34,1745,1,1,1,Serie A,Carlos Augusto
250,Emirhan Ilkhan,Torino,19,1028,1,1,2,Serie A,Emirhan Ilkhan
251,Dodô,Fiorentina,36,3158,1,1,2,Serie A,Dodo
252,Emil Holm,"Bologna,Juventus",18,891,1,1,4,Serie A,Emil Holm
253,Mikael Ellertsson,Genoa,36,2770,1,1,1,Serie A,Mikael Ellertsson
254,Sulemana,"Bologna,Cagliari",19,866,1,1,0,Serie A,Sulemana
255,Jhon Lucumí,Bologna,29,2282,1,1,0,Serie A,Jhon Lucumi
256,Lewis Ferguson,Bologna,27,1576,1,1,0,Serie A,Lewis Ferguson
257,Isak Hien,Atalanta,28,1951,1,1,0,Serie A,Isak Hien
258,Cyril Ngonge,Torino,20,987,1,1,1,Serie A,Cyril Ngonge
259,Marco Palestra,Cagliari,37,3087,1,1,4,Serie A,Marco Palestra
260,Saúl Coco,Torino,35,3093,1,1,1,Serie A,Saul Coco
261,Pietro Comuzzo,Fiorentina,27,1697,1,1,0,Serie A,Pietro Comuzzo
262,Lorenzo Lucca,Napoli,16,381,1,1,0,Serie A,Lorenzo Lucca
263,Ylber Ramadani,Lecce,37,3236,1,1,0,Serie A,Ylber Ramadani
264,Gaetano Oristanio,Parma Calcio 1913,20,853,1,1,0,Serie A,Gaetano Oristanio
265,Matteo Prati,"Cagliari,Torino",33,1893,1,1,1,Serie A,Matteo Prati
266,Marcus Pedersen,Torino,29,2148,1,1,2,Serie A,Marcus Pedersen
267,Martín Payero,Cremonese,25,1469,1,1,0,Serie A,Martin Payero
268,Neil El Aynaoui,Roma,25,958,1,1,2,Serie A,Neil El Aynaoui
269,Francesco Camarda,Lecce,21,671,1,1,0,Serie A,Francesco Camarda
270,Santiago Pierotti,Lecce,37,2661,1,1,2,Serie A,Santiago Pierotti
271,Alieu Njie,Torino,15,266,1,1,1,Serie A,Alieu Njie
272,Alessandro Circati,Parma Calcio 1913,31,2667,1,1,0,Serie A,Alessandro Circati
273,Álex Valle,Como,28,2028,1,1,4,Serie A,Alex Valle
274,Jesper Karlström,Udinese,36,3164,1,1,0,Serie A,Jesper Karlstrom
275,Fisayo Dele-Bashiru,Lazio,24,1159,1,1,0,Serie A,Fisayo Dele-Bashiru
276,Vasilije Adzic,Juventus,10,142,1,1,0,Serie A,Vasilije Adzic
277,Mandela Keita,Parma Calcio 1913,37,3016,1,1,1,Serie A,Mandela Keita
278,Adrian Benedyczak,Parma Calcio 1913,14,476,1,0,1,Serie A,Adrian Benedyczak
279,Robinio Vaz,Roma,12,184,1,1,0,Serie A,Robinio Vaz
280,Devyne Rensch,Roma,24,1180,1,1,4,Serie A,Devyne Rensch
281,Idrissa Gueye,Udinese,19,368,1,1,0,Serie A,Idrissa Gueye
282,Jamil Siebert,Lecce,21,1701,1,1,0,Serie A,Jamil Siebert
283,Noa Lang,Napoli,18,645,1,1,2,Serie A,Noa Lang
284,Jari Vandeputte,Cremonese,32,1977,1,1,5,Serie A,Jari Vandeputte
285,Francesco Folino,Cremonese,18,690,1,1,0,Serie A,Francesco Folino
286,Nicolas Kühn,Como,23,643,1,1,1,Serie A,Nicolas Kuhn
287,Idrissa Touré,Pisa,32,2283,1,1,0,Serie A,Idrissa Toure
288,João Mário,"Bologna,Juventus",20,1003,1,1,0,Serie A,Joao Mario
289,Christian Ordóñez,Parma Calcio 1913,28,1076,1,1,0,Serie A,Christian Ordonez
290,Oliver Sørensen,Parma Calcio 1913,34,1834,1,1,1,Serie A,Oliver Sørensen
291,Jakub Piotrowski,Udinese,33,1702,1,1,1,Serie A,Jakub Piotrowski
292,Edoardo Iannoni,Sassuolo,15,230,1,1,0,Serie A,Edoardo Iannoni
293,Mariano Troilo,Parma Calcio 1913,21,1631,1,1,0,Serie A,Mariano Troilo
294,Lorran,Pisa,9,95,1,1,0,Serie A,Lorran
295,Juan Rodríguez,Cagliari,17,1327,1,1,0,Serie A,Juan Rodriguez
296,Yael Trepy,Cagliari,8,68,1,1,0,Serie A,Yael Trepy
297,Rafiu Durosinmi,Pisa,12,428,1,1,1,Serie A,Rafiu Durosinmi
298,Felipe Loyola,Pisa,11,541,1,1,0,Serie A,Felipe Loyola
299,Yann Sommer,Inter,33,2962,0,0,0,Serie A,Yann Sommer
300,Sead Kolasinac,Atalanta,19,1233,0,0,0,Serie A,Sead Kolasinac
301,David de Gea,Fiorentina,37,3330,0,0,0,Serie A,David de Gea
302,Matteo Darmian,Inter,6,241,0,0,0,Serie A,Matteo Darmian
303,Fikayo Tomori,AC Milan,33,2572,0,0,2,Serie A,Fikayo Tomori
304,Angelino,Roma,7,427,0,0,0,Serie A,Angelino
305,Mattia Perin,Juventus,9,766,0,0,0,Serie A,Mattia Perin
306,Alessio Romagnoli,Lazio,32,2670,0,0,0,Serie A,Alessio Romagnoli
307,Simone Scuffet,Pisa,7,630,0,0,0,Serie A,Simone Scuffet
308,Cristiano Biraghi,Torino,14,497,0,0,0,Serie A,Cristiano Biraghi
309,Lorenzo De Silvestri,Bologna,12,499,0,0,0,Serie A,Lorenzo De Silvestri
310,Daniele Padelli,Udinese,2,180,0,0,0,Serie A,Daniele Padelli
311,Patric,Lazio,14,657,0,0,0,Serie A,Patric
312,Ciro Immobile,Bologna,6,185,0,0,0,Serie A,Ciro Immobile
313,Juan Jesus,Napoli,24,1670,0,0,0,Serie A,Juan Jesus
314,Edin Dzeko,Fiorentina,11,220,0,0,0,Serie A,Edin Dzeko
315,Edoardo Goldaniga,Como,2,12,0,0,0,Serie A,Edoardo Goldaniga
316,Giuseppe Pezzella,Cremonese,31,2599,0,0,1,Serie A,Giuseppe Pezzella
317,Daniele Rugani,"Fiorentina,Juventus",12,577,0,0,0,Serie A,Daniele Rugani
318,Emil Audero,Cremonese,34,3060,0,0,0,Serie A,Emil Audero
319,Lukasz Skorupski,Bologna,19,1594,0,0,0,Serie A,Lukasz Skorupski
320,Federico Ceccherini,Cremonese,9,475,0,0,1,Serie A,Federico Ceccherini
321,Elseid Hysaj,Lazio,5,166,0,0,0,Serie A,Elseid Hysaj
322,Luca Lezzerini,Fiorentina,1,3,0,0,0,Serie A,Luca Lezzerini
323,Adam Masina,Torino,5,224,0,0,1,Serie A,Adam Masina
324,Pol Lirola,Verona,6,310,0,0,0,Serie A,Pol Lirola
325,Francesco Acerbi,Inter,18,1380,0,0,1,Serie A,Francesco Acerbi
326,Marco Sportiello,Atalanta,1,90,0,0,0,Serie A,Marco Sportiello
327,Alberto Grassi,Cremonese,30,1758,0,0,0,Serie A,Alberto Grassi
328,Stefan de Vrij,Inter,11,675,0,0,0,Serie A,Stefan de Vrij
329,Federico Ravaglia,Bologna,17,1468,0,0,0,Serie A,Federico Ravaglia
330,Arkadiusz Milik,Juventus,2,33,0,0,0,Serie A,Arkadiusz Milik
331,Raúl Albiol,Pisa,8,494,0,0,1,Serie A,Raul Albiol
332,Alessandro Deiola,Cagliari,20,1444,0,0,2,Serie A,Alessandro Deiola
333,Álvaro Morata,Como,26,917,0,0,1,Serie A,Alvaro Morata
334,Matteo Bianchetti,Cremonese,27,2222,0,0,2,Serie A,Matteo Bianchetti
335,Nicola Leali,Genoa,22,1843,0,0,0,Serie A,Nicola Leali
336,Alex Meret,Napoli,11,982,0,0,1,Serie A,Alex Meret
337,Stefano Sabelli,Genoa,16,930,0,0,0,Serie A,Stefano Sabelli
338,Daniele Sommariva,Genoa,2,176,0,0,0,Serie A,Daniele Sommariva
339,Berat Gjimshiti,Atalanta,34,2522,0,0,0,Serie A,Berat Gjimshiti
340,Nicholas Pierini,Sassuolo,11,116,0,0,0,Serie A,Nicholas Pierini
341,Filippo Romagna,Sassuolo,5,319,0,0,0,Serie A,Filippo Romagna
342,Sergi Roberto,Como,20,507,0,0,0,Serie A,Sergi Roberto
343,Maxwel Cornet,Genoa,8,110,0,0,0,Serie A,Maxwel Cornet
344,Benjamin Pavard,Inter,1,90,0,0,0,Serie A,Benjamin Pavard
345,Hassane Kamara,Udinese,26,1883,0,0,2,Serie A,Hassane Kamara
346,Mike Maignan,AC Milan,37,3296,0,0,0,Serie A,Mike Maignan
347,Milan Djuric,"Cremonese,Parma Calcio 1913",23,411,0,0,1,Serie A,Milan Djuric
348,Nikita Contini,Napoli,1,8,0,0,0,Serie A,Nikita Contini
349,Arturo Calabresi,Pisa,26,1536,0,0,0,Serie A,Arturo Calabresi
350,Alessio Zerbin,Cremonese,32,1643,0,0,3,Serie A,Alessio Zerbin
351,Matteo Gabbia,AC Milan,30,2531,0,0,0,Serie A,Matteo Gabbia
352,Grigoris Kastanos,Verona,6,31,0,0,0,Serie A,Grigoris Kastanos
353,Davide Frattesi,Inter,22,523,0,0,0,Serie A,Davide Frattesi
354,Wladimiro Falcone,Lecce,38,3420,0,0,0,Serie A,Wladimiro Falcone
355,Marius Marin,Pisa,23,1307,0,0,0,Serie A,Marius Marin
356,Alessandro Buongiorno,Napoli,33,2526,0,0,1,Serie A,Alessandro Buongiorno
357,Leon Bailey,Roma,7,184,0,0,0,Serie A,Leon Bailey
358,Hernani,Parma Calcio 1913,4,58,0,0,0,Serie A,Hernani
359,Jean Butez,Como,38,3420,0,0,1,Serie A,Jean Butez
360,Adrien Tameze,Torino,24,1110,0,0,0,Serie A,Adrien Tameze
361,Nícolas,Pisa,6,540,0,0,0,Serie A,Nicolas
362,Marco Silvestri,Cremonese,4,360,0,0,0,Serie A,Marco Silvestri
363,Unai Núñez,Verona,17,1263,0,0,0,Serie A,Unai Nunez
364,Vanja Milinkovic-Savic,Napoli,27,2430,0,0,1,Serie A,Vanja Milinkovic-Savic
365,Manuel Lazzari,Lazio,23,917,0,0,0,Serie A,Manuel Lazzari
366,Abdelhamid Sabiri,Fiorentina,1,24,0,0,0,Serie A,Abdelhamid Sabiri
367,Valentino Lazaro,Torino,31,2273,0,0,2,Serie A,Valentino Lazaro
368,Mathías Olivera,Napoli,25,1370,0,0,0,Serie A,Mathias Olivera
369,Raoul Bellanova,Atalanta,24,1374,0,0,1,Serie A,Raoul Bellanova
370,Charalampos Lykogiannis,Bologna,10,627,0,0,1,Serie A,Charalampos Lykogiannis
371,Adrian Semper,Pisa,25,2250,0,0,0,Serie A,Adrian Semper
372,Pietro Terracciano,AC Milan,2,124,0,0,0,Serie A,Pietro Terracciano
373,Ivan Provedel,Lazio,27,2430,0,0,0,Serie A,Ivan Provedel
374,Arijanet Muric,Sassuolo,32,2880,0,0,0,Serie A,Arijanet Muric
375,Nicolás González,Juventus,2,14,0,0,0,Serie A,Nicolas Gonzalez
376,Elia Caprile,Cagliari,38,3420,0,0,0,Serie A,Elia Caprile
377,Christian Kouamé,Fiorentina,2,16,0,0,0,Serie A,Christian Kouame
378,Samuel Chukwueze,AC Milan,1,23,0,0,0,Serie A,Samuel Chukwueze
379,Nicolo Rovella,Lazio,11,510,0,0,1,Serie A,Nicolo Rovella
380,Hans Nicolussi Caviglia,"Fiorentina,Parma Calcio 1913",26,1456,0,0,4,Serie A,Hans Nicolussi Caviglia
381,Alessio Furlanetto,Lazio,2,180,0,0,0,Serie A,Alessio Furlanetto
382,Andrea Ghion,Sassuolo,1,7,0,0,0,Serie A,Andrea Ghion
383,Domagoj Bradaric,Verona,29,1976,0,0,1,Serie A,Domagoj Bradaric
384,Cheikh Niasse,Verona,20,973,0,0,1,Serie A,Cheikh Niasse
385,Antonino Gallo,Lecce,37,3063,0,0,4,Serie A,Antonino Gallo
386,Sebastian Walukiewicz,Sassuolo,34,2871,0,0,1,Serie A,Sebastian Walukiewicz
387,Stefano Turati,Sassuolo,6,535,0,0,0,Serie A,Stefano Turati
388,Niels Nkounkou,Torino,11,340,0,0,1,Serie A,Niels Nkounkou
389,Tariq Lamptey,Fiorentina,2,22,0,0,0,Serie A,Tariq Lamptey
390,Balthazar Pierret,Lecce,3,20,0,0,0,Serie A,Balthazar Pierret
391,Edoardo Corvi,Parma Calcio 1913,17,1530,0,0,0,Serie A,Edoardo Corvi
392,Marin Pongracic,Fiorentina,35,2923,0,0,0,Serie A,Marin Pongracic
393,Mitchel Bakker,Atalanta,1,7,0,0,0,Serie A,Mitchel Bakker
394,Razvan Sava,Udinese,7,620,0,0,0,Serie A,Razvan Sava
395,Maduka Okoye,Udinese,30,2616,0,0,0,Serie A,Maduka Okoye
396,Jean Onana,Genoa,3,36,0,0,0,Serie A,Jean Onana
397,Pablo Marí,Fiorentina,11,810,0,0,0,Serie A,Pablo Mari
398,Faustino Anjorin,Torino,15,258,0,0,0,Serie A,Faustino Anjorin
399,Enzo Ebosse,"Torino,Verona",17,1342,0,0,1,Serie A,Enzo Ebosse
400,Oier Zarraga,Udinese,24,427,0,0,0,Serie A,Oier Zarraga
401,Ivan Ilic,Torino,8,414,0,0,0,Serie A,Ivan Ilic
402,Nicolò Casale,Bologna,12,672,0,0,0,Serie A,Nicolo Casale
403,Konstantinos Tsimikas,Roma,18,617,0,0,0,Serie A,Konstantinos Tsimikas
404,Gabriele Zappa,Cagliari,31,1583,0,0,3,Serie A,Gabriele Zappa
405,Marco Carnesecchi,Atalanta,37,3330,0,0,0,Serie A,Marco Carnesecchi
406,Lorenzo Montipò,Verona,35,3150,0,0,1,Serie A,Lorenzo Montipo
407,Tete Morente,Lecce,16,859,0,0,0,Serie A,Tete Morente
408,Lautaro Valenti,Parma Calcio 1913,27,2255,0,0,0,Serie A,Lautaro Valenti
409,Simon Sohm,"Bologna,Fiorentina",28,1447,0,0,1,Serie A,Simon Sohm
410,Filippo Rinaldi,Parma Calcio 1913,1,90,0,0,0,Serie A,Filippo Rinaldi
411,Alberto Paleari,Torino,29,2610,0,0,0,Serie A,Alberto Paleari
412,Josep Martínez,Inter,5,450,0,0,0,Serie A,Josep Martinez
413,Franco Ezequiel Carboni,Parma Calcio 1913,7,106,0,0,0,Serie A,Franco Ezequiel Carboni
414,Pontus Almqvist,Parma Calcio 1913,13,442,0,0,1,Serie A,Pontus Almqvist
415,Nahuel Estévez,Parma Calcio 1913,32,1001,0,0,1,Serie A,Nahuel Estevez
416,Ardian Ismajli,Torino,25,1907,0,0,1,Serie A,Ardian Ismajli
417,Alessandro Di Pardo,Cagliari,3,50,0,0,0,Serie A,Alessandro Di Pardo
418,Franco Israel,Torino,9,810,0,0,0,Serie A,Franco Israel
419,Niakhate Ndiaye,Parma Calcio 1913,11,786,0,0,0,Serie A,Niakhate Ndiaye
420,Nicolò Bertola,Udinese,28,1756,0,0,1,Serie A,Nicolo Bertola
421,Nuno Tavares,Lazio,23,1478,0,0,0,Serie A,Nuno Tavares
422,Armel Bella Kotchap,Verona,19,1347,0,0,0,Serie A,Armel Bella Kotchap
423,Kristjan Asllani,Torino,15,1145,0,0,0,Serie A,Kristjan Asllani
424,Mattia Viti,Fiorentina,10,231,0,0,0,Serie A,Mattia Viti
425,Nadir Zortea,Bologna,32,1776,0,0,2,Serie A,Nadir Zortea
426,Nicolò Cavuoti,Cagliari,4,34,0,0,0,Serie A,Nicolo Cavuoti
427,Pasquale Mazzocchi,Napoli,16,288,0,0,1,Serie A,Pasquale Mazzocchi
428,Calvin Stengs,Pisa,4,36,0,0,0,Serie A,Calvin Stengs
429,Aster Vranckx,Sassuolo,16,693,0,0,0,Serie A,Aster Vranckx
430,Teun Koopmeiners,Juventus,33,1803,0,0,0,Serie A,Teun Koopmeiners
431,Oliver Christensen,Fiorentina,1,87,0,0,0,Serie A,Oliver Christensen
432,Jeremy Sarmiento,Cremonese,7,127,0,0,0,Serie A,Jeremy Sarmiento
433,Adam Obert,Cagliari,35,2813,0,0,3,Serie A,Adam Obert
434,Romano Floriani,Cremonese,28,1156,0,0,1,Serie A,Romano Floriani
435,Bryan Zaragoza,Roma,4,140,0,0,1,Serie A,Bryan Zaragoza
436,Gioele Zacchi,Sassuolo,1,5,0,0,0,Serie A,Gioele Zacchi
437,Sadik Fofana,Lecce,5,80,0,0,0,Serie A,Sadik Fofana
438,Jacopo Fazzini,Fiorentina,20,562,0,0,0,Serie A,Jacopo Fazzini
439,Edon Zhegrova,Juventus,19,330,0,0,0,Serie A,Edon Zhegrova
440,Samuele Angori,Pisa,35,2619,0,0,2,Serie A,Samuele Angori
441,Zito,Cagliari,12,304,0,0,0,Serie A,Zito
442,Fali Candé,Sassuolo,12,509,0,0,0,Serie A,Fali Cande
443,Giovanni Bonfanti,Pisa,9,501,0,0,0,Serie A,Giovanni Bonfanti
444,Giuseppe Ambrosino,Napoli,3,31,0,0,0,Serie A,Giuseppe Ambrosino
445,Jesús Santiago,Verona,2,2,0,0,0,Serie A,Jesus Santiago
446,Mario Gila,Lazio,31,2498,0,0,0,Serie A,Mario Gila
447,Samuel Iling-Junior,Pisa,5,104,0,0,0,Serie A,Samuel Iling-Junior
448,Jordan Zemura,Udinese,17,1119,0,0,1,Serie A,Jordan Zemura
449,Zakaria Aboukhlal,Torino,15,500,0,0,0,Serie A,Zakaria Aboukhlal
450,Sandi Lovric,"Udinese,Verona",14,505,0,0,1,Serie A,Sandi Lovric
451,Michele Di Gregorio,Juventus,30,2654,0,0,0,Serie A,Michele Di Gregorio
452,Warren Bondo,Cremonese,27,1788,0,0,0,Serie A,Warren Bondo
453,Thórir Helgason,Lecce,8,129,0,0,0,Serie A,Thorir Helgason
454,Alex Sala,Lecce,9,148,0,0,1,Serie A,Alex Sala
455,Mile Svilar,Roma,38,3420,0,0,0,Serie A,Mile Svilar
456,Simone Perilli,Verona,3,270,0,0,0,Serie A,Simone Perilli
457,Josh Doig,Sassuolo,30,1924,0,0,0,Serie A,Josh Doig
458,Emanuele Valeri,Parma Calcio 1913,34,2637,0,0,2,Serie A,Emanuele Valeri
459,Reda Belahyane,Lazio,13,601,0,0,2,Serie A,Reda Belahyane
460,Valentín Carboni,Genoa,12,345,0,0,0,Serie A,Valentin Carboni
461,Tommaso Barbieri,Cremonese,29,1696,0,0,1,Serie A,Tommaso Barbieri
462,Gvidas Gineitis,Torino,29,1778,0,0,1,Serie A,Gvidas Gineitis
463,Ali Dembélé,Torino,2,15,0,0,0,Serie A,Ali Dembele
464,Amin Sarr,Verona,34,1046,0,0,1,Serie A,Amin Sarr
465,Lorenzo Bernasconi,Atalanta,23,1570,0,0,3,Serie A,Lorenzo Bernasconi
466,David Odogu,AC Milan,2,3,0,0,0,Serie A,David Odogu
467,Ebenezer Akinsanmiro,Pisa,24,1441,0,0,1,Serie A,Ebenezer Akinsanmiro
468,Amir Richardson,Fiorentina,2,35,0,0,0,Serie A,Amir Richardson
469,Luca Marianucci,"Napoli,Torino",12,688,0,0,1,Serie A,Luca Marianucci
470,Raffaele Di Gennaro,Inter,1,8,0,0,0,Serie A,Raffaele Di Gennaro
471,Filip Stojilkovic,Pisa,13,660,0,0,0,Serie A,Filip Stojilkovic
472,Luca Lipani,Sassuolo,24,1011,0,0,1,Serie A,Luca Lipani
473,Daniel Boloca,Sassuolo,2,137,0,0,0,Serie A,Daniel Boloca
474,Mohamed Kaba,Lecce,15,614,0,0,0,Serie A,Mohamed Kaba
475,Alberto Dossena,Cagliari,12,850,0,0,1,Serie A,Alberto Dossena
476,Mateus Lusuardi,Pisa,3,202,0,0,0,Serie A,Mateus Lusuardi
477,Seydou Fini,Genoa,1,30,0,0,0,Serie A,Seydou Fini
478,Tomás Suslov,Verona,11,441,0,0,0,Serie A,Tomas Suslov
479,Alejandro Jiménez,AC Milan,1,42,0,0,0,Serie A,Alejandro Jimenez
480,Saba Goglichidze,Udinese,8,418,0,0,0,Serie A,Saba Goglichidze
481,Faris Moumbagna,Cremonese,5,72,0,0,0,Serie A,Faris Moumbagna
482,Mikayil Faye,Cremonese,8,238,0,0,0,Serie A,Mikayil Faye
483,Darryl Bakola,Sassuolo,6,116,0,0,1,Serie A,Darryl Bakola
484,Niccolò Fortini,Fiorentina,16,488,0,0,0,Serie A,Niccolo Fortini
485,Matteo Palma,Udinese,5,109,0,0,0,Serie A,Matteo Palma
486,Junior Ajayi,Verona,1,1,0,0,0,Serie A,Junior Ajayi
487,Gaël Lafont,Genoa,1,6,0,0,0,Serie A,Gael Lafont
488,Patrizio Masini,Genoa,28,1379,0,0,1,Serie A,Patrizio Masini
489,Honest Ahanor,Atalanta,22,1368,0,0,0,Serie A,Honest Ahanor
490,Zion Suzuki,Parma Calcio 1913,20,1800,0,0,0,Serie A,Zion Suzuki
491,Woyo Coulibaly,Sassuolo,20,1023,0,0,0,Serie A,Woyo Coulibaly
492,Daniel Mikolajewski,Parma Calcio 1913,3,68,0,0,0,Serie A,Daniel Mikolajewski
493,Daniel Mosquera,Verona,22,565,0,0,2,Serie A,Daniel Mosquera
494,Daniele Ghilardi,Roma,23,1070,0,0,0,Serie A,Daniele Ghilardi
495,Albert Grønbæk,Genoa,4,96,0,0,0,Serie A,Albert Grønbæk
496,Kialonda Gaspar,Lecce,23,1827,0,0,0,Serie A,Kialonda Gaspar
497,Dominic Vavassori,Atalanta,1,9,0,0,0,Serie A,Dominic Vavassori
498,Alessandro Marcandalli,Genoa,32,2597,0,0,2,Serie A,Alessandro Marcandalli
499,Jay Idzes,Sassuolo,35,3065,0,0,0,Serie A,Jay Idzes
500,Gaby Jean,Lecce,7,180,0,0,0,Serie A,Gaby Jean
501,Eddy Kouadio,Fiorentina,3,62,0,0,0,Serie A,Eddy Kouadio
502,Ignace Van der Brempt,Como,20,915,0,0,1,Serie A,Ignace Van der Brempt
503,Benjamín Domínguez,Bologna,15,553,0,0,3,Serie A,Benjamin Dominguez
504,Rui Modesto,Udinese,3,113,0,0,1,Serie A,Rui Modesto
505,Massimo Pessina,Bologna,4,353,0,0,0,Serie A,Massimo Pessina
506,Nicolás Valentini,Verona,21,1400,0,0,0,Serie A,Nicolas Valentini
507,Mathias Løvik,Parma Calcio 1913,9,480,0,0,0,Serie A,Mathias Løvik
508,Luka Topalovic,Inter,1,7,0,0,1,Serie A,Luka Topalovic
509,Alessandro Romano,Roma,2,5,0,0,0,Serie A,Alessandro Romano
510,Lorenzo Venturino,"Genoa,Roma",12,224,0,0,0,Serie A,Lorenzo Venturino
511,Jacob Ondrejka,Parma Calcio 1913,16,768,0,0,0,Serie A,Jacob Ondrejka
512,Danilo Veiga,Lecce,36,3026,0,0,1,Serie A,Danilo Veiga
513,Daniel Oyegoke,Verona,15,597,0,0,0,Serie A,Daniel Oyegoke
514,Al Musrati,Verona,18,832,0,0,1,Serie A,Al Musrati
515,Ivan Smolcic,Como,28,1685,0,0,1,Serie A,Ivan Smolcic
516,Oliver Provstgaard,Lazio,26,1515,0,0,0,Serie A,Oliver Provstgaard
517,Victor Nelsson,Verona,38,3316,0,0,0,Serie A,Victor Nelsson
518,Santiago Giménez,AC Milan,16,905,0,0,1,Serie A,Santiago Gimenez
519,Sebastian Otoa,Genoa,13,829,0,0,0,Serie A,Sebastian Otoa
520,Tobias Slotsager,Verona,8,435,0,0,0,Serie A,Tobias Slotsager
521,Abdoulaye Camara,Udinese,1,9,0,0,0,Serie A,Abdoulaye Camara
522,Matteo Cocchi,Inter,1,14,0,0,0,Serie A,Matteo Cocchi
523,Filippo Carbone,Genoa,1,6,0,0,0,Serie A,Filippo Carbone
524,Joi Nuredini,Genoa,1,1,0,0,0,Serie A,Joi Nuredini
525,Nicolae Stanciu,Genoa,4,181,0,0,0,Serie A,Nicolae Stanciu
526,Owen Kouassi,Lecce,4,231,0,0,0,Serie A,Owen Kouassi
527,Corrie Ndaba,Lecce,14,533,0,0,0,Serie A,Corrie Ndaba
528,Matías Pérez,Lecce,1,31,0,0,0,Serie A,Matias Perez
529,Olaf Gorter,Lecce,2,27,0,0,0,Serie A,Olaf Gorter
530,Luca Moro,Sassuolo,14,181,0,0,0,Serie A,Luca Moro
531,Martin Vitík,Bologna,19,1320,0,0,0,Serie A,Martin Vitik
532,Torbjørn Heggem,Bologna,27,2109,0,0,0,Serie A,Torbjørn Heggem
533,Ardon Jashari,AC Milan,14,703,0,0,1,Serie A,Ardon Jashari
534,Michele Collocolo,Cremonese,8,353,0,0,0,Serie A,Michele Collocolo
535,Dachi Lordkipanidze,Cremonese,1,27,0,0,0,Serie A,Dachi Lordkipanidze
536,Riccardo Braschi,Fiorentina,2,105,0,0,0,Serie A,Riccardo Braschi
537,Daniel Denoon,Pisa,2,126,0,0,0,Serie A,Daniel Denoon
538,Gabriele Piccinini,Pisa,25,825,0,0,0,Serie A,Gabriele Piccinini
539,Malthe Højholt,Pisa,17,857,0,0,0,Serie A,Malthe Højholt
540,Louis Buffon,Pisa,4,24,0,0,0,Serie A,Louis Buffon
541,Tjas Begic,Parma Calcio 1913,1,1,0,0,0,Serie A,Tjas Begic
542,Vakoun Bayo,Udinese,15,432,0,0,2,Serie A,Vakoun Bayo
543,Lennon Miller,Udinese,24,985,0,0,2,Serie A,Lennon Miller
544,Fallou Cham,Verona,6,225,0,0,0,Serie A,Fallou Cham
545,Cheveyo Mul,AC Milan,2,2,0,0,0,Serie A,Cheveyo Mul
546,Sascha Britschgi,Parma Calcio 1913,29,2103,0,0,2,Serie A,Sascha Britschgi
547,Antonio Arena,Roma,2,19,0,0,0,Serie A,Antonio Arena
548,Ioan Vermesan,Verona,6,66,0,0,0,Serie A,Ioan Vermesan
549,Zé Pedro,Cagliari,23,1723,0,0,1,Serie A,Ze Pedro
550,Joseph Liteta,Cagliari,4,277,0,0,0,Serie A,Joseph Liteta
551,Benjamín Cremaschi,Parma Calcio 1913,8,122,0,0,0,Serie A,Benjamin Cremaschi
552,Jan Ziólkowski,Roma,18,500,0,0,0,Serie A,Jan Ziolkowski
553,Tomás Esteves,Pisa,1,11,0,0,0,Serie A,Tomas Esteves
554,Isak Vural,Pisa,15,752,0,0,0,Serie A,Isak Vural
555,Cas Odenthal,Sassuolo,1,1,0,0,0,Serie A,Cas Odenthal
556,Laurs Skjellerup,Sassuolo,1,8,0,0,0,Serie A,Laurs Skjellerup
557,Pedro Felipe,Sassuolo,3,125,0,0,1,Serie A,Pedro Felipe
558,Francesco Coppola,Pisa,7,454,0,0,0,Serie A,Francesco Coppola
559,Alessandro Cardinali,Parma Calcio 1913,1,42,0,0,0,Serie A,Alessandro Cardinali
560,Andréa Le Borgne,Como,1,1,0,0,0,Serie A,Andrea Le Borgne
561,Mattia Mosconi,Inter,2,24,0,0,0,Serie A,Mattia Mosconi
562,Matteo Lavelli,Inter,1,6,0,0,0,Serie A,Matteo Lavelli
563,Christian Frangella,Sassuolo,1,1,0,0,0,Serie A,Christian Frangella
564,Tommaso Macchioni,Sassuolo,1,90,0,0,0,Serie A,Tommaso Macchioni
565,Brando Bettazzi,Pisa,1,12,0,0,0,Serie A,Brando Bettazzi
566,Petar Ratkov,Lazio,8,228,0,0,0,Serie A,Petar Ratkov
567,Oumar Ngom,Lecce,15,847,0,0,0,Serie A,Oumar Ngom
568,Isaac,Verona,3,31,0,0,0,Serie A,Isaac
569,Rosen Bozhinov,Pisa,9,619,0,0,0,Serie A,Rosen Bozhinov
570,Luís Balbo,Fiorentina,6,207,0,0,0,Serie A,Luis Balbo
571,Justin Bijlow,Genoa,16,1399,0,0,0,Serie A,Justin Bijlow
572,Nils Zätterström,Genoa,3,181,0,0,0,Serie A,Nils Zatterstrom
573,Eivind Helland,Bologna,6,497,0,0,0,Serie A,Eivind Helland
574,Juan Arizala,Udinese,10,173,0,0,0,Serie A,Juan Arizala
575,Edoardo Motta,Lazio,9,810,0,0,0,Serie A,Edoardo Motta
576,Agustín Albarracín,Cagliari,2,23,0,0,0,Serie A,Agustin Albarracin
577,Sandro Kulenovic,Torino,13,284,0,0,1,Serie A,Sandro Kulenovic
578,Andrias Edmundsson,Verona,15,1322,0,0,0,Serie A,Andrias Edmundsson
579,Alex Amorim,Genoa,11,554,0,0,0,Serie A,Alex Amorim
580,Branimir Mlacic,Udinese,7,159,0,0,0,Serie A,Branimir Mlacic
581,Adrian Przyborek,Lazio,1,7,0,0,0,Serie A,Adrian Przyborek
582,Othniël Raterink,Cagliari,1,4,0,0,0,Serie A,Othniel Raterink
583,Mamedi Doucouré,Genoa,1,7,0,0,0,Serie A,Mamedi Doucoure
584,Jacopo Grossi,Genoa,1,20,0,0,0,Serie A,Jacopo Grossi
585,Wedtoin Ouedraogo,Genoa,2,47,0,0,0,Serie A,Wedtoin Ouedraogo
586,Simone Lottici Tessadri,Cremonese,1,1,0,0,0,Serie A,Simone Lottici Tessadri
1,Esteban Lepaul,"Angers,Rennes",34,2761,21,18,5,Ligue 1,Esteban Lepaul
2,Mason Greenwood,Marseille,32,2503,16,10,7,Ligue 1,Mason Greenwood
3,Joaquín Panichelli,Strasbourg,27,2202,16,11,1,Ligue 1,Joaquin Panichelli
4,Folarin Balogun,Monaco,30,2281,13,10,4,Ligue 1,Folarin Balogun
5,Odsonne Edouard,Lens,29,1879,12,11,3,Ligue 1,Odsonne Edouard
6,Wesley Said,Lens,29,2061,12,11,2,Ligue 1,Wesley Said
7,Lassine Sinayoko,Auxerre,32,2811,12,9,4,Ligue 1,Lassine Sinayoko
8,Florian Thauvin,Lens,33,2510,11,9,6,Ligue 1,Florian Thauvin
9,Corentin Tolisso,Lyon,30,2319,11,9,4,Ligue 1,Corentin Tolisso
10,Anssumane Fati,Monaco,25,1058,11,8,0,Ligue 1,Anssumane Fati
11,Bradley Barcola,Paris Saint Germain,29,1778,11,11,1,Ligue 1,Bradley Barcola
12,Pierre-Emerick Aubameyang,Marseille,30,2074,10,10,5,Ligue 1,Pierre-Emerick Aubameyang
13,Ousmane Dembélé,Paris Saint Germain,22,1050,10,8,7,Ligue 1,Ousmane Dembele
14,Ahmadou Bamba Dieng,Lorient,22,1239,10,9,1,Ligue 1,Ahmadou Bamba Dieng
15,Pablo Pagis,Lorient,28,1799,10,8,5,Ligue 1,Pablo Pagis
16,Martial Godo,Strasbourg,28,1602,10,10,1,Ligue 1,Martial Godo
17,Pavel Sulc,Lyon,27,1562,10,10,3,Ligue 1,Pavel Sulc
18,Romain Del Castillo,Brest,32,2686,9,3,3,Ligue 1,Romain Del Castillo
19,Breel Embolo,Rennes,31,1870,9,9,3,Ligue 1,Breel Embolo
20,Ilan Kebbal,Paris FC,29,2247,9,6,4,Ligue 1,Ilan Kebbal
21,Gauthier Hein,Metz,29,2355,8,3,7,Ligue 1,Gauthier Hein
22,Amine Gouiri,Marseille,22,1318,8,8,3,Ligue 1,Amine Gouiri
23,Sofiane Diop,Nice,33,2191,8,6,2,Ligue 1,Sofiane Diop
24,Yann Gboho,Toulouse,31,2619,8,8,4,Ligue 1,Yann Gboho
25,Ludovic Ajorque,Brest,32,2834,8,8,9,Ligue 1,Ludovic Ajorque
26,Khvicha Kvaratskhelia,Paris Saint Germain,28,1477,8,7,4,Ligue 1,Khvicha Kvaratskhelia
27,Hákon Haraldsson,Lille,32,2517,8,8,2,Ligue 1,Hakon Haraldsson
28,Issa Soumaré,Le Havre,34,2942,8,7,5,Ligue 1,Issa Soumare
29,Matias Fernandez-Pardo,Lille,29,2408,8,6,5,Ligue 1,Matias Fernandez-Pardo
30,Olivier Giroud,Lille,30,1610,7,4,1,Ligue 1,Olivier Giroud
31,Désiré Doué,Paris Saint Germain,23,1372,7,7,4,Ligue 1,Desire Doue
32,Sebastian Nanasi,Strasbourg,19,1039,7,7,2,Ligue 1,Sebastian Nanasi
33,Emersonn,Toulouse,27,1517,7,7,2,Ligue 1,Emersonn
34,Matthis Abline,Nantes,32,2501,6,6,4,Ligue 1,Matthis Abline
35,Maghnes Akliouche,Monaco,31,2430,6,6,6,Ligue 1,Maghnes Akliouche
36,Gonçalo Ramos,Paris Saint Germain,30,1293,6,5,1,Ligue 1,Goncalo Ramos
37,Mousa Al Tamari,Rennes,33,2265,6,6,6,Ligue 1,Mousa Al Tamari
38,Igor Paixão,Marseille,30,1979,6,6,5,Ligue 1,Igor Paixao
39,Aleksandr Golovin,Monaco,25,1695,5,5,5,Ligue 1,Aleksandr Golovin
40,Ludovic Blas,Rennes,32,1521,5,3,4,Ligue 1,Ludovic Blas
41,Willem Geubbels,Paris FC,24,1013,5,4,0,Ligue 1,Willem Geubbels
42,Eric Junior Dina Ebimbe,Brest,27,1161,5,5,0,Ligue 1,Eric Junior Dina Ebimbe
43,Sepe Elye Wahi,Nice,14,937,5,4,1,Ligue 1,Sepe Elye Wahi
44,Kamory Doumbia,Brest,24,1805,5,5,4,Ligue 1,Kamory Doumbia
45,Frank Magri,Toulouse,17,1297,5,5,1,Ligue 1,Frank Magri
46,Remy Labeau Lascary,Brest,27,1177,5,5,1,Ligue 1,Remy Labeau Lascary
47,Aiyegun Tosin,Lorient,27,1068,5,5,0,Ligue 1,Aiyegun Tosin
48,João Neves,Paris Saint Germain,21,1280,5,5,1,Ligue 1,Joao Neves
49,Endrick,Lyon,16,1248,5,4,7,Ligue 1,Endrick
50,Rayan Fofana,Lens,25,759,5,5,0,Ligue 1,Rayan Fofana
51,Prosper Peter,Angers,29,1257,5,5,0,Ligue 1,Prosper Peter
52,Alimami Gory,Paris FC,24,959,5,5,1,Ligue 1,Alimami Gory
53,Hamza Igamane,Lille,13,406,5,5,1,Ligue 1,Hamza Igamane
54,Pierre-Emile Højbjerg,Marseille,32,2716,4,4,5,Ligue 1,Pierre-Emile Højbjerg
55,Jean-Victor Makengo,Lorient,31,1842,4,4,2,Ligue 1,Jean-Victor Makengo
56,Habib Diallo,Metz,25,1908,4,4,1,Ligue 1,Habib Diallo
57,Marshall Munetsi,Paris FC,15,985,4,4,1,Ligue 1,Marshall Munetsi
58,Mohamed Ali-Cho,Nice,24,1717,4,4,3,Ligue 1,Mohamed Ali-Cho
59,Felix Correia,Lille,34,2124,4,4,5,Ligue 1,Felix Correia
60,Nuno Mendes,Paris Saint Germain,20,1251,4,3,5,Ligue 1,Nuno Mendes
61,Sambou Soumano,Lorient,31,891,4,4,2,Ligue 1,Sambou Soumano
62,Mostafa Mohamed,Nantes,24,1152,4,4,0,Ligue 1,Mostafa Mohamed
63,Rassoul Ndiaye,Le Havre,33,2600,4,4,4,Ligue 1,Rassoul Ndiaye
64,Emanuel Emegha,Strasbourg,10,427,4,4,2,Ligue 1,Emanuel Emegha
65,Diego Moreira,Strasbourg,27,2063,4,4,7,Ligue 1,Diego Moreira
66,Roman Yaremchuk,Lyon,11,566,4,4,1,Ligue 1,Roman Yaremchuk
67,Aron Dønnum,Toulouse,28,2438,4,1,4,Ligue 1,Aron Dønnum
68,Senny Mayulu,Paris Saint Germain,26,1704,4,4,4,Ligue 1,Senny Mayulu
69,Sidiki Chérif,Angers,19,1187,4,4,0,Ligue 1,Sidiki Cherif
70,Robinio Vaz,Marseille,14,346,4,4,2,Ligue 1,Robinio Vaz
71,Afonso Moreira,Lyon,27,1695,4,4,7,Ligue 1,Afonso Moreira
72,Santiago Hidalgo,Toulouse,28,1297,4,4,6,Ligue 1,Santiago Hidalgo
73,Allan Saint-Maximin,Lens,10,380,3,3,3,Ligue 1,Allan Saint-Maximin
74,Youssef El-Arabi,Nantes,25,943,3,3,0,Ligue 1,Youssef El-Arabi
75,Djibril Sidibe,Toulouse,32,2169,3,2,4,Ligue 1,Djibril Sidibe
76,Adrien Thomasson,Lens,32,2714,3,3,9,Ligue 1,Adrien Thomasson
77,Angel Gomes,Marseille,14,919,3,3,0,Ligue 1,Angel Gomes
78,Jonathan Ikone,Paris FC,23,1107,3,3,1,Ligue 1,Jonathan Ikone
79,Ignatius Ganago,Nantes,13,844,3,2,1,Ligue 1,Ignatius Ganago
80,Mahdi Camara,Rennes,32,2670,3,3,1,Ligue 1,Mahdi Camara
81,Romain Perraud,Lille,30,2262,3,3,4,Ligue 1,Romain Perraud
82,Moses Simon,Paris FC,29,2062,3,3,3,Ligue 1,Moses Simon
83,Lee Kang-In,Paris Saint Germain,27,1527,3,3,4,Ligue 1,Lee Kang-In
84,Fabien Centonze,Nantes,15,738,3,3,0,Ligue 1,Fabien Centonze
85,Takumi Minamino,Monaco,15,976,3,3,2,Ligue 1,Takumi Minamino
86,Fodé Doucouré,Le Havre,26,1271,3,3,1,Ligue 1,Fode Doucoure
87,Sékou Mara,Auxerre,27,1231,3,3,2,Ligue 1,Sekou Mara
88,Charlie Cresswell,Toulouse,29,2537,3,3,2,Ligue 1,Charlie Cresswell
89,Luca Koleosho,Paris FC,16,517,3,3,1,Ligue 1,Luca Koleosho
90,Warren Zaïre-Emery,Paris Saint Germain,32,2460,3,3,4,Ligue 1,Warren Zaire-Emery
91,Kévin Danois,Auxerre,33,2852,3,3,1,Ligue 1,Kevin Danois
92,Julio Enciso,Strasbourg,27,1918,3,2,6,Ligue 1,Julio Enciso
93,Pierre Ganiou,Lens,23,2018,3,3,0,Ligue 1,Pierre Ganiou
94,Abner,Lyon,26,2182,3,3,2,Ligue 1,Abner
95,Tom Louchet,Nice,27,1344,3,3,2,Ligue 1,Tom Louchet
96,Simon Adingra,Monaco,14,871,3,3,2,Ligue 1,Simon Adingra
97,Lamine Camara,Monaco,24,1870,3,3,4,Ligue 1,Lamine Camara
98,Ethan Mbappé,Lille,18,530,3,3,1,Ligue 1,Ethan Mbappe
99,Mamadou Coulibaly,Monaco,25,1402,3,3,3,Ligue 1,Mamadou Coulibaly
100,Ibrahim Mbaye,Paris Saint Germain,24,973,3,3,2,Ligue 1,Ibrahim Mbaye
101,Ali Abdi,Nice,22,1156,3,3,0,Ligue 1,Ali Abdi
102,Mohamed Meïté,Rennes,17,502,3,3,2,Ligue 1,Mohamed Meite
103,Giorgi Tsitaishvili,Metz,33,2475,3,3,2,Ligue 1,Giorgi Tsitaishvili
104,Danny Namaso,Auxerre,30,2544,3,3,3,Ligue 1,Danny Namaso
105,Mamadou Sangaré,Lens,29,2347,3,3,4,Ligue 1,Mamadou Sangare
106,Noah Cadiou,Lorient,28,1851,3,3,1,Ligue 1,Noah Cadiou
107,Amine Sbaï,Angers,25,1865,3,3,1,Ligue 1,Amine Sbai
108,Bryan Okoh,Auxerre,13,1005,3,3,0,Ligue 1,Bryan Okoh
109,Nabil Bentaleb,Lille,26,1253,2,1,2,Ligue 1,Nabil Bentaleb
110,Ciro Immobile,Paris FC,12,736,2,2,2,Ligue 1,Ciro Immobile
111,Benjamin André,Lille,27,2328,2,2,2,Ligue 1,Benjamin Andre
112,Rémy Cabella,Nantes,11,561,2,1,0,Ligue 1,Remy Cabella
113,Jeremie Boga,Nice,14,645,2,2,2,Ligue 1,Jeremie Boga
114,Valentin Rongier,Rennes,31,2750,2,2,5,Ligue 1,Valentin Rongier
115,Abdoulaye Touré,Le Havre,11,740,2,2,0,Ligue 1,Abdoulaye Toure
116,Achraf Hakimi,Paris Saint Germain,18,1382,2,2,2,Ligue 1,Achraf Hakimi
117,Thomas Meunier,Lille,25,1911,2,2,2,Ligue 1,Thomas Meunier
118,Vincent Marchetti,Paris FC,23,798,2,2,1,Ligue 1,Vincent Marchetti
119,Ruben Aguilar,Lens,26,1751,2,2,2,Ligue 1,Ruben Aguilar
120,Denis Zakaria,Monaco,24,2039,2,2,1,Ligue 1,Denis Zakaria
121,Jessy Deminguet,Metz,31,2059,2,2,0,Ligue 1,Jessy Deminguet
122,Timothy Weah,Marseille,29,2286,2,2,2,Ligue 1,Timothy Weah
123,Naif Aguerd,Marseille,16,1407,2,2,0,Ligue 1,Naif Aguerd
124,Hamed Junior Traore,Marseille,13,612,2,2,1,Ligue 1,Hamed Junior Traore
125,Joris Chotard,Brest,33,2790,2,2,1,Ligue 1,Joris Chotard
126,Mama Baldé,Brest,18,712,2,2,2,Ligue 1,Mama Balde
127,Melvin Bard,Nice,29,2393,2,2,1,Ligue 1,Melvin Bard
128,Mbwana Samatta,Le Havre,27,1550,2,2,1,Ligue 1,Mbwana Samatta
129,Jean-Phillipe Krasso,Paris FC,25,1082,2,1,2,Ligue 1,Jean-Phillipe Krasso
130,Sinaly Diomande,Auxerre,24,2138,2,2,2,Ligue 1,Sinaly Diomande
131,Terem Igobor Moffi,Nice,10,484,2,2,0,Ligue 1,Terem Igobor Moffi
132,Martín Satriano,Lyon,11,696,2,2,1,Ligue 1,Martin Satriano
133,Théo Le Bris,Lorient,28,1915,2,2,2,Ligue 1,Theo Le Bris
134,Tyler Morton,Lyon,29,2549,2,2,2,Ligue 1,Tyler Morton
135,Louis Mouton,Angers,32,1947,2,2,1,Ligue 1,Louis Mouton
136,Mika Biereth,Monaco,32,1051,2,2,2,Ligue 1,Mika Biereth
137,Guemissongui Ouattara,Strasbourg,28,1763,2,2,0,Ligue 1,Guemissongui Ouattara
138,Yassin Belkhdim,Angers,27,2175,2,2,2,Ligue 1,Yassin Belkhdim
139,Guela Doué,Strasbourg,24,2065,2,2,6,Ligue 1,Guela Doue
140,Himad Abdelli,"Angers,Marseille",21,1075,2,0,0,Ligue 1,Himad Abdelli
141,Abdallah Sima,Lens,21,693,2,2,2,Ligue 1,Abdallah Sima
142,Ethan Nwaneri,Marseille,9,334,2,2,1,Ligue 1,Ethan Nwaneri
143,Lilian Raolisoa,Angers,32,1975,2,2,4,Ligue 1,Lilian Raolisoa
144,Samuel Amo-Ameyaw,Strasbourg,25,1010,2,2,2,Ligue 1,Samuel Amo-Ameyaw
145,Cristian Cásseres Jr.,Toulouse,30,2506,2,2,3,Ligue 1,Cristian Casseres Jr.
146,Yassine Kechta,Le Havre,30,1343,2,2,1,Ligue 1,Yassine Kechta
147,Koffi Kouao,Metz,27,2296,2,2,1,Ligue 1,Koffi Kouao
148,Sadibou Sané,Metz,23,1940,2,2,1,Ligue 1,Sadibou Sane
149,Amir Murillo,Marseille,16,978,2,2,1,Ligue 1,Amir Murillo
150,Arthur Avom,Lorient,31,2095,2,2,1,Ligue 1,Arthur Avom
151,Malick Fofana,Lyon,12,766,2,2,1,Ligue 1,Malick Fofana
152,Beraldo,Paris Saint Germain,20,1579,2,2,1,Ligue 1,Beraldo
153,Valentín Barco,Strasbourg,27,2187,2,2,4,Ligue 1,Valentin Barco
154,George Ilenikhena,Monaco,15,343,2,2,0,Ligue 1,George Ilenikhena
155,Dayann Methalie,Toulouse,27,1906,2,2,1,Ligue 1,Dayann Methalie
156,Bahereba Guirassy,Nantes,20,799,2,2,1,Ligue 1,Bahereba Guirassy
157,Saud Abdulhamid,Lens,25,1335,2,2,4,Ligue 1,Saud Abdulhamid
158,Abdelhamid Aït Boudlal,Rennes,20,1396,2,2,1,Ligue 1,Abdelhamid Ait Boudlal
159,Goduine Koyalipou,Angers,13,669,2,1,1,Ligue 1,Goduine Koyalipou
160,Rudy Matondo,"Auxerre,Paris FC",27,1333,2,2,0,Ligue 1,Rudy Matondo
161,Samson Baidoo,Lens,23,1823,2,2,1,Ligue 1,Samson Baidoo
162,Arsène Kouassi,Lorient,31,2642,2,2,6,Ligue 1,Arsene Kouassi
163,Giorgi Abuashvili,Metz,23,655,2,2,0,Ligue 1,Giorgi Abuashvili
164,Julián Vignolo,Toulouse,13,154,2,2,0,Ligue 1,Julian Vignolo
165,Djibirin Harouna,Angers,15,286,2,2,1,Ligue 1,Djibirin Harouna
166,Noah Nartey,Lyon,11,536,2,2,0,Ligue 1,Noah Nartey
167,Nathan Mbala,Metz,13,426,2,2,2,Ligue 1,Nathan Mbala
168,Giorgi Kvilitaia,Metz,10,503,2,2,0,Ligue 1,Giorgi Kvilitaia
169,Eric Dier,Monaco,9,693,1,1,0,Ligue 1,Eric Dier
170,Seko Fofana,Rennes,12,659,1,1,0,Ligue 1,Seko Fofana
171,Sofiane Boufal,Le Havre,17,1050,1,1,4,Ligue 1,Sofiane Boufal
172,Ainsley Maitland-Niles,Lyon,30,2496,1,1,4,Ligue 1,Ainsley Maitland-Niles
173,Fabián,Paris Saint Germain,20,1138,1,1,4,Ligue 1,Fabian
174,Aissa Mandi,Lille,29,2432,1,1,0,Ligue 1,Aissa Mandi
175,Gaetan Perrin,Lille,12,314,1,1,0,Ligue 1,Gaetan Perrin
176,Florian Sotoca,Lens,26,458,1,1,0,Ligue 1,Florian Sotoca
177,Benjamin Pavard,Marseille,27,1932,1,1,2,Ligue 1,Benjamin Pavard
178,Gautier Lloris,Le Havre,29,2397,1,1,1,Ligue 1,Gautier Lloris
179,Lucas Tousart,Brest,24,820,1,1,0,Ligue 1,Lucas Tousart
180,Jean-Philippe Gbamin,Metz,31,2487,1,1,1,Ligue 1,Jean-Philippe Gbamin
181,Laurent Abergel,Lorient,28,2347,1,1,0,Ligue 1,Laurent Abergel
182,Pierre Lees-Melou,"Brest,Paris FC",24,1971,1,1,3,Ligue 1,Pierre Lees-Melou
183,Arnaud Nordin,Rennes,10,586,1,1,3,Ligue 1,Arnaud Nordin
184,Hugo Magnetti,Brest,33,2721,1,1,1,Ligue 1,Hugo Magnetti
185,Matthieu Udol,Lens,34,3000,1,1,7,Ligue 1,Matthieu Udol
186,Chidozie Awaziem,Nantes,26,2239,1,1,2,Ligue 1,Chidozie Awaziem
187,Mohammed Salisu,Monaco,12,1080,1,1,0,Ligue 1,Mohammed Salisu
188,Francisco Sierralta,Auxerre,10,869,1,1,0,Ligue 1,Francisco Sierralta
189,Amadou Haidara,Lens,7,241,1,1,1,Ligue 1,Amadou Haidara
190,Sebastian Szymanski,Rennes,16,796,1,1,3,Ligue 1,Sebastian Szymanski
191,Brendan Chardonnet,Brest,29,2555,1,1,3,Ligue 1,Brendan Chardonnet
192,Hichem Boudaoui,Nice,25,1697,1,1,2,Ligue 1,Hichem Boudaoui
193,Boubacar Traore,Metz,20,1414,1,1,0,Ligue 1,Boubacar Traore
194,Georges Mikautadze,Lyon,2,180,1,1,0,Ligue 1,Georges Mikautadze
195,Jonathan Clauss,Nice,30,2529,1,1,6,Ligue 1,Jonathan Clauss
196,Vitinha,Paris Saint Germain,29,2122,1,1,7,Ligue 1,Vitinha
197,Dilane Bakwa,Strasbourg,3,94,1,1,2,Ligue 1,Dilane Bakwa
198,Marvin Senaya,Auxerre,25,1796,1,1,0,Ligue 1,Marvin Senaya
199,Quentin Merlin,Rennes,33,2534,1,1,5,Ligue 1,Quentin Merlin
200,Antoine Mendy,Nice,25,2105,1,1,0,Ligue 1,Antoine Mendy
201,Przemyslaw Frankowski,Rennes,19,1230,1,1,2,Ligue 1,Przemyslaw Frankowski
202,Jim Allevinah,Angers,6,110,1,1,0,Ligue 1,Jim Allevinah
203,Igor Silva,Lorient,17,1208,1,1,0,Ligue 1,Igor Silva
204,Andrew Omobamidele,Strasbourg,25,1336,1,1,0,Ligue 1,Andrew Omobamidele
205,Tanner Tessmann,Lyon,29,1938,1,1,0,Ligue 1,Tanner Tessmann
206,Lohann Doucet,Paris FC,5,114,1,1,0,Ligue 1,Lohann Doucet
207,Junior Mwanga,"Nantes,Strasbourg",20,1651,1,1,1,Ligue 1,Junior Mwanga
208,Rasmus Nicolaisen,Toulouse,32,2582,1,1,0,Ligue 1,Rasmus Nicolaisen
209,Anthony Rouault,Rennes,21,1723,1,1,0,Ligue 1,Anthony Rouault
210,Ousmane Camara,Angers,32,2724,1,1,0,Ligue 1,Ousmane Camara
211,Julien Le Cardinal,Brest,5,323,1,1,0,Ligue 1,Julien Le Cardinal
212,Warren Kamanzi,Toulouse,24,825,1,1,1,Ligue 1,Warren Kamanzi
213,Illia Zabarnyi,Paris Saint Germain,28,2387,1,1,0,Ligue 1,Illia Zabarnyi
214,Morgan Guilavogui,Lens,16,444,1,1,0,Ligue 1,Morgan Guilavogui
215,Arouna Sangante,Le Havre,28,2357,1,1,1,Ligue 1,Arouna Sangante
216,Josué Casimir,Auxerre,31,1509,1,1,0,Ligue 1,Josue Casimir
217,Oussama El Azzouzi,Auxerre,11,821,1,1,0,Ligue 1,Oussama El Azzouzi
218,Ibou Sané,Metz,16,520,1,1,1,Ligue 1,Ibou Sane
219,Samir El Mourabet,Strasbourg,33,2145,1,1,2,Ligue 1,Samir El Mourabet
220,Panos Katseris,Lorient,16,728,1,1,2,Ligue 1,Panos Katseris
221,Mohamed Bamba,Lorient,18,664,1,1,2,Ligue 1,Mohamed Bamba
222,Dehmaine Assoumani,Nantes,27,1261,1,1,0,Ligue 1,Dehmaine Assoumani
223,Stanis Idumbo Muzambo,Monaco,8,129,1,1,1,Ligue 1,Stanis Idumbo Muzambo
224,Simon Ebonog,Le Havre,30,1775,1,1,0,Ligue 1,Simon Ebonog
225,Yanis Zouaoui,Le Havre,30,2380,1,0,1,Ligue 1,Yanis Zouaoui
226,Ngal&#039;ayel Mukau,Lille,30,1548,1,1,0,Ligue 1,Ngal&#039;ayel Mukau
227,Osame Sahraoui,Lille,18,471,1,1,2,Ligue 1,Osame Sahraoui
228,Louis Leroux,Nantes,23,1443,1,1,1,Ligue 1,Louis Leroux
229,Jordan Teze,Monaco,33,2515,1,1,2,Ligue 1,Jordan Teze
230,Matt O&#039;Riley,Marseille,15,725,1,1,2,Ligue 1,Matt O&#039;Riley
231,Soriba Diaoune,Lille,10,160,1,1,1,Ligue 1,Soriba Diaoune
232,Stephan Zagadou,Le Havre,8,503,1,1,0,Ligue 1,Stephan Zagadou
233,Lanroy Machine,Angers,22,466,1,1,0,Ligue 1,Lanroy Machine
234,Quentin Ndjantou,Paris Saint Germain,10,344,1,1,1,Ligue 1,Quentin Ndjantou
235,Adam Karabec,Lyon,21,922,1,1,0,Ligue 1,Adam Karabec
236,Ruben Kluivert,Lyon,16,767,1,1,2,Ligue 1,Ruben Kluivert
237,Godson Kyeremeh,Le Havre,13,350,1,1,1,Ligue 1,Godson Kyeremeh
238,Felix Mambimbi,Le Havre,17,515,1,1,0,Ligue 1,Felix Mambimbi
239,Dro Fernández,Paris Saint Germain,12,680,1,1,0,Ligue 1,Dro Fernandez
240,Kojo Peprah Oppong,Nice,29,2440,1,1,0,Ligue 1,Kojo Peprah Oppong
241,Isak Jansson,Nice,22,623,1,1,0,Ligue 1,Isak Jansson
242,Mário Sauer,Toulouse,25,611,1,1,0,Ligue 1,Mario Sauer
243,Alexis Vossah,Toulouse,23,1097,1,1,1,Ligue 1,Alexis Vossah
244,Seny Koumbassa,Toulouse,9,432,1,1,0,Ligue 1,Seny Koumbassa
245,Nathan Ngoy,Lille,29,2397,1,1,2,Ligue 1,Nathan Ngoy
246,Marius Broholm,Lille,11,269,1,0,1,Ligue 1,Marius Broholm
247,Dermane Karim,Lorient,30,1371,1,1,2,Ligue 1,Dermane Karim
248,Samir Chergui,Paris FC,15,1157,1,1,0,Ligue 1,Samir Chergui
249,Nouha Dicko,Paris FC,8,51,1,1,1,Ligue 1,Nouha Dicko
250,Adama Camara,Paris FC,29,2198,1,1,0,Ligue 1,Adama Camara
251,Kendry Páez,Strasbourg,15,411,1,1,0,Ligue 1,Kendry Paez
252,Maxi Oyedele,Strasbourg,8,456,1,1,0,Ligue 1,Maxi Oyedele
253,Otávio,Paris FC,23,1907,1,1,0,Ligue 1,Otavio
254,Nordan Mukiele,Rennes,8,69,1,1,0,Ligue 1,Nordan Mukiele
255,Daouda Guindo,Brest,25,1689,1,1,1,Ligue 1,Daouda Guindo
256,Mayckel Lahdo,Nantes,8,434,1,1,1,Ligue 1,Mayckel Lahdo
257,Pathé Mboup,Brest,28,1028,1,1,0,Ligue 1,Pathe Mboup
258,Noam Obougou,Le Havre,5,84,1,1,0,Ligue 1,Noam Obougou
259,Kenny Quetant,Le Havre,9,378,1,1,0,Ligue 1,Kenny Quetant
260,Pape Diop,Toulouse,15,1187,1,1,2,Ligue 1,Pape Diop
261,Rémi Himbert,Lyon,6,114,1,1,0,Ligue 1,Remi Himbert
262,Kail Boudache,Nice,13,507,1,1,0,Ligue 1,Kail Boudache
263,Jacen Russell-Rowe,Toulouse,13,461,1,1,0,Ligue 1,Jacen Russell-Rowe
264,Jahyann Pandore,Metz,4,71,1,1,0,Ligue 1,Jahyann Pandore
265,Mezian Soares,Lens,1,10,1,1,0,Ligue 1,Mezian Soares
266,Dante,Nice,12,861,0,0,1,Ligue 1,Dante
267,Lukas Hradecky,Monaco,17,1445,0,0,0,Ligue 1,Lukas Hradecky
268,Ulisses García,Marseille,4,203,0,0,0,Ligue 1,Ulisses Garcia
269,Francis Coquelin,Nantes,16,669,0,0,1,Ligue 1,Francis Coquelin
270,Ben Chilwell,Strasbourg,20,1613,0,0,2,Ligue 1,Ben Chilwell
271,Chancel Mbemba,Lille,13,949,0,0,0,Ligue 1,Chancel Mbemba
272,Emerson,Marseille,28,2110,0,0,3,Ligue 1,Emerson
273,Assane Diousse,Auxerre,15,187,0,0,0,Ligue 1,Assane Diousse
274,Pol Lirola,Marseille,3,19,0,0,0,Ligue 1,Pol Lirola
275,Geoffrey Kondogbia,Marseille,10,635,0,0,0,Ligue 1,Geoffrey Kondogbia
276,Paul Pogba,Monaco,6,102,0,0,0,Ligue 1,Paul Pogba
277,Joel Asoro,Metz,8,220,0,0,0,Ligue 1,Joel Asoro
278,Arthur Masuaku,Lens,4,235,0,0,0,Ligue 1,Arthur Masuaku
279,Timothée Kolodziejczak,Paris FC,11,660,0,0,0,Ligue 1,Timothee Kolodziejczak
280,Gerónimo Rulli,Marseille,29,2610,0,0,0,Ligue 1,Geronimo Rulli
281,Lucas Hernández,Paris Saint Germain,25,1749,0,0,3,Ligue 1,Lucas Hernandez
282,André Gomes,Lille,2,4,0,0,0,Ligue 1,Andre Gomes
283,Thilo Kehrer,Monaco,28,2368,0,0,0,Ligue 1,Thilo Kehrer
284,Hamari Traore,Paris FC,18,1169,0,0,1,Ligue 1,Hamari Traore
285,Frederic Guilbert,Nantes,8,614,0,0,0,Ligue 1,Frederic Guilbert
286,Anthony Lopes,Nantes,31,2789,0,0,0,Ligue 1,Anthony Lopes
287,Rachid Ghezzal,Lyon,10,211,0,0,0,Ligue 1,Rachid Ghezzal
288,Mathieu Gorgelin,Lens,1,90,0,0,0,Ligue 1,Mathieu Gorgelin
289,Kevin Trapp,Paris FC,22,1980,0,0,0,Ligue 1,Kevin Trapp
290,Benjamin Stambouli,Metz,19,948,0,0,0,Ligue 1,Benjamin Stambouli
291,Adrien Rabiot,Marseille,1,90,0,0,0,Ligue 1,Adrien Rabiot
292,Marquinhos,Paris Saint Germain,14,1040,0,0,0,Ligue 1,Marquinhos
293,Bouna Sarr,Metz,12,898,0,0,0,Ligue 1,Bouna Sarr
294,Maxime Dupé,Nice,8,720,0,0,0,Ligue 1,Maxime Dupe
295,Pierrick Capelle,Angers,16,643,0,0,1,Ligue 1,Pierrick Capelle
296,Neal Maupay,Marseille,1,1,0,0,0,Ligue 1,Neal Maupay
297,Morgan Sanson,Nice,31,1759,0,0,2,Ligue 1,Morgan Sanson
298,Maxime Lopez,Paris FC,26,1972,0,0,3,Ligue 1,Maxime Lopez
299,Kelvin Adou,Nantes,23,1964,0,0,1,Ligue 1,Kelvin Adou
300,Mathieu Cafaro,Paris FC,10,133,0,0,0,Ligue 1,Mathieu Cafaro
301,Brice Samba,Rennes,32,2880,0,0,0,Ligue 1,Brice Samba
302,Hans Hateboer,"Lyon,Rennes",16,744,0,0,0,Ligue 1,Hans Hateboer
303,Caio Henrique,Monaco,22,1527,0,0,2,Ligue 1,Caio Henrique
304,Matvey Safonov,Paris Saint Germain,15,1350,0,0,0,Ligue 1,Matvey Safonov
305,Malang Sarr,Lens,33,2933,0,0,1,Ligue 1,Malang Sarr
306,Karl-Johan Johnsson,Strasbourg,1,90,0,0,0,Ligue 1,Karl-Johan Johnsson
307,Abdoulaye Bamba,Angers,6,255,0,0,0,Ligue 1,Abdoulaye Bamba
308,Carlens Arcus,Angers,26,2053,0,0,3,Ligue 1,Carlens Arcus
309,Pierre-Yves Hamel,Paris FC,2,78,0,0,0,Ligue 1,Pierre-Yves Hamel
310,Remy Descamps,Lyon,5,450,0,0,0,Ligue 1,Remy Descamps
311,Fode Toure,Metz,13,866,0,0,0,Ligue 1,Fode Toure
312,Tanguy NDombele Alvaro,Nice,8,273,0,0,1,Ligue 1,Tanguy NDombele Alvaro
313,Bingourou Kamara,Lorient,3,270,0,0,0,Ligue 1,Bingourou Kamara
314,Kenny Lala,Brest,32,2793,0,0,3,Ligue 1,Kenny Lala
315,Moussa Niakhate,Lyon,32,2750,0,0,2,Ligue 1,Moussa Niakhate
316,Nicolas Cozza,Nantes,29,2297,0,0,1,Ligue 1,Nicolas Cozza
317,Kouakou Herve Koffi,Angers,30,2661,0,0,0,Ligue 1,Kouakou Herve Koffi
318,Orel Mangala,Lyon,9,414,0,0,0,Ligue 1,Orel Mangala
319,Yvon Mvogo,Lorient,31,2790,0,0,0,Ligue 1,Yvon Mvogo
320,Elisha Owusu,Auxerre,29,2366,0,0,0,Ligue 1,Elisha Owusu
321,Romain Faivre,Auxerre,10,592,0,0,2,Ligue 1,Romain Faivre
322,Yehvann Diouf,Nice,26,2340,0,0,0,Ligue 1,Yehvann Diouf
323,Jordan Lefort,Angers,34,3060,0,0,2,Ligue 1,Jordan Lefort
324,Ibrahima Sissoko,Nantes,13,811,0,0,0,Ligue 1,Ibrahima Sissoko
325,Jonathan Gradit,Lens,9,810,0,0,0,Ligue 1,Jonathan Gradit
326,Leonardo Balerdi,Marseille,26,1996,0,0,1,Ligue 1,Leonardo Balerdi
327,Younes Namli,Le Havre,12,300,0,0,1,Ligue 1,Younes Namli
328,Haris Belkebla,Angers,33,2894,0,0,0,Ligue 1,Haris Belkebla
329,Donovan Léon,Auxerre,29,2465,0,0,0,Ligue 1,Donovan Leon
330,Thomas Delaine,Le Havre,5,200,0,0,0,Ligue 1,Thomas Delaine
331,Uros Radakovic,Nantes,6,91,0,0,0,Ligue 1,Uros Radakovic
332,Lucas Gourna Douath,Le Havre,15,1275,0,0,0,Ligue 1,Lucas Gourna Douath
333,Lucas Chevalier,Paris Saint Germain,17,1530,0,0,0,Ligue 1,Lucas Chevalier
334,Radoslaw Majecki,Brest,10,868,0,0,0,Ligue 1,Radoslaw Majecki
335,Wout Faes,Monaco,14,1136,0,0,0,Ligue 1,Wout Faes
336,Thibault De Smet,Paris FC,17,1153,0,0,1,Ligue 1,Thibault De Smet
337,Facundo Medina,Marseille,17,1381,0,0,1,Ligue 1,Facundo Medina
338,Lilian Brassier,Rennes,27,2253,0,0,1,Ligue 1,Lilian Brassier
339,Cheick Tidiane Sabaly,Metz,14,972,0,0,2,Ligue 1,Cheick Tidiane Sabaly
340,Timothee Pembele,Le Havre,14,354,0,0,0,Ligue 1,Timothee Pembele
341,Kevin Omoruyi,Nice,23,864,0,0,0,Ligue 1,Kevin Omoruyi
342,Reda Khadra,Le Havre,8,208,0,0,0,Ligue 1,Reda Khadra
343,Naouirou Ahamada,Auxerre,15,676,0,0,1,Ligue 1,Naouirou Ahamada
344,Krépin Diatta,Monaco,18,997,0,0,1,Ligue 1,Krepin Diatta
345,Andy Diouf,Lens,1,90,0,0,0,Ligue 1,Andy Diouf
346,Mamadou Mbow,Paris FC,31,2711,0,0,1,Ligue 1,Mamadou Mbow
347,Grégoire Coudert,Brest,25,2188,0,0,0,Ligue 1,Gregoire Coudert
348,Christopher Wooh,Rennes,2,64,0,0,0,Ligue 1,Christopher Wooh
349,Deiver Machado,"Lens,Nantes",19,1201,0,0,1,Ligue 1,Deiver Machado
350,Salis Abdul Samed,Nice,18,935,0,0,0,Ligue 1,Salis Abdul Samed
351,Alidu Seidu,Rennes,21,1194,0,0,1,Ligue 1,Alidu Seidu
352,Pablo Rosario,Nice,1,19,0,0,0,Ligue 1,Pablo Rosario
353,Billal Brahimi,Nice,1,1,0,0,0,Ligue 1,Billal Brahimi
354,Bradley Locko,Brest,21,1281,0,0,2,Ligue 1,Bradley Locko
355,Bilal Nadir,Marseille,20,564,0,0,4,Ligue 1,Bilal Nadir
356,Bamo Meïté,Lorient,25,1977,0,0,3,Ligue 1,Bamo Meite
357,Dominik Greif,Lyon,29,2610,0,0,1,Ligue 1,Dominik Greif
358,Gideon Mensah,Auxerre,30,2353,0,0,2,Ligue 1,Gideon Mensah
359,Axel Camblan,Brest,1,6,0,0,0,Ligue 1,Axel Camblan
360,Montassar Talbi,Lorient,29,2610,0,0,1,Ligue 1,Montassar Talbi
361,Felix Lemarechal,Strasbourg,11,556,0,0,2,Ligue 1,Felix Lemarechal
362,Diego Coppola,Paris FC,13,1170,0,0,2,Ligue 1,Diego Coppola
363,Jonathan Rowe,Marseille,1,69,0,0,0,Ligue 1,Jonathan Rowe
364,CJ Egan-Riley,Marseille,11,624,0,0,0,Ligue 1,CJ Egan-Riley
365,Jacques Ekomie,Angers,32,2242,0,0,0,Ligue 1,Jacques Ekomie
366,Vanderson,Monaco,14,609,0,0,2,Ligue 1,Vanderson
367,Ismaël Doukouré,Strasbourg,25,2090,0,0,2,Ligue 1,Ismael Doukoure
368,Ugo Raghouber,Lille,1,1,0,0,0,Ligue 1,Ugo Raghouber
369,Soumaila Coulibaly,Brest,16,1343,0,0,0,Ligue 1,Soumaila Coulibaly
370,Nicolás Tagliafico,Lyon,20,1292,0,0,3,Ligue 1,Nicolas Tagliafico
371,Johann Lepenant,Nantes,27,2175,0,0,1,Ligue 1,Johann Lepenant
372,Robin Risser,Lens,33,2970,0,0,1,Ligue 1,Robin Risser
373,Ben Seghir,Monaco,2,40,0,0,0,Ligue 1,Ben Seghir
374,Mory Diaw,Le Havre,30,2662,0,0,1,Ligue 1,Mory Diaw
375,Branco van den Boomen,Angers,15,1254,0,0,1,Ligue 1,Branco van den Boomen
376,Kjetil Haug,Toulouse,1,27,0,0,0,Ligue 1,Kjetil Haug
377,Alexsandro Ribeiro,Lille,9,511,0,0,0,Ligue 1,Alexsandro Ribeiro
378,Darline Yongwa,Lorient,23,1285,0,0,1,Ligue 1,Darline Yongwa
379,Souleymane Isaak Touré,Lorient,1,25,0,0,0,Ligue 1,Souleymane Isaak Toure
380,Michel Diaz,Brest,20,1555,0,0,0,Ligue 1,Michel Diaz
381,Badredine Bouanani,Nice,2,88,0,0,0,Ligue 1,Badredine Bouanani
382,Christian Mawissa Elebi,Monaco,18,1178,0,0,0,Ligue 1,Christian Mawissa Elebi
383,Sael Kumbedi,Lyon,1,69,0,0,0,Ligue 1,Sael Kumbedi
384,Théo De Percin,Auxerre,8,589,0,0,0,Ligue 1,Theo De Percin
385,Mamadou Sarr,Strasbourg,15,1306,0,0,0,Ligue 1,Mamadou Sarr
386,David Datro Fofana,Strasbourg,5,172,0,0,0,Ligue 1,David Datro Fofana
387,Youssouf Ndayishimiye,Nice,2,71,0,0,0,Ligue 1,Youssouf Ndayishimiye
388,Ibrahim Salah,Rennes,2,22,0,0,0,Ligue 1,Ibrahim Salah
389,Justin-Noel Kalumba,Angers,4,224,0,0,0,Ligue 1,Justin-Noel Kalumba
390,Jérémy Jacquet,Rennes,19,1678,0,0,0,Ligue 1,Jeremy Jacquet
391,Tiago Santos,Lille,15,714,0,0,0,Ligue 1,Tiago Santos
392,Ousmane Touré,Lille,1,57,0,0,0,Ligue 1,Ousmane Toure
393,Formose Mendy,Lorient,2,142,0,0,0,Ligue 1,Formose Mendy
394,Guillaume Restes,Toulouse,33,2943,0,0,0,Ligue 1,Guillaume Restes
395,Philipp Köhn,Monaco,19,1615,0,0,0,Ligue 1,Philipp Kohn
396,Loïc Négo,Le Havre,30,2339,0,0,0,Ligue 1,Loic Nego
397,Étienne Youté,Le Havre,9,415,0,0,0,Ligue 1,Etienne Youte
398,Maxime Colin,Metz,22,1697,0,0,0,Ligue 1,Maxime Colin
399,Malick Mbaye,Metz,5,302,0,0,0,Ligue 1,Malick Mbaye
400,Abakar Sylla,"Nantes,Strasbourg",3,68,0,0,0,Ligue 1,Abakar Sylla
401,Clinton Mata,Lyon,32,2845,0,0,0,Ligue 1,Clinton Mata
402,William Pacho,Paris Saint Germain,23,1910,0,0,0,Ligue 1,William Pacho
403,Mohamed Kaba,Nantes,12,938,0,0,2,Ligue 1,Mohamed Kaba
404,Fodé Sylla,Lens,4,94,0,0,0,Ligue 1,Fode Sylla
405,Joseph N&#039;Duquidi,Metz,1,4,0,0,0,Ligue 1,Joseph N&#039;Duquidi
406,Joel Mvuka,Lorient,15,549,0,0,0,Ligue 1,Joel Mvuka
407,Fabian Rieder,Rennes,3,144,0,0,0,Ligue 1,Fabian Rieder
408,Bertug Yildirim,Rennes,1,1,0,0,0,Ligue 1,Bertug Yildirim
409,Ernest Nuamah,Lyon,3,16,0,0,0,Ligue 1,Ernest Nuamah
410,Gabriel Osho,Auxerre,2,139,0,0,0,Ligue 1,Gabriel Osho
411,Mahamadou Nagida,Rennes,19,780,0,0,0,Ligue 1,Mahamadou Nagida
412,Ayyoub Bouaddi,Lille,30,2354,0,0,1,Ligue 1,Ayyoub Bouaddi
413,Kassoum Ouattara,Monaco,15,992,0,0,3,Ligue 1,Kassoum Ouattara
414,Paris Brunner,Monaco,7,113,0,0,0,Ligue 1,Paris Brunner
415,Luc Zogbe,Brest,9,281,0,0,0,Ligue 1,Luc Zogbe
416,Renato Marin,Paris Saint Germain,2,180,0,0,0,Ligue 1,Renato Marin
417,Nhoa Sangui,Paris FC,26,1723,0,0,0,Ligue 1,Nhoa Sangui
418,Noah Edjouma,"Lille,Toulouse",15,319,0,0,0,Ligue 1,Noah Edjouma
419,Anthony Bermont,Lens,10,68,0,0,0,Ligue 1,Anthony Bermont
420,Lucas Michal,"Metz,Monaco",11,245,0,0,0,Ligue 1,Lucas Michal
421,Nathaniel Adjei,Lorient,15,830,0,0,0,Ligue 1,Nathaniel Adjei
422,Arthur Vermeeren,Marseille,20,806,0,0,1,Ligue 1,Arthur Vermeeren
423,Rabby Nzingoula,Strasbourg,4,44,0,0,0,Ligue 1,Rabby Nzingoula
424,Djaoui Cissé,Rennes,24,965,0,0,0,Ligue 1,Djaoui Cisse
425,Paul Argney,Le Havre,1,90,0,0,0,Ligue 1,Paul Argney
426,Mikayil Faye,Rennes,1,5,0,0,0,Ligue 1,Mikayil Faye
427,Vincent Burlet,Lille,1,13,0,0,0,Ligue 1,Vincent Burlet
428,Rafik Messali,Toulouse,12,493,0,0,0,Ligue 1,Rafik Messali
429,Darryl Bakola,Marseille,8,46,0,0,0,Ligue 1,Darryl Bakola
430,Daren Mosengo,Le Havre,7,90,0,0,0,Ligue 1,Daren Mosengo
431,Derek Cornelius,Marseille,2,58,0,0,0,Ligue 1,Derek Cornelius
432,Jeffrey de Lange,Marseille,5,450,0,0,0,Ligue 1,Jeffrey de Lange
433,Mathis Amougou,Strasbourg,12,407,0,0,0,Ligue 1,Mathis Amougou
434,Clément Akpa,Auxerre,26,1940,0,0,0,Ligue 1,Clement Akpa
435,Theo Bair,Auxerre,2,4,0,0,0,Ligue 1,Theo Bair
436,Lasso Coulibaly,Auxerre,17,271,0,0,0,Ligue 1,Lasso Coulibaly
437,Mark McKenzie,Toulouse,29,2407,0,0,2,Ligue 1,Mark McKenzie
438,Mathieu Acapandié,Nantes,6,258,0,0,0,Ligue 1,Mathieu Acapandie
439,Florent Hanin,Angers,25,857,0,0,0,Ligue 1,Florent Hanin
440,Melvin Zinga,Angers,3,219,0,0,0,Ligue 1,Melvin Zinga
441,Emmanuel Biumla,Angers,9,378,0,0,0,Ligue 1,Emmanuel Biumla
442,Glen Kamara,Rennes,4,47,0,0,0,Ligue 1,Glen Kamara
443,Ibrahim Kanté,Brest,1,6,0,0,0,Ligue 1,Ibrahim Kante
444,Moïse Bombito,Nice,2,154,0,0,0,Ligue 1,Moise Bombito
445,Enzo Molébé,Lyon,1,7,0,0,0,Ligue 1,Enzo Molebe
446,Hong Hyun-Seok,Nantes,6,281,0,0,0,Ligue 1,Hong Hyun-Seok
447,Serigne Diop,Brest,2,2,0,0,0,Ligue 1,Serigne Diop
448,Damián Pizarro,Le Havre,2,15,0,0,0,Ligue 1,Damian Pizarro
449,Patrik Carlgren,Nantes,3,181,0,0,0,Ligue 1,Patrik Carlgren
450,Jaydee Canvot,Toulouse,2,180,0,0,0,Ligue 1,Jaydee Canvot
451,Juma Bah,Nice,26,1947,0,0,0,Ligue 1,Juma Bah
452,Sékou Doucouré,Nantes,1,37,0,0,0,Ligue 1,Sekou Doucoure
453,Kyllian Antonio,Lens,4,183,0,0,1,Ligue 1,Kyllian Antonio
454,Marius Courcoul,Angers,18,336,0,0,0,Ligue 1,Marius Courcoul
455,Marius Louãr,Angers,9,535,0,0,0,Ligue 1,Marius Louar
456,Samuel Nibombé,Monaco,1,1,0,0,0,Ligue 1,Samuel Nibombe
457,Mathis Saka,Toulouse,1,2,0,0,0,Ligue 1,Mathis Saka
458,Aladji Bamba,Monaco,18,830,0,0,2,Ligue 1,Aladji Bamba
459,Amadou Cissé,Strasbourg,1,90,0,0,0,Ligue 1,Amadou Cisse
460,Everton Pereira,Nice,2,71,0,0,0,Ligue 1,Everton Pereira
461,Bernard Nguene,Nice,6,111,0,0,0,Ligue 1,Bernard Nguene
462,Raphaël Le Guen,Brest,6,365,0,0,0,Ligue 1,Raphael Le Guen
463,Henrick Do Marcolino,Rennes,1,1,0,0,0,Ligue 1,Henrick Do Marcolino
464,Justin Bourgault,Brest,1,12,0,0,0,Ligue 1,Justin Bourgault
465,Fredrik Oppegård,Auxerre,23,1238,0,0,0,Ligue 1,Fredrik Oppegard
466,Nidal Celik,Lens,8,637,0,0,0,Ligue 1,Nidal Celik
467,Aaron Anselmino,Strasbourg,3,12,0,0,0,Ligue 1,Aaron Anselmino
468,Hamidou Makalou,Brest,17,292,0,0,0,Ligue 1,Hamidou Makalou
469,Noham Kamara,Lyon,2,2,0,0,0,Ligue 1,Noham Kamara
470,Telli Siwe,Auxerre,4,320,0,0,0,Ligue 1,Telli Siwe
471,Ilyas Azizi,Toulouse,3,23,0,0,0,Ligue 1,Ilyas Azizi
472,Andrija Bulatovic,Lens,19,720,0,0,4,Ligue 1,Andrija Bulatovic
473,Khalis Merah,Lyon,22,1187,0,0,1,Ligue 1,Khalis Merah
474,Mathys de Carvalho,Lyon,11,279,0,0,0,Ligue 1,Mathys de Carvalho
475,Ayumu Seko,Le Havre,30,2629,0,0,0,Ligue 1,Ayumu Seko
476,Lionel Mpasi,Le Havre,4,308,0,0,0,Ligue 1,Lionel Mpasi
477,Georges Gomis,Le Havre,1,1,0,0,0,Ligue 1,Georges Gomis
478,Gabin Bernardeau,Nice,4,90,0,0,0,Ligue 1,Gabin Bernardeau
479,Djibril Coulibaly,Nice,2,6,0,0,0,Ligue 1,Djibril Coulibaly
480,Hamza Koutoune,Nice,1,1,0,0,0,Ligue 1,Hamza Koutoune
481,Berke Özer,Lille,32,2842,0,0,1,Ligue 1,Berke Ozer
482,Maxima Goffi,Lille,1,33,0,0,0,Ligue 1,Maxima Goffi
483,Arnaud Bodart,Lille,3,218,0,0,0,Ligue 1,Arnaud Bodart
484,Ibrahim Osman,Auxerre,14,631,0,0,2,Ligue 1,Ibrahim Osman
485,Lamine Sy,Auxerre,24,1519,0,0,0,Ligue 1,Lamine Sy
486,Oumar Pona,Angers,2,180,0,0,0,Ligue 1,Oumar Pona
487,Obed Nkambadio,Paris FC,12,1080,0,0,0,Ligue 1,Obed Nkambadio
488,Julien Lopez,Paris FC,5,31,0,0,0,Ligue 1,Julien Lopez
489,Tuomas Ollila,Paris FC,10,297,0,0,0,Ligue 1,Tuomas Ollila
490,Jonathan Fischer,Metz,27,2349,0,0,0,Ligue 1,Jonathan Fischer
491,Michel Mboula,Metz,14,756,0,0,0,Ligue 1,Michel Mboula
492,Brian Madjo,Metz,5,157,0,0,0,Ligue 1,Brian Madjo
493,Idrissa Gueye,Metz,3,126,0,0,0,Ligue 1,Idrissa Gueye
494,Alpha Touré,Metz,30,1591,0,0,1,Ligue 1,Alpha Toure
495,Pape Sy,Metz,8,711,0,0,0,Ligue 1,Pape Sy
496,Morgan Bokele,Metz,10,208,0,0,0,Ligue 1,Morgan Bokele
497,Mike Penders,Strasbourg,33,2970,0,0,0,Ligue 1,Mike Penders
498,Lucas Høgsberg,Strasbourg,24,1805,0,0,0,Ligue 1,Lucas Høgsberg
499,Tylel Tati,Nantes,20,1728,0,0,0,Ligue 1,Tylel Tati
500,Kwon Hyeok-Kyu,Nantes,12,777,0,0,0,Ligue 1,Kwon Hyeok-Kyu
501,Yassine Benhattab,Nantes,10,479,0,0,0,Ligue 1,Yassine Benhattab
502,Amady Camara,Nantes,10,131,0,0,0,Ligue 1,Amady Camara
503,Ismaël Guerti,Metz,3,15,0,0,0,Ligue 1,Ismael Guerti
504,Cleo Mélières,Metz,2,26,0,0,0,Ligue 1,Cleo Melieres
505,Abdoulaye Faye,Lorient,17,1444,0,0,0,Ligue 1,Abdoulaye Faye
506,Mathys Silistre,Rennes,2,180,0,0,0,Ligue 1,Mathys Silistre
507,Rafael Luís,Strasbourg,12,573,0,0,1,Ligue 1,Rafael Luis
508,Terry Yegbe,Metz,24,1977,0,0,1,Ligue 1,Terry Yegbe
509,Martin Bley,Lorient,1,1,0,0,0,Ligue 1,Martin Bley
510,Charles Vanhoutte,Nice,26,1801,0,0,2,Ligue 1,Charles Vanhoutte
511,Tiago Gouveia,Nice,15,507,0,0,0,Ligue 1,Tiago Gouveia
512,Bahmed Deuff,Nantes,11,213,0,0,0,Ligue 1,Bahmed Deuff
513,Calvin Verdonk,Lille,18,785,0,0,0,Ligue 1,Calvin Verdonk
514,Abu Francis,Toulouse,8,546,0,0,0,Ligue 1,Abu Francis
515,Ryan Rodin,Auxerre,3,16,0,0,0,Ligue 1,Ryan Rodin
516,Enzo Koffi,Le Havre,14,370,0,0,0,Ligue 1,Enzo Koffi
517,Pape Cabral,Monaco,4,53,0,0,0,Ligue 1,Pape Cabral
518,Mathis Jangeal,Paris Saint Germain,1,6,0,0,0,Ligue 1,Mathis Jangeal
519,Tidiane Devernois,Auxerre,2,2,0,0,0,Ligue 1,Tidiane Devernois
520,Believe Munongo,Metz,11,426,0,0,0,Ligue 1,Believe Munongo
521,Tadjidine Mmadi,Marseille,3,34,0,0,0,Ligue 1,Tadjidine Mmadi
522,Dan Sinaté,Angers,3,25,0,0,0,Ligue 1,Dan Sinate
523,Lucas Rosier,Rennes,2,2,0,0,0,Ligue 1,Lucas Rosier
524,Yvan Zaddy,Auxerre,1,1,0,0,0,Ligue 1,Yvan Zaddy
525,Brad-Hamilton Mantsounga,Nice,1,90,0,0,0,Ligue 1,Brad-Hamilton Mantsounga
526,Adil Hamdani,Lyon,4,20,0,0,0,Ligue 1,Adil Hamdani
527,Elias Legendre,Rennes,6,27,0,0,0,Ligue 1,Elias Legendre
528,Mamoudou Cissokho,Auxerre,2,2,0,0,0,Ligue 1,Mamoudou Cissokho
529,Zoumana Diallo,Nice,1,7,0,0,0,Ligue 1,Zoumana Diallo
530,Ilane Touré,Monaco,2,21,0,0,0,Ligue 1,Ilane Toure
531,Everton Pereira da Silva,Nice,1,71,0,0,0,Ligue 1,Everton Pereira da Silva
532,Noah Nsoki,Paris Saint Germain,1,4,0,0,0,Ligue 1,Noah Nsoki
533,Mohamed Benoit-Dao,Paris FC,1,1,0,0,0,Ligue 1,Mohamed Benoit-Dao
534,Erawan Garnier,Lens,1,2,0,0,0,Ligue 1,Erawan Garnier
535,Gessime Yassine,Strasbourg,12,505,0,0,1,Ligue 1,Gessime Yassine
536,Quinten Timber,Marseille,15,1135,0,0,0,Ligue 1,Quinten Timber
537,Ali Youssef,Nantes,1,90,0,0,0,Ligue 1,Ali Youssef
538,Tyrese Noubissie,Strasbourg,4,41,0,0,0,Ligue 1,Tyrese Noubissie
539,Ali Youssif,Nantes,12,875,0,0,0,Ligue 1,Ali Youssif
540,Yassir Zabiri,Rennes,6,29,0,0,0,Ligue 1,Yassir Zabiri
541,Jean-Baptiste Bosey,Strasbourg,1,1,0,0,0,Ligue 1,Jean-Baptiste Bosey
542,Tochukwu Nnadi,Marseille,8,354,0,0,1,Ligue 1,Tochukwu Nnadi
543,Ange Lago,Marseille,2,44,0,0,0,Ligue 1,Ange Lago
544,Daniel Semedo,Lorient,1,7,0,0,0,Ligue 1,Daniel Semedo
545,Steeve Kango,Lyon,4,76,0,0,0,Ligue 1,Steeve Kango
546,Bané Diatta,Angers,1,1,0,0,0,Ligue 1,Bane Diatta
547,Ugo El Kadmiri,Marseille,3,15,0,0,0,Ligue 1,Ugo El Kadmiri
548,Nouhoum Kamissoko,Marseille,3,14,0,0,0,Ligue 1,Nouhoum Kamissoko
549,Hilan Slimani,Marseille,1,1,0,0,0,Ligue 1,Hilan Slimani
550,Idrissa Sabaly,Strasbourg,1,58,0,0,0,Ligue 1,Idrissa Sabaly
551,Pierre Mounguengue,Paris Saint Germain,1,15,0,0,0,Ligue 1,Pierre Mounguengue
552,Yaya Diémé,Strasbourg,3,159,0,0,0,Ligue 1,Yaya Dieme
553,Dimitri Lucea,Paris Saint Germain,2,59,0,0,0,Ligue 1,Dimitri Lucea
