Unnamed: 0,Age,Overall rating,Potential,ID,foot,Acceleration,Sprint speed,Stamina,Strength,Interceptions,Vision,Composure,Standing tackle,Sliding tackle,GK Diving,GK Handling,GK Positioning,Weak foot,Skill moves,Attacking work rate,Defensive work rate,Unnamed: 28,Player_Name,Positions,Primary_Position,Match_Name,Club,Contract_End_Year,Height_cm,Weight_kg,Value_EUR,Wage_EUR,BMI,Value_per_Overall
,24,91,93,239085,Left,82,92,78,93,43,75,86,47,29,7,14,11,3,3,,,,E. Haaland,ST,ST,E. Haaland,Manchester City,2034,195.0,94.0,172500000.0,390000.0,24.72,1895604.4
,26,91,92,231747,Right,97,96,83,77,38,83,88,34,32,13,5,11,4,5,,,,K. Mbappé,ST LW LM,ST,K. Mbappe,Real Madrid,2029,182.0,81.0,157000000.0,610000.0,24.45,1725274.73
,28,90,90,231443,Left,93,89,76,69,45,84,88,49,39,6,6,10,5,5,,,,O. Dembélé,ST RW CAM,ST,O. Dembele,Paris Saint-Germain,2028,178.0,67.0,122500000.0,220000.0,21.15,1361111.11
,25,90,92,255253,Right,75,69,89,59,85,91,88,79,69,12,13,5,3,4,,,,Vitinha,CM CDM CAM,CM,Vitinha,Paris Saint-Germain,2029,172.0,64.0,149000000.0,185000.0,21.63,1655555.56
,31,90,90,202126,Right,63,65,76,87,42,86,92,44,42,8,10,14,4,3,,,,H. Kane,ST,ST,H. Kane,FC Bayern München,2027,188.0,86.0,101000000.0,170000.0,24.33,1122222.22
,22,90,93,251854,Right,79,76,90,73,86,91,92,85,79,12,7,8,4,4,,,,Pedri,CM CDM CAM,CM,Pedri,FC Barcelona,2030,174.0,60.0,165000000.0,180000.0,19.82,1833333.33
,33,90,90,192119,Left,42,52,38,70,15,60,66,18,16,86,89,88,3,1,,,,T. Courtois,GK,GK,T. Courtois,Real Madrid,2027,200.0,96.0,39000000.0,240000.0,24.0,433333.33
,27,89,90,232580,Left,61,67,71,89,89,63,79,88,90,12,8,10,2,2,,,,Gabriel,CB,CB,Gabriel,Arsenal,2029,190.0,87.0,104000000.0,250000.0,24.1,1168539.33
,33,89,89,209331,Left,87,86,85,75,55,88,89,43,41,14,14,11,3,4,,,,M. Salah,RM RW CAM,RM,M. Salah,Liverpool,2027,175.0,72.0,64000000.0,220000.0,23.51,719101.12
,26,89,91,230621,Right,50,55,41,75,26,60,54,14,16,90,83,87,3,1,,,,G. Donnarumma,GK,GK,G. Donnarumma,Manchester City,2030,196.0,90.0,97000000.0,150000.0,23.43,1089887.64
,29,89,89,231866,Right,65,65,86,83,84,84,92,87,82,10,10,14,4,3,,,,Rodri,CDM CM,CDM,Rodri,Manchester City,2027,190.0,82.0,88000000.0,250000.0,22.71,988764.04
,26,89,90,235212,Right,89,95,95,72,85,78,84,85,79,10,8,6,4,4,,,,A. Hakimi,RB RM,RB,A. Hakimi,Paris Saint-Germain,2029,181.0,73.0,111000000.0,170000.0,22.28,1247191.01
,30,89,89,212622,Right,75,70,92,69,85,86,87,86,85,8,15,15,4,3,,,,J. Kimmich,CDM RB CM,CDM,J. Kimmich,FC Bayern München,2029,177.0,75.0,86000000.0,140000.0,23.94,966292.13
,23,89,91,247827,Left,83,74,85,62,55,89,88,58,49,9,11,10,2,5,,,,M. Olise,RM RW CAM,RM,M. Olise,FC Bayern München,2029,180.0,78.0,134000000.0,120000.0,24.07,1505617.98
,28,89,89,233419,Left,90,91,91,67,56,87,85,54,38,8,7,8,4,4,,,,Raphinha,LW CAM RW LM,LW,Raphinha,FC Barcelona,2028,176.0,68.0,104000000.0,220000.0,21.95,1168539.33
,17,89,95,277643,Left,88,84,76,60,18,88,84,27,28,9,13,10,3,5,,,,Lamine Yamal,RW RM,RW,Lamine Yamal,FC Barcelona,2031,181.0,72.0,147000000.0,115000.0,21.98,1651685.39
,24,89,92,238794,Right,94,93,84,68,26,85,83,25,18,5,7,7,4,5,,,,Vini Jr.,LW ST LM,LW,Vini Jr.,Real Madrid,2027,176.0,73.0,141000000.0,320000.0,23.57,1584269.66
,26,89,90,239053,Right,87,93,94,82,84,86,84,87,85,6,10,15,4,3,,,,F. Valverde,CM RB RM CDM,CM,F. Valverde,Real Madrid,2029,182.0,78.0,120500000.0,340000.0,23.55,1353932.58
,22,89,93,252371,Right,81,80,93,80,80,88,90,80,82,14,11,5,4,4,,,,J. Bellingham,CAM CM LM,CAM,J. Bellingham,Real Madrid,2029,186.0,75.0,150500000.0,300000.0,21.68,1691011.24
,26,88,89,234378,Right,71,73,94,79,86,83,86,86,85,8,11,5,3,3,,,,D. Rice,CDM CM,CDM,D. Rice,Arsenal,2028,188.0,80.0,96000000.0,230000.0,22.63,1090909.09
,24,88,90,243715,Right,76,78,72,88,88,62,82,90,88,7,10,8,3,2,,,,W. Saliba,CB,CB,W. Saliba,Arsenal,2030,192.0,92.0,105500000.0,200000.0,24.96,1198863.64
,23,88,90,256079,Right,76,66,91,77,88,80,83,87,88,15,6,9,3,3,,,,M. Caicedo,CDM CM,CDM,M. Caicedo,Chelsea,2033,178.0,73.0,107000000.0,185000.0,23.04,1215909.09
,33,88,88,203376,Right,66,78,75,92,88,70,89,90,87,13,10,11,3,2,,,,V. van Dijk,CB,CB,V. van Dijk,Liverpool,2027,195.0,92.0,43500000.0,195000.0,24.19,494318.18
,32,88,88,212831,Right,60,49,32,78,11,66,66,19,16,86,87,88,3,1,,,,Alisson,GK,GK,Alisson,Liverpool,2027,193.0,91.0,45000000.0,130000.0,24.43,511363.64
,30,88,88,212198,Right,68,66,95,61,64,93,88,71,66,12,14,8,4,4,,,,Bruno Fernandes,CAM CM,CAM,Bruno Fernandes,Manchester United,2027,179.0,69.0,88000000.0,185000.0,21.53,1000000.0
,24,88,91,247635,Right,85,86,83,80,60,86,85,62,52,9,15,14,5,5,,,,K. Kvaratskhelia,LW RW LM,LW,K. Kvaratskhelia,Paris Saint-Germain,2029,183.0,70.0,125000000.0,150000.0,20.9,1420454.55
,23,88,91,252145,Left,94,95,85,73,82,72,83,87,83,7,8,12,4,3,,,,Nuno Mendes,LB LM,LB,Nuno Mendes,Paris Saint-Germain,2029,180.0,70.0,115500000.0,135000.0,21.6,1312500.0
,23,88,90,256196,Left,74,85,78,89,85,58,81,91,85,9,12,13,3,2,,,,W. Pacho,CB,CB,W. Pacho,Paris Saint-Germain,2029,188.0,81.0,105500000.0,135000.0,22.92,1198863.64
,20,88,93,272834,Right,77,71,92,78,85,87,85,86,83,8,7,13,4,3,,,,João Neves,CM CDM,CM,Joao Neves,Paris Saint-Germain,2029,174.0,66.0,135000000.0,120000.0,21.8,1534090.91
,28,88,88,224232,Right,85,78,91,68,84,86,88,85,80,11,5,14,4,3,,,,N. Barella,CM CDM,CM,N. Barella,Inter,2029,175.0,68.0,91500000.0,76000.0,22.2,1039772.73
,27,88,88,231478,Right,84,80,86,80,46,79,88,50,45,11,8,8,4,4,,,,L. Martínez,ST,ST,L. Martinez,Inter,2029,174.0,72.0,99000000.0,79000.0,23.78,1125000.0
,32,88,88,200389,Right,42,53,42,78,24,60,68,14,18,85,90,86,3,1,,,,J. Oblak,GK,GK,J. Oblak,Atlético Madrid,2028,188.0,87.0,45000000.0,87000.0,24.62,511363.64
,29,87,87,220901,Right,64,59,31,38,11,68,68,14,13,86,84,85,3,1,,,,David Raya,GK,GK,David Raya,Arsenal,2028,183.0,83.0,54500000.0,145000.0,24.78,626436.78
,23,87,89,246669,Left,85,81,86,74,62,86,82,62,60,7,8,9,4,3,,,,B. Saka,RW RM,RW,B. Saka,Arsenal,2030,178.0,65.0,103500000.0,210000.0,20.52,1189655.17
,25,87,88,233731,Right,86,80,78,79,38,80,88,34,29,7,6,7,4,4,,,,A. Isak,ST,ST,A. Isak,Liverpool,2031,192.0,77.0,96500000.0,185000.0,20.89,1109195.4
,22,87,91,256630,Right,82,79,87,59,55,89,86,49,44,14,14,6,4,4,,,,F. Wirtz,CAM LM CM,CAM,F. Wirtz,Liverpool,2030,177.0,71.0,116500000.0,160000.0,22.66,1339080.46
,28,87,87,239818,Right,55,62,71,89,87,64,85,87,85,7,8,7,4,2,,,,Rúben Dias,CB,CB,Ruben Dias,Manchester City,2029,187.0,82.0,68500000.0,210000.0,23.45,787356.32
,31,87,87,207865,Right,75,80,79,79,89,76,86,89,88,6,6,10,3,3,,,,Marquinhos,CB,CB,Marquinhos,Paris Saint-Germain,2028,183.0,75.0,54500000.0,145000.0,22.4,626436.78
,29,87,87,213331,Right,53,71,76,91,84,57,80,89,84,11,8,9,3,2,,,,J. Tah,CB,CB,J. Tah,FC Bayern München,2029,195.0,94.0,66500000.0,115000.0,24.72,764367.82
,28,87,87,241084,Right,86,81,86,69,38,81,82,47,38,10,13,14,4,4,,,,L. Díaz,LM LW ST,LM,L. Diaz,FC Bayern München,2029,180.0,70.0,80000000.0,120000.0,21.6,919540.23
,22,87,91,256790,Right,85,75,73,61,64,84,83,66,61,6,9,8,4,5,,,,J. Musiala,CAM LM CM ST,CAM,J. Musiala,FC Bayern München,2030,186.0,75.0,116500000.0,100000.0,21.68,1339080.46
,26,87,89,237383,Left,71,77,83,81,87,72,85,88,84,11,5,11,2,2,,,,A. Bastoni,CB,CB,A. Bastoni,Inter,2028,190.0,75.0,87000000.0,63000.0,20.78,1000000.0
,29,87,88,215698,Right,65,62,39,83,25,65,68,18,20,84,84,84,4,1,,,,M. Maignan,GK,GK,M. Maignan,AC Milan,2031,191.0,89.0,61000000.0,61000.0,24.4,701149.43
,34,87,87,192985,Right,65,66,66,74,65,92,87,70,55,15,13,10,5,4,,,,K. De Bruyne,CM CAM,CM,K. De Bruyne,Napoli,2027,181.0,75.0,36500000.0,175000.0,22.89,419540.23
,28,87,87,228702,Right,80,83,87,73,82,88,90,78,77,7,13,10,3,4,,,,F. de Jong,CM CDM CAM,CM,F. de Jong,FC Barcelona,2029,181.0,74.0,79500000.0,170000.0,22.59,913793.1
,26,86,87,222665,Left,68,68,84,55,69,90,86,72,57,14,15,8,2,5,,,,M. Ødegaard,CM CAM,CM,M. Ødegaard,Arsenal,2028,178.0,68.0,79500000.0,200000.0,21.46,924418.6
,27,86,86,241651,Right,83,88,89,91,41,76,85,42,34,10,13,14,4,3,,,,V. Gyökeres,ST,ST,V. Gyokeres,Arsenal,2030,189.0,94.0,73500000.0,220000.0,26.32,854651.16
,23,86,89,257534,Left,76,75,79,60,50,88,88,50,40,7,6,14,3,4,,,,C. Palmer,CAM RM CM,CAM,C. Palmer,Chelsea,2033,185.0,77.0,93000000.0,170000.0,22.5,1081395.35
,24,86,88,236772,Right,79,83,93,69,74,86,86,76,72,10,10,10,4,4,,,,D. Szoboszlai,CAM RB CM,CAM,D. Szoboszlai,Liverpool,2028,186.0,74.0,88000000.0,145000.0,21.39,1023255.81
,23,86,89,246104,Right,76,76,85,80,88,82,88,82,78,12,8,11,4,4,,,,R. Gravenberch,CDM CM,CDM,R. Gravenberch,Liverpool,2032,190.0,77.0,84000000.0,135000.0,21.33,976744.19
,27,86,86,247851,Right,66,66,90,76,82,86,88,82,81,7,11,11,3,3,,,,Bruno Guimarães,CM CDM,CM,Bruno Guimaraes,Newcastle United,2028,182.0,74.0,72000000.0,190000.0,22.34,837209.3
,20,86,91,271421,Right,85,82,80,83,59,79,89,60,52,9,12,5,4,5,,,,D. Doué,RW LW CM RM,RW,D. Doue,Paris Saint-Germain,2029,181.0,79.0,101000000.0,110000.0,24.11,1174418.6
,26,86,88,229558,Right,76,78,73,87,87,58,77,84,82,6,7,15,3,3,,,,D. Upamecano,CB,CB,D. Upamecano,FC Bayern München,2030,186.0,90.0,74000000.0,100000.0,26.01,860465.12
,27,86,89,235073,Right,38,52,32,81,14,59,66,15,15,87,83,86,3,1,,,,G. Kobel,GK,GK,G. Kobel,Borussia Dortmund,2028,195.0,88.0,66500000.0,52000.0,23.14,773255.81
,25,86,88,247819,Left,77,72,74,87,84,72,81,88,87,8,10,14,2,2,,,,N. Schlotterbeck,CB,CB,N. Schlotterbeck,Borussia Dortmund,2031,191.0,86.0,75500000.0,78000.0,23.57,877906.98
,36,86,86,177683,Right,48,54,45,68,21,64,54,20,14,83,81,87,4,1,,,,Y. Sommer,GK,GK,Y. Sommer,Inter,2028,183.0,79.0,7500000.0,24000.0,23.59,87209.3
,31,86,86,208128,Right,74,68,81,65,81,89,85,82,79,9,14,6,5,4,,,,H. Çalhanoğlu,CDM CM,CDM,H. Calhanoglu,Inter,2027,178.0,76.0,47500000.0,61000.0,23.99,552325.58
,27,86,86,226268,Left,85,79,85,72,82,80,78,80,79,9,8,7,2,3,,,,F. Dimarco,LB LM,LB,F. Dimarco,Inter,2027,174.0,75.0,65500000.0,58000.0,24.77,761627.91
,28,86,86,239580,Right,78,86,68,85,83,50,78,87,84,13,15,5,2,2,,,,Bremer,CB,CB,Bremer,Juventus,2029,187.0,84.0,58500000.0,185000.0,24.02,680232.56
,28,86,86,237238,Right,70,80,92,82,84,79,80,81,75,9,6,10,3,3,,,,S. McTominay,CM CAM LM CDM,CM,S. McTominay,Napoli,2029,193.0,88.0,68000000.0,165000.0,23.62,790697.67
,25,86,89,246191,Right,87,85,83,72,52,84,86,59,46,6,10,15,4,4,,,,J. Alvarez,ST CAM,ST,J. Alvarez,Atlético Madrid,2030,170.0,71.0,91000000.0,115000.0,24.57,1058139.53
,36,86,86,188545,Right,70,71,76,86,49,81,87,42,19,15,6,8,4,4,,,,R. Lewandowski,ST,ST,R. Lewandowski,FC Barcelona,2028,186.0,81.0,23000000.0,130000.0,23.41,267441.86
,26,86,87,241486,Right,85,83,85,84,83,74,80,85,84,11,10,14,3,3,,,,J. Koundé,RB RM,RB,J. Kounde,FC Barcelona,2030,181.0,84.0,73000000.0,140000.0,25.64,848837.21
,24,86,89,259532,Right,48,44,35,59,13,63,59,13,14,85,85,84,3,1,,,,Joan García,GK,GK,Joan Garcia,FC Barcelona,2031,193.0,85.0,72500000.0,71000.0,22.82,843023.26
,26,85,87,248148,Right,67,66,85,67,84,84,85,82,79,7,6,14,4,3,,,,Zubimendi,CDM CM,CDM,Zubimendi,Arsenal,2030,181.0,74.0,60000000.0,180000.0,22.59,705882.35
,32,85,85,202811,Right,55,57,40,78,21,67,69,20,20,83,81,85,4,1,,,,E. Martínez,GK,GK,E. Martinez,Aston Villa,2029,195.0,88.0,26500000.0,105000.0,23.14,311764.71
,28,85,85,216393,Right,51,55,87,69,75,87,88,77,80,6,8,14,4,4,,,,Y. Tielemans,CM CDM CAM,CM,Y. Tielemans,Aston Villa,2027,176.0,72.0,54000000.0,170000.0,23.24,635294.12
,26,85,85,239231,Left,78,77,89,70,83,77,79,85,84,13,7,10,3,3,,,,Marc Cucurella,LB CM,LB,Marc Cucurella,Chelsea,2028,174.0,71.0,53500000.0,170000.0,23.45,629411.76
,24,85,88,247090,Right,68,68,86,67,74,86,84,75,72,8,6,8,4,3,,,,E. Fernández,CM CDM CAM,CM,E. Fernandez,Chelsea,2032,178.0,78.0,73000000.0,150000.0,24.62,858823.53
,31,85,85,204935,Left,57,47,40,72,26,69,65,20,12,84,80,82,4,1,,,,J. Pickford,GK,GK,J. Pickford,Everton,2029,185.0,77.0,28500000.0,49000.0,22.5,335294.12
,26,85,86,239837,Right,68,64,85,69,79,85,86,82,74,7,10,15,3,3,,,,A. Mac Allister,CM CDM,CM,A. Mac Allister,Liverpool,2028,176.0,72.0,63000000.0,150000.0,23.24,741176.47
,23,85,88,257289,Right,85,87,86,70,23,79,84,35,19,8,8,10,3,4,,,,H. Ekitiké,ST CAM,ST,H. Ekitike,Liverpool,2031,190.0,76.0,74500000.0,145000.0,21.05,876470.59
,25,85,88,237692,Left,83,79,83,41,59,83,85,59,47,8,15,10,2,4,,,,P. Foden,CAM CM RW,CAM,P. Foden,Manchester City,2027,171.0,70.0,71500000.0,170000.0,23.94,841176.47
,26,85,86,240638,Right,82,75,92,69,75,84,84,74,72,6,10,14,4,4,,,,T. Reijnders,CM CDM CAM,CM,T. Reijnders,Manchester City,2030,185.0,73.0,63000000.0,175000.0,21.33,741176.47
,23,85,88,251517,Left,78,79,82,82,85,70,82,85,84,5,8,9,5,3,,,,J. Gvardiol,CB LB LM,CB,J. Gvardiol,Manchester City,2028,185.0,80.0,66000000.0,145000.0,23.37,776470.59
,25,85,86,243014,Left,90,90,85,73,52,80,83,41,37,7,14,13,2,4,,,,B. Mbeumo,RW RM ST,RW,B. Mbeumo,Manchester United,2030,171.0,75.0,64500000.0,135000.0,25.65,758823.53
,25,85,87,241096,Right,80,79,89,82,84,79,84,82,81,13,9,7,4,3,,,,S. Tonali,CDM CM,CDM,S. Tonali,Newcastle United,2029,181.0,79.0,60500000.0,160000.0,24.11,711764.71
,32,85,85,199503,Left,40,53,84,78,77,85,85,79,75,7,8,7,3,3,,,,G. Xhaka,CDM CM,CDM,G. Xhaka,Sunderland,2028,186.0,80.0,36000000.0,105000.0,23.12,423529.41
,29,85,85,226271,Left,61,61,84,67,79,84,82,79,75,16,11,13,3,3,,,,Fabián Ruiz,CM CDM,CM,Fabian Ruiz,Paris Saint-Germain,2027,189.0,70.0,52500000.0,130000.0,19.6,617647.06
,29,85,85,215441,Right,73,71,84,85,33,79,87,44,36,11,8,12,4,3,,,,S. Guirassy,ST,ST,S. Guirassy,Borussia Dortmund,2028,187.0,82.0,54000000.0,89000.0,23.45,635294.12
,29,85,85,210035,Left,76,68,91,53,79,85,83,75,69,7,13,7,2,4,,,,Grimaldo,LM LB CAM LW,LM,Grimaldo,Bayer 04 Leverkusen,2027,171.0,68.0,53000000.0,120000.0,23.26,623529.41
,29,85,85,234236,Left,72,72,69,85,25,75,85,29,19,11,15,9,3,3,,,,P. Schick,ST,ST,P. Schick,Bayer 04 Leverkusen,2030,191.0,87.0,54000000.0,135000.0,23.85,635294.12
,25,85,88,252154,Right,24,39,28,55,13,54,40,17,14,86,84,85,3,1,,,,M. Carnesecchi,GK,GK,M. Carnesecchi,Atalanta,2028,191.0,83.0,55000000.0,60000.0,22.75,647058.82
,27,85,85,228093,Right,85,88,83,81,47,78,78,48,42,11,13,9,4,3,,,,M. Thuram,ST,ST,M. Thuram,Inter,2028,192.0,90.0,58500000.0,61000.0,24.41,688235.29
,39,85,85,177003,Right,72,65,69,58,79,88,91,74,72,13,9,14,4,4,,,,L. Modrić,CM CAM CDM,CM,L. Modric,AC Milan,2028,172.0,66.0,17000000.0,56000.0,22.31,200000.0
,30,85,85,210008,Left,75,86,94,82,76,84,86,79,74,9,12,7,3,3,,,,A. Rabiot,CM CAM CDM,CM,A. Rabiot,AC Milan,2028,191.0,86.0,51500000.0,83000.0,23.57,605882.35
,26,85,85,227796,Right,90,86,76,57,40,80,83,42,50,8,12,16,5,4,,,,C. Pulisic,RW RM ST,RW,C. Pulisic,AC Milan,2027,178.0,73.0,59000000.0,86000.0,23.04,694117.65
,31,85,85,211110,Left,83,76,76,63,41,87,89,42,39,5,4,5,3,5,,,,P. Dybala,CAM ST,CAM,P. Dybala,Roma,2029,177.0,75.0,44500000.0,95000.0,23.94,523529.41
,30,85,85,226161,Right,89,92,93,78,82,81,79,84,74,13,6,11,4,3,,,,Marcos Llorente,RB RM CM,RB,Marcos Llorente,Atlético Madrid,2027,183.0,74.0,46500000.0,105000.0,22.1,547058.82
,26,85,86,231281,Right,72,79,85,68,83,86,81,82,79,14,15,6,4,3,,,,T. Alexander-Arnold,RB RM,RB,T. Alexander-Arnold,Real Madrid,2031,180.0,78.0,58000000.0,230000.0,24.07,682352.94
,22,85,88,256516,Right,94,92,81,61,40,80,78,33,25,9,13,12,5,4,,,,Nico Williams,LW LM,LW,Nico Williams,Athletic Club,2035,181.0,67.0,75000000.0,69000.0,20.45,882352.94
,27,84,85,235794,Right,73,75,76,68,57,85,87,63,48,10,12,14,4,4,,,,E. Eze,CAM CM LW,CAM,E. Eze,Arsenal,2029,178.0,69.0,48500000.0,175000.0,21.78,577380.95
,24,84,87,251805,Right,76,76,83,82,83,77,82,85,82,6,6,14,3,3,,,,J. Timber,RB LB CB RM,RB,J. Timber,Arsenal,2028,179.0,78.0,53500000.0,140000.0,24.34,636904.76
,27,84,85,227678,Right,72,78,79,80,84,75,82,87,86,14,8,13,3,2,,,,E. Konsa,CB,CB,E. Konsa,Aston Villa,2028,185.0,77.0,42500000.0,145000.0,22.5,505952.38
,25,84,86,236987,Right,62,65,81,79,85,79,85,86,83,8,12,6,3,3,,,,B. Kamara,CDM CM,CDM,B. Kamara,Aston Villa,2030,184.0,68.0,47500000.0,140000.0,20.09,565476.19
,22,84,86,260247,Right,75,79,83,79,68,85,85,72,49,7,8,11,4,4,,,,M. Rogers,CAM LM CM,CAM,M. Rogers,Aston Villa,2031,187.0,80.0,56000000.0,135000.0,22.88,666666.67
,25,84,86,238074,Right,75,76,68,87,85,78,82,84,84,8,12,13,4,3,,,,R. James,RB CDM,RB,R. James,Chelsea,2032,180.0,91.0,48500000.0,145000.0,28.09,577380.95
,26,84,85,237678,Right,69,83,75,91,82,64,80,86,85,9,7,9,3,3,,,,I. Konaté,CB,CB,I. Konate,Liverpool,2028,194.0,95.0,43500000.0,135000.0,25.24,517857.14
,24,84,86,241159,Right,69,72,80,80,85,66,80,85,86,8,9,12,5,2,,,,M. Guéhi,CB,CB,M. Guehi,Manchester City,2031,182.0,80.0,48500000.0,130000.0,24.15,577380.95
,25,84,85,241236,Right,81,82,84,79,34,82,85,44,31,10,11,15,5,3,,,,A. Semenyo,RW LW RM,RW,A. Semenyo,Manchester City,2031,185.0,79.0,50500000.0,165000.0,23.08,601190.48
,21,84,88,251570,Left,75,75,68,67,40,87,88,48,33,7,14,8,5,5,,,,R. Cherki,RW RM CAM,RW,R. Cherki,Manchester City,2030,177.0,71.0,61500000.0,130000.0,22.66,732142.86
,22,84,88,264652,Right,89,94,74,64,39,79,83,39,28,8,8,6,4,4,,,,B. Barcola,LW RW LM,LW,B. Barcola,Paris Saint-Germain,2028,188.0,70.0,61500000.0,110000.0,19.81,732142.86
,28,84,84,225375,Right,82,82,84,69,80,78,80,79,79,9,12,13,3,3,,,,K. Laimer,RB CDM LB RM,RB,K. Laimer,FC Bayern München,2027,180.0,72.0,38000000.0,90000.0,22.22,452380.95
,24,84,86,246863,Right,78,86,79,90,82,78,81,85,79,6,10,13,3,4,,,,F. Nmecha,CM CDM,CM,F. Nmecha,Borussia Dortmund,2030,194.0,80.0,54500000.0,63000.0,21.26,648809.52
,28,84,84,228813,Right,67,64,76,65,77,86,84,77,74,16,8,10,3,3,,,,Aleix García,CM CDM CAM,CM,Aleix Garcia,Bayer 04 Leverkusen,2029,173.0,68.0,42000000.0,110000.0,22.72,500000.0
,35,84,84,193698,Right,37,41,39,69,21,50,52,18,14,85,81,81,2,1,,,,O. Baumann,GK,GK,O. Baumann,TSG 1899 Hoffenheim,2028,187.0,82.0,4700000.0,23000.0,23.45,55952.38
,35,84,84,185122,Right,42,44,37,74,23,44,45,16,20,83,83,87,2,1,,,,P. Gulácsi,GK,GK,P. Gulacsi,RB Leipzig,2027,193.0,86.0,4700000.0,32000.0,23.09,55952.38
,29,84,84,233096,Right,78,88,88,81,77,69,78,78,77,10,10,13,3,2,,,,D. Dumfries,RB RM,RB,D. Dumfries,Inter,2028,188.0,80.0,37000000.0,51000.0,22.63,440476.19
,27,84,85,222077,Right,62,65,89,73,81,82,82,85,80,11,12,10,4,3,,,,M. Locatelli,CDM CM,CDM,M. Locatelli,Juventus,2028,185.0,75.0,43000000.0,150000.0,21.91,511904.76
,26,84,85,241721,Right,93,93,75,79,24,81,83,24,21,10,12,11,4,5,,,,Rafael Leão,LW LM ST,LW,Rafael Leao,AC Milan,2028,188.0,81.0,49500000.0,79000.0,22.92,589285.71
,29,84,84,229582,Right,67,74,83,79,85,56,83,86,79,13,12,6,3,2,,,,G. Mancini,CB,CB,G. Mancini,Roma,2027,190.0,77.0,35500000.0,83000.0,21.33,422619.05
,25,84,87,230872,Right,60,55,32,61,13,53,48,24,19,81,81,85,3,1,,,,M. Svilar,GK,GK,M. Svilar,Roma,2027,189.0,77.0,43000000.0,47000.0,21.56,511904.76
,34,84,84,193080,Right,47,45,30,38,21,45,45,20,15,85,76,84,2,1,,,,De Gea,GK,GK,De Gea,Fiorentina,2028,192.0,76.0,7000000.0,51000.0,20.62,83333.33
,34,84,84,194765,Left,78,73,74,70,62,86,88,63,67,14,8,13,3,4,,,,A. Griezmann,ST CAM,ST,A. Griezmann,Atlético Madrid,2027,176.0,73.0,20500000.0,105000.0,23.57,244047.62
,31,84,84,210514,Right,88,78,77,65,79,85,85,81,77,6,9,14,4,4,,,,João Cancelo,RB LB RM,RB,Joao Cancelo,"FC Barcelona Jun 30, 2026 On loan",,182.0,74.0,30500000.0,68000.0,22.34,363095.24
,25,84,86,241461,Right,86,82,74,76,36,79,82,36,28,12,9,15,4,4,,,,Ferran Torres,ST LW LM,ST,Ferran Torres,FC Barcelona,2027,183.0,80.0,53500000.0,130000.0,23.89,636904.76
,27,84,84,244260,Right,78,71,71,56,58,85,82,53,38,15,15,12,4,4,,,,Dani Olmo,CAM CM,CAM,Dani Olmo,FC Barcelona,2030,179.0,72.0,45000000.0,130000.0,22.47,535714.29
,33,84,84,204963,Right,76,77,80,74,81,78,83,84,82,13,13,9,3,3,,,,Carvajal,RB RM,RB,Carvajal,Real Madrid,2029,173.0,73.0,22000000.0,220000.0,24.39,261904.76
,32,84,84,205452,Right,69,83,70,88,80,61,79,84,82,14,15,12,3,2,,,,A. Rüdiger,CB,CB,A. Rudiger,Real Madrid,2029,190.0,86.0,27500000.0,220000.0,23.82,327380.95
,27,84,86,240130,Right,80,83,84,79,84,65,76,85,84,11,8,12,3,2,,,,Éder Militão,CB,CB,Eder Militao,Real Madrid,2028,186.0,78.0,45000000.0,210000.0,22.55,535714.29
,25,84,87,241637,Right,75,74,83,82,85,81,82,85,81,9,8,12,3,3,,,,A. Tchouaméni,CDM CM CB,CDM,A. Tchouameni,Real Madrid,2028,188.0,82.0,50500000.0,200000.0,23.2,601190.48
,24,84,87,243812,Right,88,87,76,59,25,83,83,39,28,9,8,8,4,4,,,,Rodrygo,LW RW ST LM,LW,Rodrygo,Real Madrid,2028,174.0,64.0,57500000.0,210000.0,21.14,684523.81
,28,84,85,230869,Right,48,50,44,76,26,48,40,18,12,83,80,82,3,1,,,,Unai Simón,GK,GK,Unai Simon,Athletic Club,2029,190.0,88.0,33500000.0,44000.0,24.38,398809.52
,33,84,84,197781,Right,64,64,67,55,61,88,87,62,51,10,8,15,4,5,,,,Isco,CAM CM,CAM,Isco,Real Betis Balompié,2028,176.0,79.0,26500000.0,52000.0,25.5,315476.19
,33,84,84,192448,Right,41,48,35,75,22,70,70,13,10,82,82,83,4,1,,,,M. ter Stegen,GK,GK,M. ter Stegen,"Girona FC Jun 30, 2026 On loan",,187.0,85.0,13500000.0,82000.0,24.31,160714.29
,30,83,83,207421,Right,87,75,76,55,18,81,84,31,18,14,8,7,5,4,,,,L. Trossard,LW LM,LW,L. Trossard,Arsenal,2027,172.0,67.0,35000000.0,175000.0,22.65,421686.75
,29,83,83,225193,Left,52,54,82,78,83,80,81,82,76,9,12,13,3,3,,,,Mikel Merino,CM ST CDM,CM,Mikel Merino,Arsenal,2028,189.0,83.0,35500000.0,160000.0,23.24,427710.84
,23,83,87,256197,Left,80,88,85,77,83,57,76,85,87,9,15,6,2,3,,,,P. Hincapié,LB CB,LB,P. Hincapie,"Arsenal Jun 30, 2026 On loan",,184.0,77.0,48500000.0,81000.0,22.74,584337.35
,26,83,83,242516,Right,85,82,76,78,45,81,83,48,31,15,11,9,4,4,,,,C. Gakpo,LM LW,LM,C. Gakpo,Liverpool,2030,193.0,76.0,39500000.0,125000.0,20.4,475903.61
,24,83,86,262621,Left,48,48,45,74,8,34,26,12,10,82,81,82,3,1,,,,G. Mamardashvili,GK,GK,G. Mamardashvili,Liverpool,2030,199.0,88.0,38500000.0,61000.0,22.22,463855.42
,30,83,83,218667,Left,63,50,87,47,73,84,85,75,68,9,10,12,2,4,,,,Bernardo Silva,CM CDM RW,CM,Bernardo Silva,Manchester City,2030,173.0,65.0,34500000.0,150000.0,21.72,415662.65
,23,83,86,246420,Right,95,89,68,76,20,82,85,30,25,11,10,9,4,4,,,,J. Doku,LW LM RW,LW,J. Doku,Manchester City,2028,173.0,66.0,49500000.0,135000.0,22.05,596385.54
,26,83,83,256675,Right,87,90,76,67,34,78,82,30,21,11,13,8,3,4,,,,O. Marmoush,LW ST LM,LW,O. Marmoush,Manchester City,2029,183.0,81.0,39500000.0,155000.0,24.19,475903.61
,26,83,84,240243,Right,79,77,82,73,42,81,83,41,39,8,7,13,4,4,,,,Matheus Cunha,CAM LM ST,CAM,Matheus Cunha,Manchester United,2030,183.0,76.0,43000000.0,115000.0,22.69,518072.29
,28,83,83,220697,Right,70,65,68,56,58,87,87,68,45,11,14,12,4,4,,,,J. Maddison,CM CAM,CM,J. Maddison,Tottenham Hotspur,2028,175.0,73.0,36500000.0,135000.0,23.84,439759.04
,25,83,86,247394,Left,77,72,89,78,65,86,85,66,58,14,5,10,3,4,,,,D. Kulusevski,CM RW CAM,CM,D. Kulusevski,Tottenham Hotspur,2028,186.0,80.0,47500000.0,125000.0,23.12,572289.16
,28,83,83,224371,Left,78,74,83,66,37,79,80,41,37,14,8,10,4,4,,,,J. Bowen,RM ST RW,RM,J. Bowen,West Ham United,2030,176.0,70.0,36500000.0,100000.0,22.6,439759.04
,19,83,89,270673,Right,82,79,93,88,84,79,79,85,73,14,11,8,4,3,,,,W. Zaïre-Emery,CM CDM RB CAM,CM,W. Zaire-Emery,Paris Saint-Germain,2029,178.0,68.0,55000000.0,73000.0,21.46,662650.6
,23,83,86,246147,Left,82,84,79,60,34,80,82,39,33,5,6,9,5,4,,,,M. Greenwood,RM CAM RW,RM,M. Greenwood,Olympique de Marseille,2029,181.0,80.0,49500000.0,51000.0,24.42,596385.54
,29,83,83,206113,Right,84,75,66,68,38,82,83,44,43,14,10,9,4,4,,,,S. Gnabry,CAM LM ST,CAM,S. Gnabry,FC Bayern München,2028,176.0,77.0,35500000.0,87000.0,24.86,427710.84
,24,83,86,234396,Left,94,93,77,75,79,77,78,74,73,11,11,5,3,4,,,,A. Davies,LB LM,LB,A. Davies,FC Bayern München,2030,185.0,77.0,46000000.0,68000.0,22.5,554216.87
,28,83,83,229476,Right,65,73,79,86,82,70,80,86,78,11,12,13,3,2,,,,W. Anton,CB,CB,W. Anton,Borussia Dortmund,2028,189.0,86.0,31500000.0,66000.0,24.08,379518.07
,31,83,83,207862,Right,54,56,61,83,84,71,78,87,82,12,10,8,3,2,,,,M. Ginter,CB,CB,M. Ginter,SC Freiburg,2027,190.0,89.0,25000000.0,45000.0,24.65,301204.82
,26,83,83,231521,Right,72,53,68,67,86,83,83,84,80,10,5,9,4,3,,,,E. Palacios,CM CDM,CM,E. Palacios,Bayer 04 Leverkusen,2030,178.0,69.0,39500000.0,100000.0,21.78,475903.61
,28,83,83,227647,Left,79,79,84,67,81,77,76,83,77,13,10,13,2,3,,,,M. Mittelstädt,LB LM,LB,M. Mittelstadt,VfB Stuttgart,2028,180.0,71.0,33000000.0,57000.0,21.91,397590.36
,24,83,87,250959,Left,68,47,80,67,80,87,86,78,69,7,14,9,3,3,,,,A. Stiller,CDM CM,CDM,A. Stiller,VfB Stuttgart,2028,183.0,77.0,47500000.0,47000.0,22.99,572289.16
,32,83,83,204638,Right,48,65,74,85,83,44,73,87,81,15,12,10,3,2,,,,W. Orban,CB,CB,W. Orban,RB Leipzig,2027,186.0,89.0,23500000.0,74000.0,25.73,283132.53
,27,83,83,236703,Left,86,86,89,77,77,80,79,76,81,11,8,12,2,3,,,,D. Raum,LB LM,LB,D. Raum,RB Leipzig,2027,181.0,83.0,35000000.0,71000.0,25.34,421686.75
,36,83,83,192883,Right,79,76,84,67,76,84,85,74,70,5,11,5,5,4,,,,H. Mkhitaryan,CM CAM,CM,H. Mkhitaryan,Inter,2028,177.0,75.0,11500000.0,37000.0,23.94,138554.22
,33,83,83,198176,Right,63,61,68,74,85,70,85,87,82,8,10,14,3,2,,,,S. de Vrij,CB,CB,S. de Vrij,Inter,2029,189.0,78.0,17500000.0,47000.0,21.84,210843.37
,37,83,83,199845,Left,58,52,69,84,87,65,86,84,82,11,9,13,3,3,,,,F. Acerbi,CB,CB,F. Acerbi,Inter,2029,192.0,88.0,6500000.0,35000.0,23.87,78313.25
,29,83,83,229237,Right,75,81,71,88,82,65,80,84,83,10,9,6,4,2,,,,M. Akanji,CB,CB,M. Akanji,"Inter Jun 30, 2026 On loan",,187.0,85.0,30500000.0,145000.0,24.31,367469.88
,30,83,83,220502,Right,90,87,81,59,58,79,83,58,52,13,16,8,4,4,,,,M. Zaccagni,LW LM,LW,M. Zaccagni,Lazio,2029,177.0,63.0,35000000.0,56000.0,20.11,421686.75
,31,83,83,224987,Right,44,40,28,56,22,63,68,23,22,84,79,83,2,1,,,,I. Provedel,GK,GK,I. Provedel,Lazio,2027,192.0,84.0,19000000.0,33000.0,22.79,228915.66
,32,83,83,192505,Left,70,85,72,94,36,82,82,40,30,8,15,7,4,3,,,,R. Lukaku,ST,ST,R. Lukaku,Napoli,2027,191.0,94.0,29500000.0,135000.0,25.77,355421.69
,30,83,83,216435,Right,76,67,88,61,79,82,77,79,75,10,7,13,4,3,,,,S. Lobotka,CM CDM,CM,S. Lobotka,Napoli,2027,170.0,68.0,34500000.0,125000.0,23.53,415662.65
,31,83,83,217870,Right,83,85,90,74,78,68,74,81,78,8,10,10,4,3,,,,G. Di Lorenzo,RB CB RM CM,RB,G. Di Lorenzo,Napoli,2028,183.0,82.0,26500000.0,120000.0,24.49,319277.11
,29,83,83,227236,Right,74,76,89,82,80,81,80,80,76,11,11,8,3,3,,,,A. Zambo Anguissa,CM CAM,CM,A. Zambo Anguissa,Napoli,2027,184.0,83.0,35500000.0,125000.0,24.52,427710.84
,31,83,83,244263,Right,54,82,71,80,85,48,70,82,80,12,8,8,4,2,,,,A. Rrahmani,CB,CB,A. Rrahmani,Napoli,2027,192.0,75.0,25000000.0,120000.0,20.35,301204.82
,28,83,83,233556,Left,81,78,74,71,40,79,76,48,38,11,11,6,4,4,,,,R. Orsolini,RM RW,RM,R. Orsolini,Bologna,2027,183.0,83.0,36500000.0,74000.0,24.78,439759.04
,25,83,86,236610,Right,84,87,82,72,31,58,77,36,30,13,8,7,3,3,,,,M. Kean,ST,ST,M. Kean,Fiorentina,2029,183.0,72.0,48500000.0,74000.0,21.5,584337.35
,30,83,83,216460,Right,68,73,68,85,83,46,75,84,83,9,11,10,3,2,,,,J. Giménez,CB,CB,J. Gimenez,Atlético Madrid,2028,186.0,77.0,30000000.0,86000.0,22.26,361445.78
,29,83,83,216549,Left,72,81,80,90,36,73,83,23,21,15,12,15,4,3,,,,A. Sørloth,ST RW RM,ST,A. Sørloth,Atlético Madrid,2028,196.0,90.0,36500000.0,95000.0,23.43,439759.04
,27,83,83,230899,Right,89,84,75,63,35,80,80,23,24,12,12,15,4,4,,,,A. Lookman,ST CAM LM,ST,A. Lookman,Atlético Madrid,2030,174.0,71.0,39500000.0,95000.0,23.45,475903.61
,27,83,83,247103,Left,77,78,79,87,80,72,77,84,82,14,12,7,3,2,,,,D. Hancko,LB CB CDM,LB,D. Hancko,Atlético Madrid,2030,188.0,82.0,35000000.0,82000.0,23.2,421686.75
,22,83,87,272449,Right,81,82,87,73,84,81,82,80,72,5,15,13,3,3,,,,Pablo Barrios,CM CDM,CM,Pablo Barrios,Atlético Madrid,2030,183.0,75.0,52500000.0,75000.0,22.4,632530.12
,35,83,83,186153,Right,49,46,45,65,15,48,65,13,12,80,82,83,3,1,,,,W. Szczęsny,GK,GK,W. Szczesny,FC Barcelona,2027,195.0,90.0,4000000.0,45000.0,23.67,48192.77
,24,83,86,245037,Right,77,81,80,79,85,75,81,86,80,11,9,11,3,2,,,,Eric García,CB RB CDM RM,CB,Eric Garcia,FC Barcelona,2031,183.0,76.0,44500000.0,95000.0,22.69,536144.58
,21,83,87,263578,Left,90,90,77,69,78,72,64,80,80,5,8,10,4,3,,,,Balde,LB LM,LB,Balde,FC Barcelona,2028,175.0,69.0,49500000.0,80000.0,22.53,596385.54
,20,83,87,264240,Right,77,75,84,58,79,83,77,78,72,8,10,7,3,3,,,,Gavi,CM CDM CAM,CM,Gavi,FC Barcelona,2030,173.0,70.0,51000000.0,85000.0,23.39,614457.83
,22,83,87,277179,Right,78,79,84,59,68,84,81,74,68,8,14,7,4,3,,,,Fermín,CAM CM ST,CAM,Fermin,FC Barcelona,2031,174.0,64.0,53000000.0,100000.0,21.14,638554.22
,18,83,89,278046,Right,72,77,70,79,83,75,80,84,83,10,6,7,4,2,,,,Pau Cubarsí,CB,CB,Pau Cubarsi,FC Barcelona,2029,183.0,79.0,48000000.0,70000.0,23.59,578313.25
,20,83,89,264309,Left,79,76,77,50,58,87,80,62,48,13,10,14,3,4,,,,A. Güler,RM CM CAM RW,RM,A. Guler,Real Madrid,2029,175.0,70.0,56500000.0,150000.0,22.86,680722.89
,28,83,83,230142,Left,74,73,79,72,32,83,85,47,30,10,6,13,3,3,,,,Oyarzabal,ST,ST,Oyarzabal,Real Sociedad,2028,181.0,78.0,37000000.0,65000.0,23.81,445783.13
,27,82,82,231936,Right,68,71,78,77,83,76,81,83,81,8,11,5,4,2,,,,B. White,RB CM,RB,B. White,Arsenal,2028,186.0,77.0,29500000.0,135000.0,22.26,359756.1
,26,82,84,235790,Left,71,72,85,75,43,81,78,47,41,6,8,10,4,4,,,,K. Havertz,ST CAM CM,ST,K. Havertz,Arsenal,2028,193.0,82.0,38000000.0,155000.0,22.01,463414.63
,23,82,86,257711,Left,74,72,85,78,80,69,76,80,82,9,11,6,5,3,,,,R. Calafiori,LB CB CM,LB,R. Calafiori,Arsenal,2029,188.0,86.0,40500000.0,120000.0,24.33,493902.44
,29,82,82,221697,Right,77,77,88,76,55,77,77,46,36,14,14,6,4,3,,,,O. Watkins,ST,ST,O. Watkins,Aston Villa,2028,180.0,70.0,30500000.0,140000.0,21.6,371951.22
,25,82,83,238616,Left,92,90,81,65,40,80,79,40,25,6,13,12,4,4,,,,Pedro Neto,RM LM RW,RM,Pedro Neto,Chelsea,2031,174.0,69.0,36500000.0,130000.0,22.79,445121.95
,23,82,86,252042,Right,80,79,75,75,38,77,82,27,23,7,6,8,4,4,,,,João Pedro,ST CAM,ST,Joao Pedro,Chelsea,2033,186.0,82.0,44000000.0,130000.0,23.7,536585.37
,29,82,82,206517,Right,75,70,70,67,49,85,86,54,48,11,6,10,3,4,,,,J. Grealish,LM LW,LM,J. Grealish,"Everton Jun 30, 2026 On loan",,180.0,81.0,30000000.0,140000.0,25.0,365853.66
,25,82,83,261188,Right,87,86,76,66,49,78,86,39,32,7,9,15,4,4,,,,I. Ndiaye,RM LM RW,RM,I. Ndiaye,Everton,2029,180.0,70.0,36500000.0,55000.0,21.6,445121.95
,24,82,84,253149,Right,95,93,85,47,77,73,76,71,79,12,7,13,3,3,,,,J. Frimpong,RB RM RW,RB,J. Frimpong,Liverpool,2030,172.0,65.0,36500000.0,95000.0,21.97,445121.95
,31,82,82,203574,Right,65,64,53,78,83,78,85,85,84,7,15,10,4,3,,,,J. Stones,CB RB CDM,CB,J. Stones,Manchester City,2029,188.0,80.0,21000000.0,135000.0,22.63,256097.56
,31,82,82,207410,Right,68,64,75,68,76,81,82,76,78,9,5,7,4,3,,,,M. Kovačić,CM CDM CAM,CM,M. Kovacic,Manchester City,2027,177.0,77.0,25000000.0,140000.0,24.58,304878.05
,30,82,82,208920,Left,74,73,65,76,83,68,78,83,82,10,7,16,3,2,,,,N. Aké,CB LB CDM,CB,N. Ake,Manchester City,2027,180.0,75.0,25000000.0,135000.0,23.15,304878.05
,26,82,83,253124,Right,82,91,82,74,80,79,80,80,80,13,10,12,3,3,,,,Matheus Nunes,RB CM RM,RB,Matheus Nunes,Manchester City,2028,184.0,78.0,33000000.0,130000.0,23.04,402439.02
,33,82,82,200145,Right,35,36,68,81,77,80,77,84,84,13,14,12,3,2,,,,Casemiro,CDM CM,CDM,Casemiro,Manchester United,2029,185.0,84.0,15000000.0,100000.0,24.54,182926.83
,25,82,84,235243,Right,54,68,64,91,83,45,80,81,80,12,11,12,3,2,,,,M. de Ligt,CB,CB,M. de Ligt,Manchester United,2029,189.0,89.0,34000000.0,95000.0,24.92,414634.15
,33,82,82,210047,Right,50,51,75,80,85,79,82,84,80,8,9,10,3,2,,,,F. Schär,CB,CB,F. Schar,Newcastle United,2029,188.0,84.0,14500000.0,135000.0,23.77,176829.27
,24,82,85,242964,Right,89,92,87,61,40,79,80,56,48,5,6,7,3,3,,,,A. Gordon,LW ST RW LM,LW,A. Gordon,Newcastle United,2030,183.0,72.0,41500000.0,125000.0,21.5,506097.56
,22,82,86,254243,Right,75,68,88,75,80,81,82,83,78,6,12,10,4,3,,,,E. Anderson,CDM CM,CDM,E. Anderson,Nottingham Forest,2029,179.0,69.0,40500000.0,90000.0,21.53,493902.44
,22,82,86,278016,Left,83,78,70,90,83,62,78,82,84,14,9,12,3,2,,,,Murillo,CB,CB,Murillo,Nottingham Forest,2030,180.0,75.0,40000000.0,90000.0,23.15,487804.88
,29,82,82,229391,Right,51,53,77,84,84,71,84,85,85,14,10,7,4,2,,,,Palhinha,CDM CM,CDM,Palhinha,"Tottenham Hotspur Jun 30, 2026 On loan",,190.0,83.0,26000000.0,75000.0,22.99,317073.17
,27,82,84,232488,Right,63,68,69,83,84,60,79,81,86,5,7,10,2,3,,,,C. Romero,CB,CB,C. Romero,Tottenham Hotspur,2029,185.0,79.0,32500000.0,115000.0,23.08,396341.46
,25,82,85,243576,Right,78,78,91,68,78,80,79,79,77,15,7,5,3,3,,,,Pedro Porro,RB RM,RB,Pedro Porro,Tottenham Hotspur,2028,173.0,69.0,37000000.0,105000.0,23.05,451219.51
,22,82,85,245367,Right,83,72,82,62,65,84,81,62,56,9,11,8,3,4,,,,X. Simons,CAM LM LW ST,CAM,X. Simons,Tottenham Hotspur,2030,179.0,58.0,42500000.0,105000.0,18.1,518292.68
,24,82,85,264453,Left,84,95,71,85,80,59,83,82,86,7,13,11,3,3,,,,M. van de Ven,CB LB,CB,M. van de Ven,Tottenham Hotspur,2029,193.0,86.0,37000000.0,95000.0,23.09,451219.51
,28,82,83,233306,Right,55,56,32,64,11,55,60,14,14,83,79,81,3,1,,,,D. Henderson,GK,GK,D. Henderson,Crystal Palace,2028,188.0,85.0,24000000.0,67000.0,24.05,292682.93
,28,82,82,236461,Right,69,80,68,88,41,74,81,39,30,8,8,13,5,3,,,,J. Mateta,ST,ST,J. Mateta,Crystal Palace,2027,192.0,88.0,31000000.0,115000.0,23.87,378048.78
,29,82,82,237646,Right,77,79,88,74,79,70,76,82,82,7,14,7,3,3,,,,D. Muñoz,RB RM,RB,D. Munoz,Crystal Palace,2028,181.0,73.0,27000000.0,100000.0,22.28,329268.29
,30,82,82,219683,Right,66,72,84,81,79,80,82,80,76,7,10,9,2,3,,,,C. Tolisso,CM CDM CAM,CM,C. Tolisso,Olympique Lyonnais,2027,181.0,81.0,29000000.0,33000.0,24.72,353658.54
,26,82,86,240225,Right,46,42,38,65,17,63,59,14,12,81,75,82,2,1,,,,M. Safonov,GK,GK,M. Safonov,Paris Saint-Germain,2029,192.0,82.0,33000000.0,58000.0,22.24,402439.02
,23,82,86,251752,Right,52,46,41,53,10,47,45,10,11,84,78,79,3,1,,,,L. Chevalier,GK,GK,L. Chevalier,Paris Saint-Germain,2030,189.0,84.0,34500000.0,46000.0,23.52,420731.71
,39,82,82,167495,Right,29,35,43,80,30,68,66,10,11,80,80,84,4,1,,,,M. Neuer,GK,GK,M. Neuer,FC Bayern München,2030,193.0,90.0,3400000.0,23000.0,24.16,41463.41
,28,82,82,237086,Right,73,73,79,85,88,57,66,84,81,13,7,14,3,2,,,,Kim Min Jae,CB,CB,Kim Min Jae,FC Bayern München,2028,190.0,85.0,26500000.0,75000.0,23.55,323170.73
,21,82,87,275298,Right,66,59,78,76,79,83,85,77,78,6,9,9,4,3,,,,A. Pavlović,CDM CM,CDM,A. Pavlovic,FC Bayern München,2029,188.0,78.0,43000000.0,52000.0,22.07,524390.24
,31,82,82,208333,Right,64,76,73,85,78,69,83,86,85,14,8,13,4,3,,,,E. Can,CB CDM,CB,E. Can,Borussia Dortmund,2027,186.0,86.0,21000000.0,60000.0,24.86,256097.56
,29,82,82,212194,Right,67,79,85,72,56,86,85,29,39,11,16,8,4,4,,,,J. Brandt,CAM CM,CAM,J. Brandt,Borussia Dortmund,2030,185.0,83.0,30000000.0,64000.0,24.25,365853.66
,23,82,86,251852,Left,96,96,77,67,31,74,76,34,49,12,12,12,3,4,,,,K. Adeyemi,RM LW CAM RW,RM,K. Adeyemi,Borussia Dortmund,2027,180.0,77.0,43500000.0,52000.0,23.77,530487.8
,26,82,83,247263,Right,73,76,74,83,85,74,78,81,79,5,10,7,4,2,,,,E. Tapsoba,CB,CB,E. Tapsoba,Bayer 04 Leverkusen,2028,192.0,84.0,31500000.0,86000.0,22.79,384146.34
,28,82,82,244176,Right,68,66,74,84,18,83,84,37,29,9,12,11,5,3,,,,D. Undav,ST CAM,ST,D. Undav,VfB Stuttgart,2027,179.0,86.0,31000000.0,59000.0,26.84,378048.78
,24,82,85,244257,Right,82,83,79,76,42,71,77,38,33,14,9,6,4,3,,,,J. Burkardt,ST,ST,J. Burkardt,Eintracht Frankfurt,2030,181.0,76.0,42000000.0,43000.0,23.2,512195.12
,24,82,86,251470,Left,72,71,78,69,56,83,73,59,54,11,8,8,3,4,,,,C. De Ketelaere,CAM ST CM,CAM,C. De Ketelaere,Atalanta,2028,192.0,74.0,43500000.0,72000.0,20.07,530487.8
,25,82,85,266866,Right,78,78,90,77,81,80,84,84,75,14,10,13,3,3,,,,Éderson,CM CDM,CM,Ederson,Atalanta,2027,183.0,83.0,40000000.0,77000.0,24.78,487804.88
,25,82,84,243580,Right,94,96,82,79,26,69,80,23,19,9,8,8,4,3,,,,L. Openda,ST CAM,ST,L. Openda,"Juventus Jun 30, 2026 On loan",,175.0,79.0,38500000.0,70000.0,25.8,469512.2
,20,82,89,277954,Right,85,84,72,67,54,80,77,51,50,14,14,8,5,4,,,,K. Yıldız,CAM LM LW CM,CAM,K. Yıldız,Juventus,2029,187.0,75.0,60500000.0,100000.0,21.45,737804.88
,30,82,82,210413,Left,65,64,77,80,84,45,77,84,83,9,14,8,3,2,,,,A. Romagnoli,CB,CB,A. Romagnoli,Lazio,2027,185.0,75.0,25000000.0,46000.0,21.91,304878.05
,28,82,84,225116,Left,41,48,29,65,22,40,67,22,14,81,79,84,3,1,,,,A. Meret,GK,GK,A. Meret,Napoli,2027,192.0,82.0,26000000.0,72000.0,22.24,317073.17
,26,82,86,243241,Left,65,72,78,78,85,66,77,84,78,13,11,11,3,2,,,,A. Buongiorno,CB,CB,A. Buongiorno,Napoli,2029,190.0,86.0,37500000.0,105000.0,23.82,457317.07
,33,82,82,202024,Right,63,53,91,67,79,78,83,84,75,12,8,14,3,4,,,,R. Freuler,CDM CM,CDM,R. Freuler,Bologna,2029,180.0,77.0,15000000.0,65000.0,23.77,182926.83
,30,82,82,210676,Right,26,28,28,62,8,45,44,13,18,84,81,79,2,1,,,,W. Falcone,GK,GK,W. Falcone,Lecce,2028,196.0,85.0,20500000.0,13000.0,22.13,250000.0
,20,82,89,277846,Left,78,80,77,68,61,80,78,69,48,14,10,12,3,4,,,,Nico Paz,CAM RM ST CM,CAM,Nico Paz,Como,2028,186.0,81.0,60500000.0,82000.0,23.41,737804.88
,30,82,82,210935,Left,84,81,75,61,36,80,78,30,30,5,6,5,3,4,,,,D. Berardi,RW RM,RW,D. Berardi,Sassuolo,2029,183.0,72.0,29500000.0,36000.0,21.5,359756.1
,22,82,86,253396,Right,94,91,91,79,57,78,77,60,52,8,14,14,3,3,,,,Giuliano,RM RW LM,RM,Giuliano,Atlético Madrid,2030,174.0,75.0,44500000.0,69000.0,24.77,542682.93
,23,82,87,257279,Right,79,79,78,60,69,83,75,66,64,6,11,12,4,3,,,,Álex Baena,LM CM LW,LM,Alex Baena,Atlético Madrid,2030,175.0,70.0,46000000.0,69000.0,22.86,560975.61
,27,82,82,231677,Right,89,93,70,71,27,80,78,29,24,11,6,7,3,5,,,,M. Rashford,LW LM ST,LW,M. Rashford,"FC Barcelona Jun 30, 2026 On loan",,188.0,80.0,32500000.0,110000.0,22.63,396341.46
,31,82,82,212218,Left,49,60,70,84,84,79,84,85,83,10,11,14,3,2,,,,A. Laporte,CB,CB,A. Laporte,Athletic Club,2028,189.0,86.0,21000000.0,56000.0,24.08,256097.56
,25,82,85,244675,Right,74,77,84,80,70,81,86,67,69,15,11,15,4,4,,,,Sancet,CAM CM ST,CAM,Sancet,Athletic Club,2032,188.0,73.0,40500000.0,55000.0,20.65,493902.44
,25,82,85,248550,Right,79,76,79,83,84,63,70,84,83,9,8,10,2,2,,,,Vivian,CB,CB,Vivian,Athletic Club,2032,183.0,78.0,36000000.0,51000.0,23.29,439024.39
,37,82,82,192629,Left,76,74,51,63,39,82,84,25,18,12,16,12,4,3,,,,Iago Aspas,RW ST CAM RM,RW,Iago Aspas,RC Celta,2027,176.0,67.0,10000000.0,35000.0,21.63,121951.22
,30,82,82,227127,Right,44,46,42,73,20,50,55,17,18,83,78,82,4,1,,,,Álex Remiro,GK,GK,Alex Remiro,Real Sociedad,2027,191.0,79.0,20500000.0,34000.0,21.66,250000.0
,33,82,82,188335,Left,62,68,75,84,24,60,75,35,27,11,14,16,4,3,,,,A. Budimir,ST,ST,A. Budimir,CA Osasuna,2027,190.0,75.0,19500000.0,53000.0,20.78,237804.88
,21,82,87,264388,Right,87,86,79,65,48,81,78,55,53,6,9,8,4,4,,,,Moleiro,LM CAM LW,LM,Moleiro,Villarreal CF,2030,172.0,67.0,47000000.0,39000.0,22.65,573170.73
,24,81,84,251566,Right,92,89,82,63,39,77,79,44,43,10,6,6,3,4,,,,Gabriel Martinelli,LW LM CM,LW,Gabriel Martinelli,Arsenal,2027,178.0,75.0,35000000.0,125000.0,23.67,432098.77
,30,81,81,210881,Left,69,69,92,79,79,79,77,82,75,9,13,10,2,3,,,,J. McGinn,RM LM CAM RB,RM,J. McGinn,Aston Villa,2028,178.0,68.0,25000000.0,120000.0,21.46,308641.98
,27,81,81,227174,Right,74,75,86,68,78,70,75,80,80,15,16,13,3,3,,,,M. Cash,RB RM,RB,M. Cash,Aston Villa,2029,185.0,74.0,25000000.0,110000.0,21.62,308641.98
,23,81,84,257057,Right,64,82,76,84,83,77,79,82,82,7,12,9,4,3,,,,A. Onana,CDM CM,CDM,A. Onana,Aston Villa,2029,195.0,76.0,32000000.0,95000.0,19.99,395061.73
,27,81,82,228789,Right,55,65,40,77,15,55,55,17,15,82,79,80,3,1,,,,Robert Sánchez,GK,GK,Robert Sanchez,Chelsea,2030,197.0,90.0,22000000.0,76000.0,23.19,271604.94
,24,81,84,243657,Right,65,64,86,70,83,79,79,81,84,10,7,5,3,3,,,,J. Garner,CDM RB CM,CDM,J. Garner,Everton,2030,182.0,80.0,32000000.0,44000.0,24.15,395061.73
,31,81,81,216267,Left,75,74,77,67,79,78,78,79,80,11,8,7,2,3,,,,A. Robertson,LB LM,LB,A. Robertson,Liverpool,2030,178.0,64.0,18500000.0,105000.0,20.2,228395.06
,21,81,85,260908,Left,88,87,90,75,78,76,75,78,80,8,13,13,3,3,,,,M. Kerkez,LB LM,LB,M. Kerkez,Liverpool,2030,180.0,71.0,35000000.0,75000.0,21.91,432098.77
,24,81,85,242641,Left,85,84,80,65,78,75,80,78,80,15,11,14,3,5,,,,R. Aït-Nouri,LB LM,LB,R. Ait-Nouri,Manchester City,2030,180.0,70.0,34500000.0,100000.0,21.6,425925.93
,23,81,85,255069,Right,66,67,76,79,80,80,79,79,81,14,14,12,2,3,,,,Nico González,CDM CM,CDM,Nico Gonzalez,Manchester City,2029,188.0,88.0,33500000.0,100000.0,24.9,413580.25
,21,81,86,270409,Left,89,85,73,45,25,80,84,30,36,9,12,9,2,4,,,,Savinho,RW LW RM,RW,Savinho,Manchester City,2031,176.0,71.0,39500000.0,100000.0,22.92,487654.32
,20,81,86,277427,Left,79,86,78,80,79,77,81,79,78,7,13,7,2,3,,,,N. O'Reilly,LB CM,LB,N. O'Reilly,Manchester City,2030,193.0,77.0,35500000.0,86000.0,20.67,438271.6
,32,81,81,203263,Right,37,34,66,89,82,69,79,83,79,14,16,14,3,2,,,,H. Maguire,CB,CB,H. Maguire,Manchester United,2027,194.0,100.0,16500000.0,95000.0,26.57,203703.7
,27,81,82,239301,Left,70,65,73,77,84,76,79,81,84,6,14,14,3,3,,,,L. Martínez,CB,CB,L. Martinez,Manchester United,2027,178.0,77.0,26000000.0,90000.0,24.3,320987.65
,22,81,87,254803,Right,45,45,29,79,15,58,65,15,12,80,83,81,4,1,,,,S. Lammens,GK,GK,S. Lammens,Manchester United,2030,193.0,92.0,33500000.0,45000.0,24.7,413580.25
,28,81,81,223334,Right,69,78,89,90,84,79,82,84,77,9,13,13,3,3,,,,Joelinton,CM CDM,CM,Joelinton,Newcastle United,2028,186.0,81.0,25500000.0,130000.0,23.41,314814.81
,28,81,81,234824,Right,83,87,78,68,31,72,74,24,19,14,7,8,3,3,,,,Y. Wissa,ST,ST,Y. Wissa,Newcastle United,2029,176.0,74.0,26500000.0,140000.0,23.89,327160.49
,25,81,83,251809,Left,48,63,64,89,80,59,76,82,83,12,9,6,3,2,,,,S. Botman,CB,CB,S. Botman,Newcastle United,2030,193.0,81.0,28500000.0,115000.0,21.75,351851.85
,23,81,85,256261,Right,72,78,76,83,82,69,80,82,81,10,6,11,4,2,,,,M. Thiaw,CB,CB,M. Thiaw,Newcastle United,2029,194.0,89.0,33000000.0,100000.0,23.65,407407.41
,20,81,86,266127,Left,78,76,80,56,82,78,82,81,80,14,8,8,3,2,,,,L. Hall,LB LM,LB,L. Hall,Newcastle United,2029,179.0,71.0,35500000.0,86000.0,22.16,438271.6
,33,81,81,192123,Right,55,52,69,87,40,71,79,30,25,14,16,7,3,2,,,,C. Wood,ST,ST,C. Wood,Nottingham Forest,2027,191.0,92.0,16500000.0,115000.0,25.22,203703.7
,33,81,81,199641,Right,37,35,26,65,17,58,61,15,14,82,79,81,2,1,,,,M. Sels,GK,GK,M. Sels,Nottingham Forest,2027,188.0,75.0,8500000.0,66000.0,21.22,104938.27
,25,81,83,236015,Right,76,75,80,68,60,83,84,60,57,7,7,15,3,4,,,,M. Gibbs-White,CAM CM,CAM,M. Gibbs-White,Nottingham Forest,2028,179.0,66.0,32500000.0,100000.0,20.6,401234.57
,28,81,82,240091,Right,54,49,38,60,15,66,60,11,13,80,78,80,4,1,,,,G. Vicario,GK,GK,G. Vicario,Tottenham Hotspur,2028,194.0,76.0,20500000.0,71000.0,20.19,253086.42
,24,81,83,245155,Left,91,88,73,78,59,77,81,66,46,6,12,7,3,4,,,,M. Kudus,RW RM ST,RW,M. Kudus,Tottenham Hotspur,2031,177.0,70.0,33500000.0,100000.0,22.34,413580.25
,27,81,81,229348,Left,87,89,85,73,81,78,73,79,76,12,9,14,3,3,,,,A. Robinson,LB LM,LB,A. Robinson,Fulham FC,2028,183.0,70.0,25000000.0,90000.0,20.9,308641.98
,27,81,81,235353,Right,89,93,72,72,37,81,82,39,30,14,13,6,2,3,,,,I. Sarr,RW CAM RM,RW,I. Sarr,Crystal Palace,2029,185.0,70.0,27500000.0,100000.0,20.45,339506.17
,25,81,83,244067,Right,82,93,77,84,83,55,75,82,79,14,7,12,2,2,,,,M. Lacroix,CB,CB,M. Lacroix,Crystal Palace,2029,190.0,89.0,28500000.0,86000.0,24.65,351851.85
,21,81,87,259240,Left,60,63,69,66,78,85,83,78,79,5,11,6,3,3,,,,A. Wharton,CDM CM,CDM,A. Wharton,Crystal Palace,2029,182.0,70.0,38000000.0,66000.0,21.13,469135.8
,28,81,81,255565,Right,86,84,72,60,57,80,84,59,54,10,13,14,4,4,,,,K. Mitoma,LM LW,LM,K. Mitoma,Brighton & Hove Albion,2027,178.0,73.0,26000000.0,105000.0,23.04,320987.65
,24,81,85,275771,Right,72,75,75,87,39,72,83,43,31,14,6,15,4,2,,,,Igor Thiago,ST,ST,Igor Thiago,Brentford,2031,191.0,88.0,37500000.0,82000.0,24.12,462962.96
,28,81,81,236506,Left,58,51,63,79,83,76,79,81,81,10,13,7,4,3,,,,M. Senesi,CB,CB,M. Senesi,AFC Bournemouth,2028,185.0,80.0,22000000.0,85000.0,23.37,271604.94
,32,81,81,204970,Left,70,71,84,62,48,84,81,42,40,8,11,10,3,4,,,,F. Thauvin,RW ST RM,RW,F. Thauvin,RC Lens,2028,181.0,70.0,20500000.0,40000.0,21.37,253086.42
,28,81,81,229261,Right,72,86,80,87,79,74,82,82,77,12,12,13,3,3,,,,D. Zakaria,CDM CM CB,CDM,D. Zakaria,AS Monaco,2028,190.0,81.0,22500000.0,42000.0,22.44,277777.78
,29,81,81,220814,Left,68,74,68,78,80,71,80,84,82,10,7,14,2,2,,,,L. Hernández,LB CB CM,LB,L. Hernandez,Paris Saint-Germain,2028,184.0,79.0,22500000.0,89000.0,23.33,277777.78
,36,81,81,188567,Right,76,90,61,70,44,71,79,35,29,6,9,9,4,4,,,,P. Aubameyang,ST,ST,P. Aubameyang,Olympique de Marseille,2027,187.0,80.0,9000000.0,43000.0,22.88,111111.11
,29,81,81,213648,Right,52,47,88,78,81,76,79,80,73,9,7,11,4,3,,,,P. Højbjerg,CDM CM,CDM,P. Højbjerg,Olympique de Marseille,2028,187.0,81.0,22000000.0,50000.0,23.16,271604.94
,33,81,81,215316,Right,56,52,41,73,21,68,56,13,17,82,77,77,3,1,,,,G. Rulli,GK,GK,G. Rulli,Olympique de Marseille,2027,189.0,84.0,8500000.0,33000.0,23.52,104938.27
,29,81,81,226851,Right,74,79,80,75,83,67,82,84,81,9,7,7,3,3,,,,B. Pavard,CB,CB,B. Pavard,"Olympique de Marseille Jun 30, 2026 On loan",,186.0,81.0,21500000.0,40000.0,23.41,265432.1
,29,81,81,244749,Left,68,81,76,83,82,68,74,83,80,7,15,14,3,2,,,,N. Aguerd,CB,CB,N. Aguerd,Olympique de Marseille,2030,190.0,76.0,21500000.0,50000.0,21.05,265432.1
,30,81,81,209658,Right,69,81,69,84,84,77,82,82,75,13,8,11,4,3,,,,L. Goretzka,CDM CM,CDM,L. Goretzka,FC Bayern München,2029,189.0,82.0,21500000.0,69000.0,22.96,265432.1
,31,81,81,204923,Right,77,72,78,75,82,79,83,75,77,11,13,15,4,3,,,,M. Sabitzer,CDM CM CAM,CDM,M. Sabitzer,Borussia Dortmund,2027,178.0,76.0,18000000.0,55000.0,23.99,222222.22
,26,81,84,228383,Right,42,42,38,71,24,58,60,19,18,82,79,83,3,1,,,,K. Grabara,GK,GK,K. Grabara,VfL Wolfsburg,2028,195.0,85.0,26000000.0,35000.0,22.35,320987.65
,27,81,81,232639,Left,85,78,90,59,44,82,73,36,42,8,5,13,3,4,,,,R. Doan,RM CAM CM RB,RM,R. Doan,Eintracht Frankfurt,2030,172.0,70.0,27500000.0,42000.0,23.66,339506.17
,34,81,81,216354,Right,69,65,85,68,29,81,82,25,26,8,14,7,4,4,,,,A. Kramarić,CAM CM,CAM,A. Kramaric,TSG 1899 Hoffenheim,2030,177.0,73.0,12000000.0,49000.0,23.3,148148.15
,18,81,89,78012,Right,90,93,69,65,35,78,77,40,36,9,15,5,4,4,,,,Y. Diomande,RW LW LM RM,RW,Y. Diomande,RB Leipzig,2030,181.0,76.0,54500000.0,45000.0,23.2,672839.51
,25,81,83,242187,Right,81,68,76,55,40,80,78,58,54,10,11,14,3,4,,,,C. Baumgartner,CAM CM ST,CAM,C. Baumgartner,RB Leipzig,2028,180.0,77.0,32500000.0,61000.0,23.77,401234.57
,22,81,87,262138,Left,73,71,65,78,80,74,81,86,78,8,10,11,2,2,,,,C. Lukeba,CB LB CM,CB,C. Lukeba,RB Leipzig,2029,183.0,84.0,37500000.0,52000.0,25.08,462962.96
,34,81,81,208461,Right,53,67,92,73,82,74,83,88,79,14,15,12,3,3,,,,M. de Roon,CM CDM,CM,M. de Roon,Atalanta,2029,186.0,76.0,12000000.0,78000.0,21.97,148148.15
,31,81,81,210406,Right,78,76,69,56,72,86,82,75,72,12,9,11,4,3,,,,P. Zieliński,CM CDM CAM,CM,P. Zielinski,Inter,2028,177.0,64.0,21000000.0,41000.0,20.43,259259.26
,25,81,83,239807,Right,84,80,80,71,73,81,81,77,72,5,10,11,4,3,,,,D. Frattesi,CM CDM,CM,D. Frattesi,Inter,2028,178.0,74.0,32000000.0,38000.0,23.36,395061.73
,26,81,82,258648,Left,79,78,80,74,78,76,78,81,79,11,12,12,2,3,,,,Carlos Augusto,LB CB LM,LB,Carlos Augusto,Inter,2028,184.0,78.0,27500000.0,38000.0,23.04,339506.17
,27,81,84,235840,Right,55,57,36,68,15,65,56,16,12,82,78,83,3,1,,,,M. Di Gregorio,GK,GK,M. Di Gregorio,Juventus,2029,187.0,82.0,25500000.0,73000.0,23.45,314814.81
,25,81,84,243630,Right,79,83,87,77,33,74,81,29,19,7,7,7,5,3,,,,J. David,ST,ST,J. David,Juventus,2030,178.0,81.0,34500000.0,125000.0,25.56,425925.93
,25,81,84,246430,Left,76,78,74,87,24,70,78,26,24,5,15,11,4,3,,,,D. Vlahović,ST,ST,D. Vlahovic,Juventus,2028,190.0,88.0,34500000.0,125000.0,24.38,425925.93
,24,81,85,247246,Right,77,80,81,82,81,78,82,84,75,7,9,11,3,3,,,,K. Thuram,CM CDM,CM,K. Thuram,Juventus,2029,192.0,80.0,36500000.0,105000.0,21.7,450617.28
,24,81,84,268804,Right,83,87,82,75,81,62,76,79,82,14,10,6,4,2,,,,Mario Gila,CB,CB,Mario Gila,Lazio,2027,185.0,80.0,31500000.0,35000.0,23.37,388888.89
,27,81,81,232411,Right,77,77,65,63,40,80,78,35,30,5,6,15,3,5,,,,C. Nkunku,CAM LM ST CM,CAM,C. Nkunku,AC Milan,2030,177.0,75.0,27500000.0,58000.0,23.94,339506.17
,27,81,83,232756,Right,78,84,74,76,79,48,81,86,78,10,13,11,4,2,,,,F. Tomori,CB,CB,F. Tomori,AC Milan,2027,185.0,79.0,27500000.0,54000.0,23.08,339506.17
,26,81,84,245630,Right,67,69,85,73,78,78,78,83,74,12,7,5,3,3,,,,Y. Fofana,CDM CM,CDM,Y. Fofana,AC Milan,2028,185.0,75.0,30500000.0,54000.0,21.91,376543.21
,31,81,81,216409,Left,81,79,78,39,67,80,80,58,50,11,12,8,4,4,,,,M. Politano,RW RM RB,RW,M. Politano,Napoli,2027,171.0,65.0,21500000.0,115000.0,22.23,265432.1
,28,81,81,236632,Left,87,85,69,59,48,79,85,45,38,14,10,13,3,5,,,,David Neres,LW LM,LW,David Neres,Napoli,2028,175.0,69.0,26000000.0,115000.0,22.53,320987.65
,23,81,85,261865,Left,82,80,85,66,79,80,75,78,76,14,10,6,3,2,,,,Miguel Gutiérrez,LB LM,LB,Miguel Gutierrez,Napoli,2030,180.0,73.0,34500000.0,84000.0,22.53,425925.93
,30,81,81,208268,Right,53,55,92,78,78,80,82,80,74,3,5,3,4,3,,,,B. Cristante,CM CDM,CM,B. Cristante,Roma,2027,186.0,80.0,24500000.0,67000.0,23.12,302469.14
,25,81,83,236403,Left,69,78,86,81,80,64,80,83,77,13,8,8,3,2,,,,E. Ndicka,CB,CB,E. Ndicka,Roma,2028,192.0,82.0,28500000.0,58000.0,22.24,351851.85
,28,81,81,242458,Left,80,86,73,80,26,72,83,28,23,13,13,12,4,3,,,,A. Dovbyk,ST,ST,A. Dovbyk,Roma,2029,189.0,78.0,26500000.0,72000.0,21.84,327160.49
,34,81,81,215333,Right,72,76,65,90,20,70,82,24,22,9,9,6,4,3,,,,D. Zapata,ST,ST,D. Zapata,Torino,2030,188.0,88.0,12500000.0,56000.0,24.9,154320.99
,33,81,81,193747,Right,53,45,82,75,79,82,84,79,70,14,12,10,4,3,,,,Koke,CM CDM,CM,Koke,Atlético Madrid,2028,176.0,77.0,16000000.0,76000.0,24.86,197530.86
,28,81,82,233486,Right,65,69,73,86,79,48,70,81,77,9,13,15,3,2,,,,R. Le Normand,CB,CB,R. Le Normand,Atlético Madrid,2029,187.0,80.0,24500000.0,73000.0,22.88,302469.14
,26,81,84,253163,Right,73,84,71,87,78,59,73,81,78,11,14,11,3,2,,,,R. Araujo,CB,CB,R. Araujo,FC Barcelona,2031,188.0,79.0,30000000.0,90000.0,22.35,370370.37
,30,81,81,228618,Left,83,83,83,83,79,74,76,80,79,7,16,10,5,4,,,,F. Mendy,LB LM,LB,F. Mendy,Real Madrid,2028,180.0,73.0,22000000.0,170000.0,22.53,271604.94
,25,81,82,231410,Right,82,80,72,62,35,81,78,29,21,13,9,10,5,4,,,,Brahim,RM RW,RM,Brahim,Real Madrid,2027,170.0,68.0,31000000.0,160000.0,23.53,382716.05
,22,81,85,248243,Left,81,80,84,79,80,77,75,81,83,12,6,12,3,4,,,,E. Camavinga,CM CDM LB,CM,E. Camavinga,Real Madrid,2029,185.0,77.0,37500000.0,145000.0,22.5,462962.96
,22,81,87,268889,Left,84,87,89,77,80,77,76,78,75,6,7,8,4,3,,,,Álvaro Carreras,LB CB LM,LB,Alvaro Carreras,Real Madrid,2031,186.0,75.0,38500000.0,140000.0,21.68,475308.64
,20,81,88,278349,Right,69,75,68,80,81,75,78,82,82,12,7,14,5,2,,,,D. Huijsen,CB,CB,D. Huijsen,Real Madrid,2030,196.0,86.0,47500000.0,120000.0,22.39,586419.75
,31,81,81,216201,Right,91,92,84,83,38,78,78,55,34,14,15,10,3,4,,,,Iñaki Williams,RW ST RM,RW,Inaki Williams,Athletic Club,2028,186.0,81.0,21500000.0,58000.0,23.41,265432.1
,29,81,81,226226,Left,76,75,67,65,70,84,82,73,68,10,7,15,3,4,,,,G. Lo Celso,CAM CM,CAM,G. Lo Celso,Real Betis Balompié,2028,177.0,68.0,25500000.0,40000.0,21.71,314814.81
,29,81,81,226456,Right,68,68,81,66,78,84,84,76,74,9,11,7,3,4,,,,Fornals,CM CAM CDM,CM,Fornals,Real Betis Balompié,2029,178.0,67.0,25000000.0,39000.0,21.15,308641.98
,25,81,82,255475,Left,85,85,76,65,53,81,80,52,31,9,10,8,2,5,,,,Antony,RW RM,RW,Antony,Real Betis Balompié,2030,172.0,63.0,31000000.0,38000.0,21.3,382716.05
,31,81,81,223710,Left,53,63,73,91,28,73,75,31,22,8,9,9,3,3,,,,V. Muriqi,ST,ST,V. Muriqi,RCD Mallorca,2029,194.0,92.0,22000000.0,47000.0,24.44,271604.94
,24,81,84,237681,Left,87,84,74,60,28,78,78,51,56,6,7,10,4,4,,,,T. Kubo,RM RW,RM,T. Kubo,Real Sociedad,2029,173.0,64.0,35000000.0,42000.0,21.38,432098.77
,32,81,81,216447,Left,90,87,75,34,64,77,77,45,32,11,8,10,4,3,,,,Álvaro García,LW LM ST,LW,Alvaro Garcia,Rayo Vallecano,2028,167.0,61.0,20500000.0,37000.0,21.87,253086.42
,28,81,81,243559,Right,82,84,80,68,44,81,80,44,39,13,8,14,4,4,,,,De Frutos,RW ST RM,RW,De Frutos,Rayo Vallecano,2028,173.0,72.0,26000000.0,37000.0,24.06,320987.65
,33,81,81,208093,Left,77,77,74,73,50,79,78,45,35,15,12,12,4,3,,,,Gerard Moreno,ST CAM,ST,Gerard Moreno,Villarreal CF,2027,180.0,77.0,16500000.0,55000.0,23.77,203703.7
,31,81,81,215590,Right,85,83,70,60,49,82,81,61,42,12,12,14,4,4,,,,Ayoze,ST CAM,ST,Ayoze,Villarreal CF,2028,178.0,66.0,22000000.0,55000.0,20.83,271604.94
,30,81,81,226110,Left,87,87,74,76,33,75,81,34,30,11,14,6,2,4,,,,N. Pépé,RW ST RM,RW,N. Pepe,Villarreal CF,2028,183.0,73.0,25000000.0,54000.0,21.8,308641.98
,30,81,81,242201,Right,71,67,90,68,82,85,81,80,70,12,13,10,3,3,,,,Luis Milla,CM CDM,CM,Luis Milla,Getafe CF,2027,175.0,67.0,24500000.0,46000.0,21.88,302469.14
,31,80,80,210697,Right,52,47,82,78,84,70,77,80,79,11,9,14,3,3,,,,C. Nørgaard,CDM CM,CDM,C. Nørgaard,Arsenal,2027,187.0,77.0,15000000.0,125000.0,22.02,187500.0
,28,80,80,230666,Right,85,78,62,65,32,78,79,30,28,13,8,6,3,4,,,,Gabriel Jesus,ST CAM,ST,Gabriel Jesus,Arsenal,2027,175.0,73.0,21500000.0,140000.0,23.84,268750.0
,23,80,84,254796,Left,89,88,75,67,45,75,80,45,30,5,13,12,3,4,,,,N. Madueke,RW RM,RW,N. Madueke,Arsenal,2030,182.0,75.0,30000000.0,115000.0,22.64,375000.0
,31,80,80,200458,Left,70,68,80,69,77,75,79,79,78,6,12,6,3,3,,,,L. Digne,LB LM,LB,L. Digne,Aston Villa,2028,178.0,74.0,15500000.0,110000.0,23.36,193750.0
,28,80,80,241464,Left,66,67,71,73,81,77,82,82,81,11,13,13,2,2,,,,Pau Torres,CB,CB,Pau Torres,Aston Villa,2028,191.0,80.0,18000000.0,110000.0,21.93,225000.0
,25,80,82,230918,Right,64,68,67,83,82,67,78,80,79,5,5,9,3,3,,,,T. Chalobah,CB RB,CB,T. Chalobah,Chelsea,2028,192.0,84.0,23500000.0,105000.0,22.79,293750.0
,22,80,84,262859,Left,66,73,77,79,81,73,79,81,80,15,14,10,3,2,,,,L. Colwill,CB,CB,L. Colwill,Chelsea,2029,187.0,83.0,27500000.0,95000.0,23.74,343750.0
,21,80,87,273018,Right,77,71,91,75,80,79,80,82,81,5,10,12,3,3,,,,Andrey Santos,CM CDM,CM,Andrey Santos,Chelsea,2030,180.0,77.0,42500000.0,86000.0,23.77,531250.0
,32,80,80,202695,Right,41,49,68,86,78,62,75,83,84,14,8,9,4,2,,,,J. Tarkowski,CB,CB,J. Tarkowski,Everton,2028,188.0,81.0,13500000.0,50000.0,22.92,168750.0
,26,80,81,237386,Left,70,70,75,66,71,81,82,73,68,12,15,10,3,3,,,,K. Dewsbury-Hall,CAM CM,CAM,K. Dewsbury-Hall,Everton,2030,176.0,80.0,25000000.0,51000.0,25.83,312500.0
,27,80,80,235805,Right,88,87,63,67,46,77,80,44,39,6,7,9,4,4,,,,F. Chiesa,RM ST RW,RM,F. Chiesa,Liverpool,2028,175.0,70.0,22500000.0,100000.0,22.86,281250.0
,24,80,83,242434,Right,68,79,83,69,71,79,82,77,71,6,13,11,4,4,,,,C. Jones,CM CDM CAM,CM,C. Jones,Liverpool,2027,185.0,75.0,28500000.0,87000.0,21.91,356250.0
,21,80,86,277031,Right,86,93,67,82,81,58,70,81,80,12,7,8,3,2,,,,A. Khusanov,CB,CB,A. Khusanov,Manchester City,2029,186.0,84.0,31000000.0,80000.0,24.28,387500.0
,27,80,80,236401,Right,78,73,76,69,80,77,79,77,80,12,7,12,3,3,,,,N. Mazraoui,RB CB LB RM,RB,N. Mazraoui,Manchester United,2028,183.0,65.0,20500000.0,84000.0,19.41,256250.0
,22,80,85,254088,Left,88,82,75,45,59,78,78,57,49,13,15,11,4,4,,,,Amad,RM RB RW,RM,Amad,Manchester United,2030,173.0,67.0,32500000.0,77000.0,22.39,406250.0
,22,80,87,260592,Right,82,90,84,83,39,70,77,42,35,10,8,14,4,4,,,,B. Šeško,ST,ST,B. Sesko,Manchester United,2030,195.0,86.0,43000000.0,84000.0,22.62,537500.0
,33,80,80,198032,Left,34,49,78,90,78,61,76,80,80,15,13,8,3,2,,,,D. Burn,CB LB,CB,D. Burn,Newcastle United,2027,201.0,104.0,10000000.0,115000.0,25.74,125000.0
,27,80,80,234742,Right,80,85,74,71,43,80,77,43,40,6,5,8,4,3,,,,H. Barnes,LW RW LM,LW,H. Barnes,Newcastle United,2028,182.0,72.0,22500000.0,125000.0,21.74,281250.0
,23,80,85,254022,Right,64,69,76,83,35,79,83,44,30,11,8,9,3,4,,,,N. Woltemade,ST CM,ST,N. Woltemade,Newcastle United,2031,198.0,90.0,32000000.0,110000.0,22.96,400000.0
,22,80,86,262118,Right,80,84,79,71,78,68,79,80,78,10,12,13,4,3,,,,T. Livramento,RB LB RM,RB,T. Livramento,Newcastle United,2028,182.0,71.0,31500000.0,95000.0,21.43,393750.0
,28,80,80,224656,Right,89,87,77,75,78,70,74,79,79,7,14,10,4,3,,,,O. Aina,RB LB RM,RB,O. Aina,Nottingham Forest,2028,184.0,82.0,19000000.0,95000.0,24.22,237500.0
,27,80,81,238095,Right,62,53,74,90,80,55,78,81,78,8,7,7,3,2,,,,N. Milenković,CB,CB,N. Milenkovic,Nottingham Forest,2029,195.0,90.0,21000000.0,90000.0,23.67,262500.0
,24,80,82,243057,Right,70,73,79,64,79,69,76,80,82,10,11,14,4,2,,,,N. Williams,LB RB,LB,N. Williams,Nottingham Forest,2029,183.0,72.0,25000000.0,78000.0,21.5,312500.0
,27,80,80,225539,Right,68,74,87,84,43,70,78,35,22,9,15,9,2,3,,,,D. Solanke,ST,ST,D. Solanke,Tottenham Hotspur,2030,187.0,80.0,23000000.0,110000.0,22.88,287500.0
,28,80,81,227535,Right,63,65,72,70,83,78,82,80,77,8,7,14,4,3,,,,R. Bentancur,CDM CM,CDM,R. Bentancur,Tottenham Hotspur,2030,187.0,72.0,20500000.0,100000.0,20.59,256250.0
,22,80,85,259868,Right,71,66,85,71,80,78,80,80,76,14,8,8,3,2,,,,P. Sarr,CM CDM,CM,P. Sarr,Tottenham Hotspur,2030,184.0,70.0,32000000.0,88000.0,20.68,400000.0
,27,80,80,226166,Right,76,69,68,81,81,64,71,81,85,10,7,11,3,3,,,,N. Mukiele,CB RB,CB,N. Mukiele,Sunderland,2029,187.0,84.0,19500000.0,65000.0,24.02,243750.0
,31,80,80,236045,Left,81,81,82,75,80,64,73,79,79,6,8,15,3,3,,,,Reinildo,LB,LB,Reinildo,Sunderland,2027,180.0,73.0,15500000.0,68000.0,22.53,193750.0
,28,80,81,240359,Left,56,63,71,83,81,51,68,81,79,7,13,13,3,2,,,,O. Alderete,CB,CB,O. Alderete,Sunderland,2029,188.0,77.0,20000000.0,68000.0,21.79,250000.0
,22,80,86,263798,Left,29,33,23,64,7,33,31,13,13,80,78,81,3,1,,,,R. Roefs,GK,GK,R. Roefs,Sunderland,2030,193.0,72.0,27500000.0,33000.0,19.33,343750.0
,29,80,80,213655,Right,77,75,88,72,59,81,81,64,50,14,7,14,3,4,,,,A. Iwobi,LM CDM LW,LM,A. Iwobi,Fulham FC,2028,180.0,75.0,20500000.0,90000.0,23.15,256250.0
,28,80,80,220710,Left,79,76,75,53,40,81,82,45,40,7,13,15,2,3,,,,H. Wilson,RM CAM RW,RM,H. Wilson,Fulham FC,2030,173.0,70.0,21000000.0,90000.0,23.39,262500.0
,34,80,80,186146,Right,60,60,68,81,40,75,80,40,35,9,10,12,4,3,,,,D. Welbeck,ST,ST,D. Welbeck,Brighton & Hove Albion,2027,185.0,73.0,10500000.0,105000.0,21.33,131250.0
,22,80,86,258498,Right,57,55,30,72,19,43,35,17,14,80,77,79,4,1,,,,B. Verbruggen,GK,GK,B. Verbruggen,Brighton & Hove Albion,2028,193.0,89.0,27500000.0,45000.0,23.89,343750.0
,25,80,83,258908,Right,66,68,70,79,79,76,78,80,83,11,9,7,3,2,,,,J. van Hecke,CB,CB,J. van Hecke,Brighton & Hove Albion,2027,189.0,79.0,25000000.0,86000.0,22.12,312500.0
,20,80,86,271800,Left,94,94,70,47,54,78,80,60,49,9,8,11,3,4,,,,Y. Minteh,RM RW,RM,Y. Minteh,Brighton & Hove Albion,2029,180.0,65.0,33000000.0,70000.0,20.06,412500.0
,21,80,86,272500,Left,75,74,76,79,82,76,80,81,78,11,6,14,3,3,,,,C. Baleba,CDM CM,CDM,C. Baleba,Brighton & Hove Albion,2028,183.0,77.0,31000000.0,65000.0,22.99,387500.0
,24,80,83,241508,Right,70,66,78,62,69,84,81,74,64,6,10,11,3,4,,,,M. Damsgaard,CAM CM LW,CAM,M. Damsgaard,Brentford,2030,180.0,70.0,29000000.0,71000.0,21.6,362500.0
,20,80,85,277869,Right,84,82,81,78,79,71,76,80,77,9,8,14,3,3,,,,M. Kayode,RB RM,RB,M. Kayode,Brentford,2030,179.0,70.0,29000000.0,55000.0,21.85,362500.0
,21,80,86,261299,Right,73,70,86,65,80,80,81,76,80,9,10,12,3,3,,,,A. Scott,CDM CM CAM,CDM,A. Scott,AFC Bournemouth,2028,178.0,68.0,31000000.0,55000.0,21.46,387500.0
,31,80,80,208787,Right,62,54,93,65,75,79,79,69,58,14,9,9,4,4,,,,A. Thomasson,CM CDM,CM,A. Thomasson,RC Lens,2029,175.0,72.0,17500000.0,35000.0,23.51,218750.0
,29,80,80,229236,Left,70,72,85,82,76,68,72,79,74,13,12,8,3,2,,,,M. Udol,LB LM CB CDM,LB,M. Udol,RC Lens,2028,178.0,79.0,18500000.0,34000.0,24.93,231250.0
,23,80,87,258601,Left,83,78,85,64,82,80,81,82,74,7,7,7,4,3,,,,M. Sangaré,CM CDM,CM,M. Sangare,RC Lens,2030,181.0,72.0,42000000.0,29000.0,21.98,525000.0
,34,80,80,190674,Right,54,55,90,79,80,72,79,81,76,8,14,7,3,3,,,,B. André,CDM CM,CDM,B. Andre,Lille OSC,2028,180.0,76.0,7000000.0,36000.0,23.46,87500.0
,29,80,80,225859,Left,60,76,77,84,81,61,77,82,80,9,14,8,3,2,,,,M. Niakhaté,CB,CB,M. Niakhate,Olympique Lyonnais,2028,190.0,85.0,17500000.0,27000.0,23.55,218750.0
,28,80,82,263139,Right,25,22,17,60,14,53,51,11,11,78,76,81,3,1,,,,D. Greif,GK,GK,D. Greif,Olympique Lyonnais,2029,197.0,82.0,18000000.0,18000.0,21.13,225000.0
,35,80,80,190941,Right,38,44,34,55,18,53,45,10,13,82,78,80,3,1,,,,L. Hrádecký,GK,GK,L. Hradecky,AS Monaco,2027,192.0,85.0,2300000.0,15000.0,23.06,28750.0
,23,80,86,264862,Left,75,74,77,58,48,82,81,52,44,8,10,5,3,4,,,,M. Akliouche,CAM RM ST,CAM,M. Akliouche,AS Monaco,2028,183.0,63.0,33500000.0,35000.0,18.81,418750.0
,24,80,83,243780,Left,75,69,73,56,55,81,81,55,44,11,12,8,3,4,,,,Lee Kang In,RW CM CAM RM,RW,Lee Kang In,Paris Saint-Germain,2028,173.0,66.0,29000000.0,78000.0,22.05,362500.0
,24,80,84,256903,Right,73,73,79,79,44,63,75,47,34,15,9,7,4,2,,,,Gonçalo Ramos,ST,ST,Goncalo Ramos,Paris Saint-Germain,2028,185.0,82.0,30500000.0,79000.0,23.96,381250.0
,22,80,85,258781,Right,76,84,73,85,79,57,74,82,79,14,11,11,3,2,,,,I. Zabarnyi,CB,CB,I. Zabarnyi,Paris Saint-Germain,2030,189.0,80.0,29500000.0,68000.0,22.4,368750.0
,31,80,80,204883,Left,49,60,37,78,18,48,66,14,12,78,80,80,3,1,,,,B. Samba,GK,GK,B. Samba,Stade Rennais FC,2029,187.0,90.0,11000000.0,22000.0,25.74,137500.0
,30,80,80,223874,Right,67,58,86,78,78,78,77,80,74,11,8,7,4,3,,,,V. Rongier,CDM CM,CDM,V. Rongier,Stade Rennais FC,2028,174.0,67.0,17500000.0,34000.0,22.13,218750.0
,26,80,83,242835,Right,69,83,69,81,81,70,76,81,79,6,8,15,3,2,,,,L. Balerdi,CB,CB,L. Balerdi,Olympique de Marseille,2028,187.0,85.0,24500000.0,45000.0,24.31,306250.0
,24,80,85,251806,Right,86,69,79,85,78,78,79,76,70,5,8,11,3,3,,,,Q. Timber,CM CDM CAM,CM,Q. Timber,Olympique de Marseille,2030,179.0,74.0,31500000.0,41000.0,23.1,393750.0
,25,80,83,271400,Right,85,87,76,68,22,75,74,37,29,8,13,12,2,4,,,,Igor Paixão,LM LW,LM,Igor Paixao,Olympique de Marseille,2030,168.0,63.0,28000000.0,45000.0,22.32,350000.0
,27,80,80,229891,Right,77,72,83,80,74,63,74,76,80,7,13,7,3,2,,,,J. Ryerson,RB LB RM,RB,J. Ryerson,Borussia Dortmund,2028,183.0,82.0,20500000.0,50000.0,24.49,256250.0
,22,80,84,254117,Right,86,86,85,53,45,72,76,39,33,6,8,6,3,3,,,,M. Beier,ST CAM LM,ST,M. Beier,Borussia Dortmund,2029,185.0,72.0,31000000.0,50000.0,21.04,387500.0
,29,80,80,214096,Left,59,74,90,87,52,65,85,39,25,7,8,7,5,2,,,,T. Kleindienst,ST,ST,T. Kleindienst,Borussia Mönchengladbach,2029,194.0,85.0,21000000.0,40000.0,22.58,262500.0
,28,80,80,220876,Right,81,83,80,56,59,77,75,46,51,10,15,14,3,4,,,,F. Honorat,RM CAM ST RW,RM,F. Honorat,Borussia Mönchengladbach,2029,180.0,70.0,21000000.0,37000.0,21.6,262500.0
,28,80,81,223885,Right,49,46,39,74,20,65,67,14,13,81,75,77,4,1,,,,A. Nübel,GK,GK,A. Nubel,"VfB Stuttgart Jun 30, 2026 On loan",,193.0,86.0,16500000.0,42000.0,23.09,206250.0
,27,80,80,238900,Right,68,75,80,77,36,78,73,39,42,9,8,7,3,3,,,,E. Demirović,ST,ST,E. Demirovic,VfB Stuttgart,2028,185.0,84.0,23000000.0,49000.0,24.54,287500.0
,27,80,80,239340,Left,33,58,76,91,78,40,64,81,81,9,13,8,2,2,,,,J. Chabot,CB,CB,J. Chabot,VfB Stuttgart,2028,195.0,95.0,19500000.0,43000.0,24.98,243750.0
,24,80,83,73078,Right,76,81,92,66,88,68,78,79,72,7,11,8,3,2,,,,K. Sano,CDM CM,CDM,K. Sano,1. FSV Mainz 05,2028,176.0,76.0,26000000.0,30000.0,24.54,325000.0
,28,80,80,225309,Right,76,56,78,68,69,85,82,65,44,12,12,12,3,4,,,,N. Amiri,CM CAM,CM,N. Amiri,1. FSV Mainz 05,2028,180.0,76.0,21000000.0,37000.0,23.46,262500.0
,25,80,83,264697,Right,94,87,86,45,39,75,79,48,53,9,7,9,3,4,,,,M. Amoura,ST LW LM CAM,ST,M. Amoura,VfL Wolfsburg,2029,170.0,61.0,28500000.0,56000.0,21.11,356250.0
,28,80,80,236532,Right,55,68,77,82,78,64,79,83,75,9,6,8,4,2,,,,R. Koch,CB,CB,R. Koch,Eintracht Frankfurt,2030,192.0,85.0,18000000.0,39000.0,23.06,225000.0
,22,80,86,269701,Left,88,79,84,44,75,75,82,79,83,7,6,13,3,4,,,,N. Brown,LB LM RB,LB,N. Brown,Eintracht Frankfurt,2030,176.0,60.0,31500000.0,32000.0,19.37,393750.0
,27,80,81,232658,Right,57,68,80,89,76,57,76,81,75,9,9,13,3,2,,,,D. Doekhi,CB,CB,D. Doekhi,1. FC Union Berlin,2028,190.0,86.0,21000000.0,41000.0,23.82,262500.0
,28,80,80,228579,Right,74,73,73,74,77,74,78,81,84,8,9,12,4,3,,,,B. Henrichs,RB RM LB CM,RB,B. Henrichs,RB Leipzig,2028,185.0,84.0,19000000.0,58000.0,24.54,237500.0
,24,80,85,257876,Right,74,70,79,74,86,75,71,82,74,5,8,14,3,2,,,,N. Seiwald,CDM CM CB,CDM,N. Seiwald,RB Leipzig,2028,180.0,80.0,29000000.0,48000.0,24.69,362500.0
,24,80,85,246875,Right,74,84,76,79,80,57,73,82,80,5,8,10,3,2,,,,O. Kossounou,CB,CB,O. Kossounou,Atalanta,2029,191.0,79.0,29000000.0,57000.0,21.66,362500.0
,32,80,80,208574,Left,79,82,78,77,69,78,80,74,72,13,14,12,2,3,,,,F. Kostić,LM LB,LM,F. Kostic,Juventus,2029,184.0,84.0,16500000.0,115000.0,24.81,206250.0
,27,80,80,240679,Left,71,70,83,71,78,84,81,74,72,14,8,12,2,3,,,,T. Koopmeiners,CAM CM CB,CAM,T. Koopmeiners,Juventus,2029,183.0,77.0,22500000.0,115000.0,22.99,281250.0
,25,80,85,255654,Right,76,83,76,75,82,59,80,83,79,12,5,9,3,2,,,,P. Kalulu,CB RB RM CM,CB,P. Kalulu,Juventus,2029,182.0,80.0,28000000.0,100000.0,24.15,350000.0
,25,80,82,258966,Left,80,80,78,68,74,79,78,79,76,13,7,13,5,3,,,,A. Cambiaso,LB RB LM,LB,A. Cambiaso,Juventus,2027,182.0,77.0,24500000.0,100000.0,23.25,306250.0
,27,80,83,266872,Right,73,78,74,81,79,40,78,81,78,6,11,11,3,2,,,,F. Gatti,CB,CB,F. Gatti,Juventus,2030,190.0,80.0,24000000.0,105000.0,22.16,300000.0
,29,80,80,213666,Right,78,84,72,85,75,79,82,76,70,11,7,15,4,4,,,,R. Loftus-Cheek,CM CAM,CM,R. Loftus-Cheek,AC Milan,2027,191.0,88.0,20500000.0,55000.0,24.12,256250.0
,25,80,83,240277,Right,43,53,81,70,80,45,70,84,79,11,5,14,3,2,,,,M. Gabbia,CB,CB,M. Gabbia,AC Milan,2029,185.0,78.0,25000000.0,48000.0,22.79,312500.0
,26,80,80,242664,Right,83,77,82,54,69,71,75,71,68,9,6,12,4,4,,,,A. Saelemaekers,RM LM RB RW,RM,A. Saelemaekers,AC Milan,2031,180.0,72.0,23000000.0,53000.0,22.22,287500.0
,32,80,80,202884,Right,84,86,69,66,77,76,75,78,74,11,13,15,4,4,,,,L. Spinazzola,LB LM,LB,L. Spinazzola,Napoli,2029,186.0,75.0,14500000.0,95000.0,21.68,181250.0
,29,80,80,228251,Right,75,74,77,70,67,83,78,74,72,12,7,13,4,3,,,,L. Pellegrini,CAM CM,CAM,L. Pellegrini,Roma,2030,186.0,77.0,20500000.0,63000.0,22.26,256250.0
,26,80,80,231447,Right,89,84,69,66,31,71,79,33,35,7,9,10,4,4,,,,D. Malen,ST RM RW CAM,ST,D. Malen,"Roma Jun 30, 2026 On loan",,176.0,68.0,23500000.0,120000.0,21.95,293750.0
,24,80,84,250723,Right,77,72,82,82,77,75,79,79,71,11,10,9,3,4,,,,K. Koné,CM CDM,CM,K. Kone,Roma,2029,185.0,80.0,30000000.0,52000.0,23.37,375000.0
,27,80,80,241095,Right,77,72,76,65,62,81,80,62,37,6,14,9,4,3,,,,N. Vlašić,CAM CM LW,CAM,N. Vlasic,Torino,2027,179.0,79.0,22500000.0,47000.0,24.66,281250.0
,26,80,80,243593,Right,93,89,82,51,32,74,76,40,38,13,13,14,3,4,,,,A. Laurienté,LW LM,LW,A. Lauriente,Sassuolo,2029,171.0,59.0,23000000.0,30000.0,20.18,287500.0
,31,80,80,214979,Right,46,45,35,70,18,48,67,14,16,79,78,81,3,1,,,,J. Musso,GK,GK,J. Musso,Atlético Madrid,2028,191.0,93.0,11000000.0,44000.0,25.49,137500.0
,23,80,84,259516,Right,75,74,77,79,83,74,76,80,77,10,14,12,2,3,,,,Johnny Cardoso,CDM CM,CDM,Johnny Cardoso,Atlético Madrid,2030,185.0,78.0,27500000.0,56000.0,22.79,343750.0
,22,80,87,266039,Right,77,83,81,83,80,69,80,80,76,15,6,6,3,2,,,,Pubill,CB RB RM,CB,Pubill,Atlético Madrid,2030,191.0,86.0,40000000.0,56000.0,23.57,500000.0
,29,80,80,213661,Right,68,74,67,76,81,62,79,81,81,10,12,6,3,2,,,,A. Christensen,CB CM CDM,CB,A. Christensen,FC Barcelona,2030,189.0,82.0,17500000.0,90000.0,22.96,218750.0
,33,80,80,197445,Left,64,72,72,77,82,76,82,83,80,5,7,15,4,3,,,,D. Alaba,CB,CB,D. Alaba,Real Madrid,2029,180.0,78.0,10000000.0,160000.0,24.07,125000.0
,28,80,80,222509,Right,65,57,75,61,76,80,80,75,70,12,15,7,3,4,,,,Dani Ceballos,CM CDM CAM,CM,Dani Ceballos,Real Madrid,2027,179.0,70.0,21000000.0,165000.0,21.85,262500.0
,26,80,83,243952,Right,39,35,32,61,19,60,56,13,11,80,78,79,3,1,,,,A. Lunin,GK,GK,A. Lunin,Real Madrid,2030,191.0,83.0,21000000.0,95000.0,22.75,262500.0
,31,80,80,205157,Right,65,56,82,62,75,82,83,79,77,12,6,7,3,3,,,,Ruiz de Galarreta,CDM CM,CDM,Ruiz de Galarreta,Athletic Club,2027,175.0,69.0,15000000.0,49000.0,22.53,187500.0
,29,80,80,225201,Right,84,84,80,59,67,79,78,68,58,14,16,6,4,3,,,,Berenguer,RW LM CAM RM,RW,Berenguer,Athletic Club,2027,175.0,73.0,20500000.0,54000.0,23.84,256250.0
,30,80,80,227950,Right,63,66,68,76,84,73,79,82,82,12,9,12,3,2,,,,Yeray,CB,CB,Yeray,Athletic Club,2028,182.0,79.0,17500000.0,49000.0,23.85,218750.0
,21,80,86,279604,Right,76,74,86,75,83,80,77,81,70,6,9,13,4,3,,,,Jauregizar,CM CDM,CM,Jauregizar,Athletic Club,2031,177.0,74.0,33500000.0,36000.0,23.62,418750.0
,31,80,80,212602,Right,62,62,65,78,82,60,70,83,78,8,12,9,3,2,,,,Diego Llorente,CB,CB,Diego Llorente,Real Betis Balompié,2028,186.0,75.0,14500000.0,35000.0,21.68,181250.0
,23,80,84,264432,Right,88,88,78,65,18,77,76,32,28,7,5,12,3,4,,,,Abde,LW LM,LW,Abde,Real Betis Balompié,2029,177.0,72.0,30000000.0,33000.0,22.98,375000.0
,32,80,80,224179,Right,59,65,64,84,32,80,83,36,27,14,12,13,3,3,,,,Borja Iglesias,ST,ST,Borja Iglesias,RC Celta,2028,187.0,86.0,17000000.0,40000.0,24.59,212500.0
,26,80,81,259694,Right,78,82,82,73,77,78,77,76,75,9,10,8,3,3,,,,Mingueza,RB LM RM,RB,Mingueza,RC Celta,2029,184.0,75.0,22500000.0,34000.0,22.15,281250.0
,30,80,80,232498,Left,84,82,75,64,44,82,80,41,37,11,8,13,3,3,,,,Isi,CAM RM ST CM,CAM,Isi,Rayo Vallecano,2028,169.0,71.0,20500000.0,33000.0,24.86,256250.0
,27,80,81,248165,Right,93,95,80,65,74,75,74,75,70,9,11,11,3,4,,,,A. Rațiu,RB RM,RB,A. Ratiu,Rayo Vallecano,2030,183.0,75.0,22000000.0,30000.0,22.4,275000.0
,36,80,80,189513,Right,39,38,65,68,79,87,85,73,74,5,9,14,4,3,,,,Parejo,CM CDM,CM,Parejo,Villarreal CF,2028,182.0,74.0,6500000.0,36000.0,22.34,81250.0
,26,80,81,241707,Left,70,73,83,82,80,80,76,80,74,12,12,14,3,2,,,,P. Gueye,CM CDM,CM,P. Gueye,Villarreal CF,2028,189.0,79.0,24500000.0,45000.0,22.12,306250.0
,32,80,80,223952,Right,46,34,43,76,21,49,61,13,13,80,79,80,3,1,,,,David Soria,GK,GK,David Soria,Getafe CF,2030,192.0,85.0,10500000.0,27000.0,23.06,131250.0
,29,80,80,232665,Right,68,70,88,76,79,78,74,82,76,7,13,15,3,3,,,,M. Arambarri,CM CDM CAM,CM,M. Arambarri,Getafe CF,2028,175.0,71.0,20500000.0,43000.0,23.18,256250.0
,30,79,79,206585,Right,38,42,35,55,20,60,62,17,18,77,78,77,4,1,,,,Kepa,GK,GK,Kepa,Arsenal,2028,189.0,89.0,11500000.0,76000.0,24.92,145569.62
,25,79,80,233049,Right,81,77,57,58,33,80,83,35,25,7,11,11,3,5,,,,J. Sancho,LM RM LW,LM,J. Sancho,"Aston Villa Jun 30, 2026 On loan",,180.0,76.0,21000000.0,80000.0,23.46,265822.78
,27,79,79,236499,Right,69,66,75,65,76,82,84,78,72,12,6,10,2,3,,,,Douglas Luiz,CDM CM,CDM,Douglas Luiz,"Aston Villa Jun 30, 2026 On loan",,175.0,66.0,16500000.0,100000.0,21.55,208860.76
,23,79,84,248465,Left,88,87,74,52,76,72,76,72,78,9,10,15,2,3,,,,I. Maatsen,LB LM,LB,I. Maatsen,Aston Villa,2029,178.0,68.0,24500000.0,85000.0,21.46,310126.58
,18,79,89,76687,Left,91,89,67,49,34,75,80,34,27,9,15,6,3,4,,,,Estêvão,RM RW,RM,Estevao,Chelsea,2033,178.0,71.0,37000000.0,71000.0,22.41,468354.43
,24,79,82,248695,Right,76,78,67,81,81,60,76,81,80,14,12,14,3,2,,,,W. Fofana,CB,CB,W. Fofana,Chelsea,2029,185.0,84.0,21500000.0,90000.0,24.54,272151.9
,22,79,84,259307,Right,87,81,85,68,76,74,76,76,75,10,6,8,3,3,,,,M. Gusto,RB RM,RB,M. Gusto,Chelsea,2030,178.0,74.0,25000000.0,90000.0,23.36,316455.7
,35,79,79,193474,Right,66,55,82,58,83,71,75,84,80,8,6,12,3,3,,,,I. Gueye,CDM CM,CDM,I. Gueye,Everton,2028,174.0,66.0,4900000.0,35000.0,21.8,62025.32
,23,79,85,247649,Left,65,75,72,82,78,52,76,81,82,10,9,12,5,2,,,,J. Branthwaite,CB,CB,J. Branthwaite,Everton,2030,195.0,74.0,25000000.0,39000.0,19.46,316455.7
,26,79,80,257191,Right,68,71,82,79,85,79,80,79,78,7,14,7,4,3,,,,A. Stach,CM CDM,CM,A. Stach,Leeds United,2029,194.0,88.0,20500000.0,64000.0,23.38,259493.67
,28,79,79,225100,Right,72,76,57,78,79,65,75,81,78,8,13,7,3,3,,,,J. Gomez,CB RB LB RM,CB,J. Gomez,Liverpool,2027,188.0,77.0,15000000.0,95000.0,21.79,189873.42
,32,79,79,232487,Right,66,52,77,67,78,75,79,79,73,9,13,11,4,3,,,,W. Endo,CDM CM,CDM,W. Endo,Liverpool,2027,178.0,76.0,11500000.0,95000.0,23.99,145569.62
,21,79,84,264298,Right,82,82,84,65,76,69,68,78,76,15,9,5,3,3,,,,C. Bradley,RB RM,RB,C. Bradley,Liverpool,2029,181.0,75.0,25000000.0,66000.0,22.89,316455.7
,29,79,79,205988,Left,68,67,67,77,79,77,76,79,78,10,12,7,2,3,,,,L. Shaw,LB CB LM,LB,L. Shaw,Manchester United,2027,181.0,75.0,15500000.0,83000.0,22.89,196202.53
,20,79,85,269136,Right,70,66,77,73,76,79,82,78,79,14,11,5,3,3,,,,K. Mainoo,CDM CM,CDM,K. Mainoo,Manchester United,2031,181.0,80.0,25000000.0,58000.0,24.42,316455.7
,34,79,79,186345,Right,65,62,74,66,78,80,78,79,78,11,14,11,4,3,,,,K. Trippier,RB RM,RB,K. Trippier,Newcastle United,2028,173.0,71.0,6500000.0,110000.0,23.72,82278.48
,33,79,79,203841,Right,50,44,34,73,23,50,63,15,14,80,79,77,3,1,,,,N. Pope,GK,GK,N. Pope,Newcastle United,2027,199.0,90.0,5500000.0,71000.0,22.73,69620.25
,30,79,79,206085,Right,79,83,80,66,65,81,77,65,55,13,16,10,4,3,,,,J. Murphy,RW RM,RW,J. Murphy,Newcastle United,2027,179.0,74.0,17000000.0,120000.0,23.1,215189.87
,23,79,82,257470,Right,93,91,75,72,31,76,77,38,33,13,5,8,5,3,,,,A. Elanga,RW RM,RW,A. Elanga,Newcastle United,2030,178.0,70.0,24000000.0,105000.0,22.09,303797.47
,32,79,79,200159,Right,51,53,33,73,27,66,56,12,15,78,77,78,4,1,,,,S. Ortega,GK,GK,S. Ortega,Nottingham Forest,2029,185.0,88.0,8500000.0,58000.0,25.71,107594.94
,28,79,79,231943,Right,77,75,68,74,46,74,79,58,48,12,7,11,4,4,,,,Richarlison,ST LW LM,ST,Richarlison,Tottenham Hotspur,2027,184.0,83.0,18000000.0,110000.0,24.52,227848.1
,26,79,80,237679,Right,89,90,74,69,38,76,78,33,32,7,14,8,4,3,,,,R. Kolo Muani,ST RM CAM,ST,R. Kolo Muani,"Tottenham Hotspur Jun 30, 2026 On loan",,187.0,73.0,21000000.0,85000.0,20.88,265822.78
,26,79,82,237985,Right,65,79,66,90,77,52,72,80,76,12,13,11,3,2,,,,K. Danso,CB,CB,K. Danso,Tottenham Hotspur,2030,190.0,89.0,20500000.0,90000.0,24.65,259493.67
,25,79,81,238216,Right,72,77,85,78,80,78,81,80,79,7,6,9,4,3,,,,C. Gallagher,CM CDM CAM,CM,C. Gallagher,Tottenham Hotspur,2031,182.0,77.0,22000000.0,90000.0,23.25,278481.01
,24,79,83,243702,Right,87,88,76,75,74,72,78,77,75,13,8,11,4,3,,,,D. Spence,LB RB LM,LB,D. Spence,Tottenham Hotspur,2029,184.0,71.0,23500000.0,80000.0,20.97,297468.35
,22,79,83,259583,Left,86,89,75,77,78,75,78,76,74,8,14,10,3,3,,,,D. Udogie,LB LM,LB,D. Udogie,Tottenham Hotspur,2030,186.0,73.0,24000000.0,80000.0,21.1,303797.47
,27,79,79,229880,Right,79,79,75,71,79,68,78,79,88,9,8,8,2,3,,,,A. Wan-Bissaka,RB RM,RB,A. Wan-Bissaka,West Ham United,2031,183.0,72.0,17000000.0,68000.0,21.5,215189.87
,26,79,80,237712,Right,78,73,78,65,39,79,81,40,39,15,6,12,3,3,,,,T. Castellanos,ST,ST,T. Castellanos,West Ham United,2030,178.0,70.0,21000000.0,77000.0,22.09,265822.78
,20,79,85,270857,Right,73,67,83,62,75,80,78,77,74,6,5,8,4,4,,,,Mateus Fernandes,CM CAM CDM,CM,Mateus Fernandes,West Ham United,2030,178.0,72.0,27000000.0,52000.0,22.72,341772.15
,33,79,79,192563,Right,54,51,44,70,25,53,63,15,18,78,79,80,3,1,,,,B. Leno,GK,GK,B. Leno,Fulham FC,2027,189.0,83.0,5500000.0,55000.0,23.24,69620.25
,29,79,79,224221,Right,40,48,74,87,79,69,78,81,78,13,7,15,4,2,,,,J. Andersen,CB,CB,J. Andersen,Fulham FC,2029,192.0,90.0,14500000.0,83000.0,24.41,183544.3
,27,79,80,228092,Right,54,65,81,89,75,76,78,76,72,14,9,8,3,2,,,,S. Berge,CDM CM CB,CDM,S. Berge,Fulham FC,2029,195.0,96.0,18000000.0,80000.0,25.25,227848.1
,26,79,79,246172,Left,89,86,62,58,33,76,72,32,33,13,7,7,2,4,,,,S. Chukwueze,RM LM RW,RM,S. Chukwueze,"Fulham FC Jun 30, 2026 On loan",,172.0,70.0,19000000.0,50000.0,23.66,240506.33
,25,79,81,240947,Left,74,75,85,65,79,72,74,81,78,9,12,8,3,2,,,,T. Mitchell,LB LM,LB,T. Mitchell,Crystal Palace,2027,175.0,66.0,20000000.0,76000.0,21.55,253164.56
,25,79,81,250954,Right,64,67,71,81,80,55,61,81,82,13,5,7,3,2,,,,C. Richards,CB,CB,C. Richards,Crystal Palace,2027,188.0,87.0,19500000.0,76000.0,24.62,246835.44
,24,79,82,251421,Right,87,85,75,52,23,77,78,45,53,14,7,5,4,3,,,,B. Johnson,RW RM LW,RW,B. Johnson,Crystal Palace,2030,186.0,73.0,24000000.0,78000.0,21.1,303797.47
,22,79,86,259377,Right,78,75,69,44,29,81,68,48,41,9,7,6,4,3,,,,Yeremy Pino,LW RW CAM LM,LW,Yeremy Pino,Crystal Palace,2030,172.0,65.0,35500000.0,78000.0,21.97,449367.09
,25,79,81,235152,Right,85,84,79,58,75,73,73,77,77,10,13,11,4,3,,,,F. Kadıoğlu,LB RB LM,LB,F. Kadıoglu,Brighton & Hove Albion,2028,174.0,68.0,20000000.0,81000.0,22.46,253164.56
,24,79,83,251479,Left,78,75,87,67,75,81,82,76,75,11,8,7,4,2,,,,M. De Cuyper,LB LM,LB,M. De Cuyper,Brighton & Hove Albion,2030,182.0,72.0,23500000.0,74000.0,21.74,297468.35
,21,79,85,257400,Right,69,69,79,51,78,79,79,78,77,9,11,7,3,3,,,,Y. Ayari,CDM CM,CDM,Y. Ayari,Brighton & Hove Albion,2027,172.0,69.0,26000000.0,62000.0,23.32,329113.92
,35,79,79,183711,Right,62,67,72,77,78,78,78,76,74,7,13,9,3,3,,,,J. Henderson,CDM CM,CDM,J. Henderson,Brentford,2027,182.0,80.0,4900000.0,56000.0,24.15,62025.32
,29,79,79,229723,Right,64,63,76,68,75,82,79,73,66,5,13,8,4,3,,,,M. Jensen,CM CDM CAM,CM,M. Jensen,Brentford,2030,180.0,68.0,17000000.0,79000.0,20.99,215189.87
,26,79,82,240913,Right,45,39,19,71,12,56,66,10,14,77,76,78,4,1,,,,C. Kelleher,GK,GK,C. Kelleher,Brentford,2030,188.0,81.0,17500000.0,46000.0,22.92,221518.99
,24,79,82,248484,Right,55,68,78,83,79,50,75,79,80,9,10,13,3,2,,,,N. Collins,CB,CB,N. Collins,Brentford,2029,193.0,81.0,21500000.0,62000.0,21.75,272151.9
,23,79,83,260926,Right,93,92,72,73,23,76,78,30,23,13,11,9,4,3,,,,K. Schade,LM LW ST,LM,K. Schade,Brentford,2028,185.0,74.0,25000000.0,66000.0,21.62,316455.7
,26,79,81,232999,Right,85,74,79,69,83,72,77,82,79,6,13,8,3,3,,,,T. Adams,CDM CM,CDM,T. Adams,AFC Bournemouth,2028,175.0,72.0,19500000.0,72000.0,23.51,246835.44
,26,79,80,236920,Right,89,86,76,53,34,78,72,45,30,5,6,7,4,4,,,,J. Kluivert,CAM LM CM,CAM,J. Kluivert,AFC Bournemouth,2028,172.0,67.0,20500000.0,77000.0,22.65,259493.67
,24,79,84,246565,Right,66,78,78,80,77,59,76,81,80,7,10,13,4,2,,,,B. Diakité,CB,CB,B. Diakite,AFC Bournemouth,2030,184.0,82.0,24000000.0,62000.0,24.22,303797.47
,25,79,80,256612,Right,75,76,74,78,37,70,78,41,26,13,11,14,4,3,,,,Evanilson,ST,ST,Evanilson,AFC Bournemouth,2029,183.0,80.0,21500000.0,79000.0,23.89,272151.9
,23,79,83,256769,Left,75,76,84,65,78,70,74,80,78,6,6,6,3,3,,,,A. Truffert,LB LM,LB,A. Truffert,AFC Bournemouth,2030,176.0,72.0,23500000.0,62000.0,23.24,297468.35
,25,79,83,269626,Right,40,43,37,73,15,50,62,15,17,80,78,77,2,1,,,,Đ. Petrović,GK,GK,Đ. Petrovic,AFC Bournemouth,2030,194.0,89.0,19000000.0,43000.0,23.65,240506.33
,25,79,83,269493,Left,56,74,64,84,79,62,75,82,76,14,15,11,5,2,,,,Alexsandro,CB,CB,Alexsandro,Lille OSC,2028,191.0,92.0,22000000.0,31000.0,25.22,278481.01
,22,79,84,265459,Right,67,67,82,68,76,83,77,75,73,12,13,13,3,3,,,,T. Morton,CDM CM,CDM,T. Morton,Olympique Lyonnais,2030,185.0,73.0,24500000.0,21000.0,21.33,310126.58
,29,79,79,225663,Right,73,73,76,56,71,80,80,72,66,12,14,10,4,4,,,,A. Golovin,CAM LM CM ST,CAM,A. Golovin,AS Monaco,2029,178.0,69.0,17000000.0,39000.0,21.78,215189.87
,23,79,83,247463,Right,82,85,70,74,18,64,77,15,16,10,12,13,4,3,,,,F. Balogun,ST,ST,F. Balogun,AS Monaco,2028,178.0,66.0,25500000.0,35000.0,20.83,322784.81
,21,79,85,275138,Right,82,76,82,66,74,78,77,76,74,13,12,12,3,3,,,,L. Camara,CM CDM CAM,CM,L. Camara,AS Monaco,2029,173.0,65.0,28000000.0,27000.0,21.72,354430.38
,25,79,82,70415,Right,77,75,82,71,37,69,80,34,24,12,7,12,3,3,,,,E. Lepaul,ST,ST,E. Lepaul,Stade Rennais FC,2029,177.0,71.0,23500000.0,33000.0,22.66,297468.35
,26,79,83,236804,Left,67,79,78,81,79,70,79,81,80,13,5,13,2,3,,,,F. Medina,CB LB,CB,F. Medina,"Olympique de Marseille Jun 30, 2026 On loan",,184.0,77.0,21500000.0,31000.0,22.74,272151.9
,25,79,82,240753,Right,79,75,76,71,44,76,79,41,32,6,12,9,3,4,,,,A. Gouiri,ST CAM,ST,A. Gouiri,Olympique de Marseille,2029,181.0,80.0,23500000.0,46000.0,24.42,297468.35
,34,79,79,188943,Right,43,50,34,75,22,48,65,14,10,80,78,76,4,1,,,,K. Trapp,GK,GK,K. Trapp,Paris FC,2028,189.0,84.0,3000000.0,35000.0,23.52,37974.68
,31,79,79,209889,Left,76,63,70,49,80,83,81,75,75,12,6,11,2,4,,,,R. Guerreiro,LB CM RB LM,LB,R. Guerreiro,FC Bayern München,2029,170.0,71.0,12500000.0,61000.0,24.57,158227.85
,25,79,82,250955,Right,68,77,71,76,78,59,71,80,81,11,6,9,4,2,,,,J. Stanišić,RB CB LB RM,RB,J. Stanisic,FC Bayern München,2029,187.0,77.0,21500000.0,56000.0,22.02,272151.9
,24,79,82,259197,Right,81,83,81,77,40,73,77,40,30,12,7,7,3,3,,,,N. Jackson,ST,ST,N. Jackson,"FC Bayern München Jun 30, 2026 On loan",,187.0,82.0,24500000.0,105000.0,23.45,310126.58
,30,79,79,224196,Left,72,73,77,77,74,63,74,82,88,6,13,7,4,3,,,,R. Bensebaini,CB LB LM,CB,R. Bensebaini,Borussia Dortmund,2027,187.0,82.0,14500000.0,49000.0,23.45,183544.3
,22,79,85,252037,Right,79,83,83,74,22,74,76,28,26,6,12,13,3,4,,,,Fábio Silva,ST CAM LW,ST,Fabio Silva,Borussia Dortmund,2030,185.0,75.0,28500000.0,47000.0,21.91,360759.49
,23,79,83,259716,Left,78,76,94,68,72,75,76,75,78,15,12,9,4,3,,,,D. Svensson,LB CM LM,LB,D. Svensson,Borussia Dortmund,2029,178.0,72.0,23500000.0,41000.0,22.72,297468.35
,32,79,79,212096,Right,72,67,80,65,45,77,76,41,30,10,12,8,2,4,,,,V. Grifo,LM LW,LM,V. Grifo,SC Freiburg,2029,180.0,77.0,14000000.0,35000.0,23.77,177215.19
,30,79,79,212242,Right,59,56,67,84,80,73,73,79,79,7,9,13,4,2,,,,R. Andrich,CB CM CDM,CB,R. Andrich,Bayer 04 Leverkusen,2028,186.0,85.0,14500000.0,73000.0,24.57,183544.3
,28,79,79,236786,Right,78,75,73,74,27,77,79,31,34,12,5,5,3,3,,,,M. Terrier,CAM ST LM,CAM,M. Terrier,Bayer 04 Leverkusen,2029,184.0,71.0,17500000.0,78000.0,20.97,221518.99
,23,79,84,256853,Right,78,75,76,79,66,78,77,67,59,9,11,12,3,4,,,,M. Tillman,CAM CM LW,CAM,M. Tillman,Bayer 04 Leverkusen,2030,187.0,86.0,26500000.0,65000.0,24.59,335443.04
,19,79,87,275029,Right,74,76,75,62,62,81,76,68,57,11,11,12,4,4,,,,I. Maza,CAM CM,CAM,I. Maza,Bayer 04 Leverkusen,2030,180.0,70.0,38000000.0,52000.0,21.6,481012.66
,28,79,79,232711,Right,67,62,87,78,79,76,77,78,70,11,12,10,3,3,,,,J. Stage,CM CDM,CM,J. Stage,SV Werder Bremen,2028,185.0,83.0,17500000.0,35000.0,24.25,221518.99
,24,79,83,247679,Right,65,69,55,90,33,74,76,31,26,14,5,7,3,4,,,,V. Boniface,ST,ST,V. Boniface,"SV Werder Bremen Jun 30, 2026 On loan",,190.0,91.0,25500000.0,70000.0,25.21,322784.81
,31,79,79,206511,Left,63,64,78,74,77,78,79,76,72,11,9,10,2,3,,,,M. Arnold,CDM CM,CDM,M. Arnold,VfL Wolfsburg,2028,184.0,74.0,12500000.0,51000.0,21.86,158227.85
,27,79,79,233301,Right,66,72,84,78,78,66,74,80,79,10,9,6,4,2,,,,R. Kristensen,RB RM CB RW,RB,R. Kristensen,Eintracht Frankfurt,2029,187.0,70.0,17000000.0,35000.0,20.02,215189.87
,32,79,79,201269,Right,48,45,32,67,12,48,31,11,13,79,79,77,2,1,,,,F. Rønnow,GK,GK,F. Rønnow,1. FC Union Berlin,2029,188.0,81.0,8500000.0,26000.0,22.92,107594.94
,22,79,83,265577,Right,67,67,79,77,27,76,75,24,20,9,7,13,4,3,,,,F. Asllani,ST,ST,F. Asllani,TSG 1899 Hoffenheim,2029,191.0,81.0,26000000.0,39000.0,22.2,329113.92
,27,79,79,240709,Right,85,78,83,74,77,76,77,79,76,12,8,10,4,3,,,,R. Baku,RB RM RW,RB,R. Baku,RB Leipzig,2027,176.0,79.0,17000000.0,53000.0,25.5,215189.87
,32,79,79,208165,Right,63,65,77,80,78,56,75,81,78,10,6,10,3,2,,,,B. Djimsiti,CB,CB,B. Djimsiti,Atalanta,2029,190.0,83.0,11500000.0,66000.0,22.99,145569.62
,33,79,79,216150,Right,78,74,80,61,77,70,74,78,78,11,9,6,3,3,,,,D. Zappacosta,LM RM LB,LM,D. Zappacosta,Atalanta,2030,182.0,70.0,11000000.0,69000.0,21.13,139240.51
,30,79,79,223273,Right,68,69,83,72,71,78,77,72,61,11,13,13,4,4,,,,M. Pašalić,CM CAM CDM,CM,M. Pasalic,Atalanta,2028,188.0,77.0,17000000.0,69000.0,21.79,215189.87
,26,79,79,238744,Right,76,78,84,77,76,76,78,80,75,7,9,9,3,3,,,,W. McKennie,CM CAM RM,CM,W. McKennie,Juventus,2028,183.0,84.0,19000000.0,105000.0,25.08,240506.33
,26,79,79,239763,Left,90,79,65,63,20,77,78,21,18,7,11,12,2,4,,,,E. Zhegrova,RM RW,RM,E. Zhegrova,Juventus,2030,180.0,74.0,19000000.0,105000.0,22.84,240506.33
,22,79,86,261050,Left,89,87,69,40,31,74,72,42,38,9,6,15,2,4,,,,Francisco Conceição,CAM RM RW CM,CAM,Francisco Conceicao,Juventus,2030,168.0,61.0,35500000.0,95000.0,21.61,449367.09
,23,79,84,255001,Right,75,77,85,62,79,79,74,77,76,9,12,9,4,3,,,,N. Rovella,CDM CM,CDM,N. Rovella,Lazio,2028,179.0,70.0,24500000.0,31000.0,21.85,310126.58
,27,79,79,237942,Left,77,76,81,68,79,72,72,78,76,14,7,7,3,3,,,,P. Estupiñán,LB LM,LB,P. Estupinan,AC Milan,2030,175.0,73.0,17000000.0,48000.0,23.84,215189.87
,24,79,84,245152,Left,77,79,64,68,51,75,78,39,22,6,14,6,4,3,,,,S. Giménez,ST,ST,S. Gimenez,AC Milan,2029,185.0,79.0,27000000.0,48000.0,23.08,341772.15
,23,79,85,253473,Right,77,78,85,65,73,78,82,76,76,14,12,11,3,3,,,,S. Ricci,CDM CM,CDM,S. Ricci,AC Milan,2029,181.0,72.0,25500000.0,41000.0,21.98,322784.81
,28,79,81,224836,Right,41,45,33,73,21,58,65,15,19,79,77,81,3,1,,,,V. Milinković-Savić,GK,GK,V. Milinkovic-Savic,"Napoli Jun 30, 2026 On loan",,202.0,99.0,15000000.0,29000.0,24.26,189873.42
,21,79,85,80170,Right,91,88,78,74,75,67,76,75,74,6,6,13,3,3,,,,Wesley,RM LM RB RW,RM,Wesley,Roma,2030,178.0,75.0,28000000.0,42000.0,23.67,354430.38
,28,79,79,220651,Left,77,64,87,56,75,78,80,75,74,13,6,13,3,4,,,,Angeliño,LB LM,LB,Angelino,Roma,2028,171.0,69.0,16000000.0,56000.0,23.6,202531.65
,30,79,79,229668,Left,71,73,72,80,78,66,77,80,79,13,8,5,3,2,,,,Mario Hermoso,CB,CB,Mario Hermoso,Roma,2028,184.0,76.0,14500000.0,56000.0,22.45,183544.3
,22,79,85,265695,Left,85,80,86,55,31,76,70,40,38,15,8,15,4,4,,,,M. Soulé,CAM ST,CAM,M. Soule,Roma,2029,176.0,69.0,28000000.0,50000.0,22.28,354430.38
,32,79,79,201153,Right,79,78,79,78,26,75,75,14,20,4,5,4,4,3,,,,Morata,ST CAM CM,ST,Morata,"Como Jun 30, 2026 On loan",,190.0,84.0,14000000.0,56000.0,23.27,177215.19
,32,79,79,219693,Right,54,70,50,87,79,63,75,80,78,7,10,7,4,3,,,,Diego Carlos,CB,CB,Diego Carlos,"Como Jun 30, 2026 On loan",,185.0,79.0,11500000.0,55000.0,23.08,145569.62
,22,79,84,262842,Right,79,77,76,69,58,80,79,64,60,7,5,10,4,3,,,,M. Baturina,CAM LM CM,CAM,M. Baturina,Como,2030,172.0,68.0,27000000.0,78000.0,22.99,341772.15
,30,79,79,223697,Left,76,69,86,71,76,67,77,77,79,7,16,16,3,3,,,,R. Gosens,LB LM LW,LB,R. Gosens,Fiorentina,2028,183.0,76.0,15000000.0,53000.0,22.69,189873.42
,28,79,79,228413,Right,55,49,25,55,11,40,56,12,12,80,75,77,3,1,,,,E. Audero,GK,GK,E. Audero,"Cremonese Jun 30, 2026 On loan",,192.0,83.0,12500000.0,57000.0,22.52,158227.85
,27,79,79,240690,Left,85,86,76,58,50,74,76,57,53,10,6,5,2,4,,,,N. Gonzalez,LM RM CAM LW,LM,N. Gonzalez,"Atlético Madrid Jun 30, 2026 On loan",,180.0,72.0,18500000.0,105000.0,22.22,234177.22
,35,79,79,183512,Left,80,78,79,81,78,73,78,78,77,12,13,8,3,3,,,,Yuri Berchiche,LB LM,LB,Yuri Berchiche,Athletic Club,2028,181.0,79.0,5500000.0,34000.0,24.11,69620.25
,34,79,79,198141,Right,68,68,67,80,83,70,75,79,80,10,15,12,3,3,,,,Bartra,CB,CB,Bartra,Real Betis Balompié,2027,184.0,73.0,5500000.0,33000.0,21.56,69620.25
,28,79,79,224158,Right,72,75,80,86,77,75,76,80,76,13,13,16,2,3,,,,S. Amrabat,CDM CM,CDM,S. Amrabat,"Real Betis Balompié Jun 30, 2026 On loan",,183.0,77.0,15500000.0,55000.0,22.99,196202.53
,26,79,80,237034,Right,84,79,80,76,35,75,77,43,40,9,11,9,4,4,,,,Cucho Hernández,ST CAM,ST,Cucho Hernandez,Real Betis Balompié,2030,175.0,73.0,21000000.0,36000.0,23.84,265822.78
,34,79,79,192638,Left,58,56,74,76,81,76,79,80,79,9,7,9,3,3,,,,Marcos Alonso,CB LB,CB,Marcos Alonso,RC Celta,2028,188.0,84.0,5500000.0,33000.0,23.77,69620.25
,33,79,79,227290,Left,39,35,45,79,17,43,59,22,20,78,79,78,2,1,,,,M. Dmitrović,GK,GK,M. Dmitrovic,RCD Espanyol,2028,194.0,91.0,5500000.0,18000.0,24.18,69620.25
,23,79,83,270728,Left,82,80,83,68,76,76,78,82,76,9,10,11,2,3,,,,Carlos Romero,LB CM,LB,Carlos Romero,"RCD Espanyol Jun 30, 2026 On loan",,180.0,73.0,23500000.0,35000.0,22.53,297468.35
,31,79,79,202648,Right,74,73,80,75,75,82,80,75,74,8,9,8,2,3,,,,Sergi Darder,CM CAM LM CDM,CM,Sergi Darder,RCD Mallorca,2028,180.0,71.0,14500000.0,38000.0,21.91,183544.3
,33,79,79,228805,Right,41,41,87,80,79,59,66,80,77,10,15,15,3,2,,,,Raíllo,CB,CB,Raillo,RCD Mallorca,2027,187.0,80.0,8500000.0,37000.0,22.88,107594.94
,27,79,79,234060,Right,68,72,76,81,78,78,74,80,79,6,7,14,3,3,,,,Y. Herrera,CM CDM,CM,Y. Herrera,Real Sociedad,2030,184.0,78.0,18500000.0,43000.0,23.04,234177.22
,32,79,79,224003,Right,45,50,42,67,12,40,53,17,18,79,79,77,3,1,,,,Sergio Herrera,GK,GK,Sergio Herrera,CA Osasuna,2028,192.0,82.0,8500000.0,25000.0,22.24,107594.94
,23,79,85,259066,Right,74,79,80,90,77,51,70,79,80,10,11,14,2,2,,,,F. Boyomo,CB,CB,F. Boyomo,CA Osasuna,2029,180.0,76.0,25000000.0,32000.0,23.46,316455.7
,34,79,79,197948,Right,50,55,69,85,80,69,76,80,77,11,15,12,3,2,,,,F. Lejeune,CB,CB,F. Lejeune,Rayo Vallecano,2028,190.0,81.0,5500000.0,30000.0,22.44,69620.25
,29,79,80,227186,Right,43,42,31,72,23,60,34,18,17,78,78,77,3,1,,,,A. Batalla,GK,GK,A. Batalla,Rayo Vallecano,2030,186.0,81.0,13500000.0,19000.0,23.41,170886.08
,31,79,79,211990,Right,43,46,37,67,23,46,56,14,12,78,78,78,3,1,,,,O. Vlachodimos,GK,GK,O. Vlachodimos,"Sevilla FC Jun 30, 2026 On loan",,188.0,78.0,9500000.0,71000.0,22.07,120253.16
,32,79,79,209989,Right,53,63,74,84,80,77,81,80,77,11,13,9,3,3,,,,T. Partey,CDM CM,CDM,T. Partey,Villarreal CF,2029,185.0,77.0,11500000.0,43000.0,22.5,145569.62
,28,79,79,235781,Right,58,59,81,75,77,79,78,81,79,8,11,6,4,3,,,,Santi Comesaña,CM CDM,CM,Santi Comesana,Villarreal CF,2028,188.0,75.0,17500000.0,45000.0,21.22,221518.99
,27,79,79,237221,Right,67,68,69,79,79,68,68,81,80,8,15,14,3,3,,,,J. Foyth,CB RB,CB,J. Foyth,Villarreal CF,2029,187.0,83.0,16000000.0,41000.0,23.74,202531.65
,24,79,83,254551,Right,84,83,76,73,31,77,80,40,40,12,9,5,4,4,,,,G. Mikautadze,ST CAM,ST,G. Mikautadze,Villarreal CF,2031,176.0,71.0,25500000.0,41000.0,22.92,322784.81
,25,79,82,262402,Left,85,82,83,71,76,75,73,79,72,6,11,15,3,3,,,,Sergi Cardona,LB LM,LB,Sergi Cardona,Villarreal CF,2027,185.0,77.0,21500000.0,39000.0,22.5,272151.9
,33,79,79,199005,Right,52,52,35,64,20,66,64,21,22,78,78,78,4,1,,,,M. Ryan,GK,GK,M. Ryan,Levante UD,2029,183.0,80.0,5500000.0,23000.0,23.89,69620.25
,25,79,82,255125,Right,79,77,81,71,73,81,77,72,64,14,13,8,3,4,,,,A. Ounahi,CM CAM CDM,CM,A. Ounahi,Girona FC,2030,182.0,62.0,23000000.0,35000.0,18.72,291139.24
,18,78,87,278773,Left,75,73,75,79,76,76,79,78,75,11,10,12,3,3,,,,M. Lewis-Skelly,LB CM,LB,M. Lewis-Skelly,Arsenal,2030,178.0,72.0,28000000.0,64000.0,22.72,358974.36
,34,78,78,200110,Right,45,47,31,63,17,56,47,12,14,78,75,79,2,1,,,,M. Bizot,GK,GK,M. Bizot,Aston Villa,2027,193.0,88.0,2400000.0,61000.0,23.62,30769.23
,32,78,78,212419,Left,49,66,51,85,76,57,71,78,80,7,10,7,2,2,,,,T. Mings,CB,CB,T. Mings,Aston Villa,2027,196.0,77.0,9000000.0,95000.0,20.04,115384.62
,28,78,78,226162,Right,74,62,60,63,60,80,80,68,61,11,10,7,4,4,,,,E. Buendía,LM CAM LW,LM,E. Buendia,Aston Villa,2027,172.0,72.0,14000000.0,95000.0,24.34,179487.18
,27,78,78,229906,Left,88,84,64,61,28,75,73,34,29,12,13,15,2,4,,,,L. Bailey,RM RW,RM,L. Bailey,Aston Villa,2027,178.0,77.0,15000000.0,95000.0,24.3,192307.69
,22,78,83,246174,Left,76,69,68,34,54,80,78,58,48,10,10,14,3,3,,,,H. Elliott,CAM CM RW,CAM,H. Elliott,"Aston Villa Jun 30, 2026 On loan",,168.0,64.0,21500000.0,76000.0,22.68,275641.03
,27,78,79,222104,Right,63,73,68,84,77,60,77,80,77,14,11,8,3,2,,,,T. Adarabioyo,CB,CB,T. Adarabioyo,Chelsea,2028,197.0,80.0,14000000.0,95000.0,20.61,179487.18
,21,78,85,263620,Right,71,68,61,77,78,80,81,78,77,7,7,11,3,3,,,,R. Lavia,CDM CM,CDM,R. Lavia,Chelsea,2030,181.0,76.0,27000000.0,69000.0,23.2,346153.85
,20,78,84,266032,Right,94,90,79,54,29,64,73,22,30,6,5,7,4,4,,,,J. Gittens,LM LW,LM,J. Gittens,Chelsea,2032,179.0,77.0,22000000.0,73000.0,24.03,282051.28
,21,78,84,268438,Right,88,84,74,42,40,73,71,37,29,6,15,13,4,3,,,,A. Garnacho,LM LW,LM,A. Garnacho,Chelsea,2032,180.0,72.0,22500000.0,73000.0,22.22,288461.54
,19,78,87,272978,Left,87,84,69,73,77,67,78,77,73,8,5,13,3,2,,,,J. Hato,LB CB CDM,LB,J. Hato,Chelsea,2032,182.0,76.0,29000000.0,65000.0,22.94,371794.87
,27,78,80,230670,Right,32,36,38,81,25,63,44,18,14,78,77,77,2,1,,,,Lucas Perri,GK,GK,Lucas Perri,Leeds United,2029,197.0,98.0,13000000.0,36000.0,25.25,166666.67
,24,78,81,235735,Right,69,66,82,78,78,74,76,78,77,13,12,8,4,2,,,,E. Ampadu,CDM CB CM,CDM,E. Ampadu,Leeds United,2027,182.0,78.0,17500000.0,48000.0,23.55,224358.97
,26,78,79,233064,Right,68,66,60,56,63,80,79,69,56,11,12,8,4,3,,,,M. Mount,CAM LM CM,CAM,M. Mount,Manchester United,2028,181.0,74.0,16500000.0,77000.0,22.59,211538.46
,26,78,79,234574,Right,81,83,80,74,76,72,73,75,76,10,6,6,4,4,,,,Diogo Dalot,RB LB CM,RB,Diogo Dalot,Manchester United,2028,183.0,76.0,15000000.0,72000.0,22.69,192307.69
,24,78,82,253306,Right,62,62,68,74,81,72,74,79,80,6,10,8,3,3,,,,M. Ugarte,CDM CM,CDM,M. Ugarte,Manchester United,2029,182.0,77.0,18500000.0,62000.0,23.25,237179.49
,19,78,86,269087,Right,68,72,69,75,79,60,72,82,83,13,7,14,3,2,,,,L. Yoro,CB,CB,L. Yoro,Manchester United,2029,190.0,75.0,28500000.0,49000.0,20.78,365384.62
,27,78,79,235173,Right,62,54,69,87,78,75,77,79,79,7,13,6,4,3,,,,I. Sangaré,CDM CM,CDM,I. Sangare,Nottingham Forest,2028,191.0,77.0,14500000.0,77000.0,21.11,185897.44
,27,78,79,237819,Right,72,67,78,67,78,73,70,80,77,6,11,10,4,3,,,,N. Domínguez,CDM CM,CDM,N. Dominguez,Nottingham Forest,2028,179.0,73.0,14500000.0,77000.0,22.78,185897.44
,24,78,81,240740,Right,85,79,73,62,47,76,77,53,45,14,13,15,3,4,,,,C. Hudson-Odoi,LM LW,LM,C. Hudson-Odoi,Nottingham Forest,2028,182.0,76.0,19000000.0,70000.0,22.94,243589.74
,28,78,78,236480,Right,65,67,74,74,78,74,78,77,75,12,8,12,3,3,,,,Y. Bissouma,CDM CM,CDM,Y. Bissouma,Tottenham Hotspur,2028,182.0,78.0,12500000.0,87000.0,23.55,160256.41
,19,78,87,272926,Right,77,73,79,70,77,78,80,76,72,7,13,10,3,3,,,,L. Bergvall,CM CAM CDM,CM,L. Bergvall,Tottenham Hotspur,2031,187.0,74.0,30000000.0,61000.0,21.16,384615.38
,25,78,81,245388,Right,70,79,62,81,80,58,78,80,77,7,13,8,2,3,,,,J. Todibo,CB,CB,J. Todibo,West Ham United,2029,190.0,88.0,16500000.0,58000.0,24.38,211538.46
,23,78,83,251954,Right,91,88,74,46,18,74,77,38,26,9,9,11,3,3,,,,C. Summerville,LM LW,LM,C. Summerville,West Ham United,2029,169.0,64.0,21000000.0,56000.0,22.41,269230.77
,20,78,84,274915,Left,80,83,78,79,78,70,71,73,76,9,9,13,2,3,,,,E. Diouf,LB LM,LB,E. Diouf,West Ham United,2030,183.0,75.0,20500000.0,45000.0,22.4,262820.51
,24,78,82,241187,Right,76,69,76,80,77,69,75,81,78,12,11,12,3,2,,,,L. Geertruida,CB RB CDM RM,CB,L. Geertruida,"Sunderland Jun 30, 2026 On loan",,185.0,84.0,18000000.0,41000.0,24.54,230769.23
,25,78,80,243908,Right,55,64,68,88,76,58,66,78,77,13,7,8,3,2,,,,D. Ballard,CB,CB,D. Ballard,Sunderland,2029,187.0,85.0,15500000.0,53000.0,24.31,198717.95
,25,78,80,246350,Right,62,63,78,55,72,80,78,74,72,8,11,13,3,4,,,,E. Le Fée,CM LM CAM,CM,E. Le Fee,Sunderland,2029,173.0,66.0,17500000.0,56000.0,22.05,224358.97
,23,78,81,266400,Right,77,83,83,76,77,63,69,77,80,9,11,13,3,2,,,,T. Hume,RB LB RM CM,RB,T. Hume,Sunderland,2030,180.0,75.0,18000000.0,48000.0,23.15,230769.23
,20,78,85,269230,Right,81,78,90,72,80,75,78,80,78,13,9,13,3,3,,,,N. Sadiki,CM CDM CAM,CM,N. Sadiki,Sunderland,2030,173.0,77.0,27500000.0,43000.0,25.73,352564.1
,23,78,83,74866,Right,60,55,75,67,79,74,78,78,79,5,5,14,3,2,,,,André,CDM CM,CDM,Andre,Wolverhampton Wanderers,2030,177.0,77.0,19500000.0,53000.0,24.58,250000.0
,26,78,81,252064,Left,68,75,79,85,77,70,75,76,74,9,5,14,3,3,,,,L. Krejčí,CB CM CDM,CB,L. Krejci,"Wolverhampton Wanderers Jun 30, 2026 On loan",,191.0,87.0,16500000.0,32000.0,23.85,211538.46
,24,78,83,273463,Right,56,52,78,68,79,73,72,81,77,7,14,14,3,3,,,,João Gomes,CDM CM,CDM,Joao Gomes,Wolverhampton Wanderers,2030,176.0,74.0,19500000.0,53000.0,23.89,250000.0
,34,78,78,204838,Right,61,54,65,85,52,73,75,38,30,7,11,14,3,3,,,,R. Jiménez,ST,ST,R. Jimenez,Fulham FC,2029,190.0,81.0,7000000.0,85000.0,22.44,89743.59
,29,78,78,216266,Right,77,72,74,76,78,58,66,79,77,9,15,6,2,2,,,,K. Tete,RB,RB,K. Tete,Fulham FC,2028,180.0,71.0,12500000.0,76000.0,21.91,160256.41
,28,78,78,236699,Right,67,72,84,75,81,72,72,78,74,9,11,9,3,2,,,,S. Lukić,CDM CM,CDM,S. Lukic,Fulham FC,2027,182.0,77.0,12500000.0,76000.0,23.25,160256.41
,25,78,81,241436,Left,75,86,86,88,76,55,70,78,76,9,7,8,3,2,,,,C. Bassey,CB,CB,C. Bassey,Fulham FC,2027,185.0,88.0,16500000.0,69000.0,25.71,211538.46
,36,78,78,220407,Right,36,42,38,60,25,58,59,15,14,77,77,77,2,1,,,,M. Dúbravka,GK,GK,M. Dubravka,Burnley,2030,190.0,80.0,1600000.0,23000.0,22.16,20512.82
,32,78,78,215223,Right,38,35,40,80,21,46,62,20,17,78,77,78,2,1,,,,W. Benítez,GK,GK,W. Benitez,Crystal Palace,2028,191.0,91.0,7000000.0,49000.0,24.94,89743.59
,28,78,78,232730,Right,74,68,75,55,69,81,78,71,62,6,10,6,3,3,,,,D. Kamada,CM CAM CDM,CM,D. Kamada,Crystal Palace,2028,184.0,72.0,14000000.0,79000.0,21.27,179487.18
,24,78,83,258444,Right,79,86,76,84,25,69,78,41,18,7,10,6,3,3,,,,E. Guessand,RW RM ST,RW,E. Guessand,"Crystal Palace Jun 30, 2026 On loan",,188.0,79.0,21000000.0,87000.0,22.35,269230.77
,34,78,78,190765,Right,44,34,79,66,71,83,84,71,69,8,15,16,4,3,,,,P. Groß,CDM CM,CDM,P. Groß,Brighton & Hove Albion,2027,181.0,78.0,4800000.0,81000.0,23.81,61538.46
,33,78,78,208004,Right,64,62,73,77,80,55,79,83,77,7,10,9,4,2,,,,J. Veltman,RB RM,RB,J. Veltman,Brighton & Hove Albion,2029,184.0,75.0,7500000.0,81000.0,22.15,96153.85
,27,78,80,225863,Left,68,62,68,77,81,77,79,79,78,8,7,8,3,3,,,,O. Boscagli,CB,CB,O. Boscagli,Brighton & Hove Albion,2030,181.0,68.0,15000000.0,77000.0,20.76,192307.69
,25,78,81,248793,Right,67,67,77,76,79,74,78,78,72,7,12,12,3,3,,,,M. Wieffer,CDM RB CM,CDM,M. Wieffer,Brighton & Hove Albion,2029,188.0,78.0,17000000.0,74000.0,22.07,217948.72
,23,78,82,265552,Left,87,83,70,65,52,75,78,52,45,9,6,14,3,4,,,,D. Ouattara,RM LM ST RW,RM,D. Ouattara,Brentford,2030,177.0,71.0,20000000.0,59000.0,22.66,256410.26
,18,78,88,83494,Left,84,82,73,79,28,76,79,35,22,6,14,14,2,3,,,,Rayan,RM ST RW,RM,Rayan,AFC Bournemouth,2031,185.0,80.0,29500000.0,45000.0,23.37,378205.13
,30,78,78,213884,Left,73,66,85,69,79,76,79,75,74,13,9,7,4,3,,,,R. Christie,CDM CM,CDM,R. Christie,AFC Bournemouth,2027,178.0,70.0,12000000.0,68000.0,22.09,153846.15
,28,78,78,224294,Right,68,69,81,64,80,76,75,78,79,6,15,15,4,3,,,,L. Cook,CDM RB CM,CDM,L. Cook,AFC Bournemouth,2028,175.0,71.0,12500000.0,68000.0,23.18,160256.41
,26,78,78,237477,Left,83,82,79,62,59,78,76,66,57,9,14,12,3,3,,,,M. Tavernier,LM RM CAM LW,LM,M. Tavernier,AFC Bournemouth,2029,178.0,75.0,15500000.0,68000.0,23.67,198717.95
,19,78,86,277909,Right,81,80,66,59,38,68,79,54,46,14,6,13,3,3,,,,E. Kroupi,ST CAM,ST,E. Kroupi,AFC Bournemouth,2030,179.0,70.0,30500000.0,53000.0,21.85,391025.64
,26,78,81,235454,Left,56,67,55,80,79,63,68,81,76,6,9,12,3,2,,,,M. Sarr,CB,CB,M. Sarr,RC Lens,2028,183.0,85.0,16500000.0,28000.0,25.38,211538.46
,20,78,85,271918,Right,36,44,36,71,15,36,38,13,10,79,74,75,3,1,,,,R. Risser,GK,GK,R. Risser,RC Lens,2030,193.0,82.0,23500000.0,10000.0,22.01,301282.05
,38,78,78,178509,Left,45,51,60,88,42,78,83,37,20,12,15,6,3,3,,,,O. Giroud,ST,ST,O. Giroud,Lille OSC,2028,193.0,91.0,4800000.0,27000.0,24.43,61538.46
,25,78,82,239254,Right,40,49,38,61,18,48,60,19,24,78,73,78,3,1,,,,B. Özer,GK,GK,B. Ozer,Lille OSC,2029,190.0,73.0,15500000.0,18000.0,20.22,198717.95
,22,78,83,262088,Right,77,77,85,57,61,79,78,56,58,7,14,14,4,3,,,,H. Haraldsson,CAM LM CM,CAM,H. Haraldsson,Lille OSC,2028,178.0,71.0,21500000.0,28000.0,22.41,275641.03
,17,78,86,278901,Right,76,74,80,75,79,78,76,77,69,9,7,12,3,3,,,,A. Bouaddi,CDM CM,CDM,A. Bouaddi,Lille OSC,2029,186.0,72.0,27000000.0,15000.0,20.81,346153.85
,32,78,78,211256,Left,74,67,78,72,78,68,77,79,76,13,9,15,2,3,,,,N. Tagliafico,LB CM,LB,N. Tagliafico,Olympique Lyonnais,2027,172.0,65.0,9500000.0,23000.0,21.97,121794.87
,24,78,81,247050,Right,74,74,86,68,43,78,78,51,45,12,11,12,3,4,,,,P. Šulc,CAM ST RM CM,CAM,P. Sulc,Olympique Lyonnais,2029,175.0,67.0,19000000.0,21000.0,21.88,243589.74
,20,78,86,256420,Right,87,86,69,36,35,71,77,43,41,11,6,11,5,4,,,,M. Fofana,LM LW,LM,M. Fofana,Olympique Lyonnais,2028,170.0,60.0,31000000.0,17000.0,20.76,397435.9
,18,78,89,272505,Left,88,86,68,74,20,72,79,30,31,8,8,15,3,4,,,,Endrick,ST RW RM,ST,Endrick,"Olympique Lyonnais Jun 30, 2026 On loan",,173.0,67.0,30000000.0,100000.0,22.39,384615.38
,31,78,78,202335,Right,35,66,58,90,75,56,73,77,75,11,14,13,2,2,,,,E. Dier,CB,CB,E. Dier,AS Monaco,2028,191.0,91.0,9500000.0,33000.0,24.94,121794.87
,28,78,79,226229,Right,62,75,71,79,78,60,73,81,79,9,9,10,5,2,,,,T. Kehrer,CB,CB,T. Kehrer,AS Monaco,2028,186.0,76.0,13500000.0,33000.0,21.97,173076.92
,30,78,78,226627,Right,84,71,74,58,49,79,78,39,33,9,12,15,4,3,,,,T. Minamino,LM CAM LW,LM,T. Minamino,AS Monaco,2027,172.0,67.0,13500000.0,35000.0,22.65,173076.92
,25,78,81,245211,Right,75,78,79,80,77,69,76,76,75,12,5,7,2,2,,,,J. Teze,RB RM CM,RB,J. Teze,AS Monaco,2029,183.0,68.0,17000000.0,30000.0,20.31,217948.72
,32,78,78,239093,Right,81,88,81,63,72,73,77,76,73,15,14,8,3,3,,,,J. Clauss,RB RM,RB,J. Clauss,OGC Nice,2028,178.0,69.0,9500000.0,29000.0,21.78,121794.87
,21,78,83,279709,Left,61,70,63,76,77,73,71,82,77,11,14,12,2,2,,,,Lucas Beraldo,CB CDM CM,CB,Lucas Beraldo,Paris Saint-Germain,2028,182.0,78.0,19500000.0,49000.0,23.55,250000.0
,22,78,83,258437,Left,81,95,84,82,35,64,73,21,23,11,10,10,5,3,,,,E. Emegha,ST,ST,E. Emegha,RC Strasbourg Alsace,2028,195.0,82.0,22000000.0,50000.0,21.56,282051.28
,20,78,84,263370,Left,78,77,81,48,74,81,76,74,72,12,10,6,3,3,,,,V. Barco,CM CDM CAM,CM,V. Barco,RC Strasbourg Alsace,2029,170.0,66.0,21500000.0,38000.0,22.84,275641.03
,20,78,84,270039,Left,88,92,85,62,70,70,77,66,62,9,11,8,3,4,,,,Diego Moreira,RM LM LB RB,RM,Diego Moreira,RC Strasbourg Alsace,2029,179.0,73.0,22000000.0,38000.0,22.78,282051.28
,28,78,80,239342,Right,58,53,30,71,14,44,58,11,10,79,74,77,3,1,,,,H. Koffi,GK,GK,H. Koffi,"Angers SCO Jun 30, 2026 On loan",,186.0,82.0,12000000.0,19000.0,23.7,153846.15
,20,78,85,265526,Left,38,44,39,65,13,62,55,16,14,79,75,78,3,1,,,,G. Restes,GK,GK,G. Restes,Toulouse FC,2028,188.0,82.0,23500000.0,9000.0,23.2,301282.05
,26,78,81,234205,Left,74,74,59,77,81,66,76,78,77,13,10,10,3,2,,,,H. Ito,CB LB,CB,H. Ito,FC Bayern München,2028,188.0,84.0,16500000.0,53000.0,23.77,211538.46
,20,78,86,263765,Left,65,52,81,63,69,79,78,73,66,9,13,13,3,3,,,,T. Bischof,CM CDM LB,CM,T. Bischof,FC Bayern München,2029,180.0,75.0,30500000.0,41000.0,23.15,391025.64
,21,78,84,259356,Right,75,75,64,76,59,77,78,66,74,12,12,11,3,4,,,,C. Chukwuemeka,CAM CM,CAM,C. Chukwuemeka,Borussia Dortmund,2030,187.0,77.0,22500000.0,34000.0,22.02,288461.54
,28,78,78,231366,Right,62,71,75,79,79,53,75,80,74,14,8,12,3,2,,,,P. Lienhart,CB,CB,P. Lienhart,SC Freiburg,2028,189.0,86.0,12000000.0,31000.0,24.08,153846.15
,23,78,83,262659,Right,52,59,29,79,13,50,46,12,12,77,74,75,3,1,,,,N. Atubolu,GK,GK,N. Atubolu,SC Freiburg,2027,190.0,99.0,17000000.0,15000.0,27.42,217948.72
,32,78,78,212197,Right,42,40,40,69,15,50,28,15,11,79,75,78,4,1,,,,D. Heuer Fernandes,GK,GK,D. Heuer Fernandes,Hamburger SV,2030,188.0,81.0,7000000.0,18000.0,22.92,89743.59
,18,78,88,275192,Right,53,64,69,85,75,55,66,81,76,9,11,13,3,2,,,,L. Vušković,CB,CB,L. Vuskovic,"Hamburger SV Jun 30, 2026 On loan",,193.0,86.0,27500000.0,53000.0,23.09,352564.1
,30,78,78,224041,Right,49,43,36,70,17,63,61,16,17,76,74,78,3,1,,,,M. Schwäbe,GK,GK,M. Schwabe,1. FC Köln,2027,190.0,86.0,9500000.0,18000.0,23.82,121794.87
,32,78,78,211738,Right,29,36,28,72,12,55,62,13,20,79,76,76,4,1,,,,M. Flekken,GK,GK,M. Flekken,Bayer 04 Leverkusen,2028,195.0,87.0,7000000.0,43000.0,22.88,89743.59
,25,78,79,237328,Right,87,87,78,52,41,74,73,41,30,9,6,12,3,3,,,,N. Tella,RM ST CAM RW,RM,N. Tella,Bayer 04 Leverkusen,2031,173.0,68.0,17000000.0,64000.0,22.72,217948.72
,25,78,83,255106,Right,54,66,65,84,78,63,74,81,77,7,6,7,3,2,,,,L. Badé,CB,CB,L. Bade,Bayer 04 Leverkusen,2030,191.0,89.0,18500000.0,61000.0,24.4,237179.49
,24,78,81,252448,Right,81,84,80,76,42,66,67,46,30,6,11,14,4,4,,,,J. Leweling,RM LM CAM RW,RM,J. Leweling,VfB Stuttgart,2029,185.0,86.0,19000000.0,34000.0,25.13,243589.74
,21,78,84,257504,Right,79,78,71,56,41,80,81,39,37,10,6,13,3,4,,,,B. El Khannouss,CAM LM CM,CAM,B. El Khannouss,"VfB Stuttgart Jun 30, 2026 On loan",,180.0,70.0,22500000.0,36000.0,21.6,288461.54
,31,78,78,206591,Right,78,78,91,64,75,78,76,72,72,13,15,13,4,4,,,,M. Weiser,RB RM,RB,M. Weiser,SV Werder Bremen,2029,177.0,70.0,10000000.0,31000.0,22.34,128205.13
,25,78,81,239701,Right,78,76,88,49,64,77,72,57,39,7,9,9,3,3,,,,R. Schmid,CAM CM LW,CAM,R. Schmid,SV Werder Bremen,2028,168.0,73.0,18500000.0,30000.0,25.86,237179.49
,28,78,78,223671,Right,71,78,70,75,78,55,70,80,76,6,8,6,3,2,,,,S. Posch,CB RB RM,CB,S. Posch,"1. FSV Mainz 05 Jun 30, 2026 On loan",,189.0,84.0,12000000.0,80000.0,23.52,153846.15
,28,78,78,236636,Right,70,73,90,72,73,68,70,77,76,11,9,7,5,3,,,,A. Caci,RB RM LB,RB,A. Caci,1. FSV Mainz 05,2028,186.0,79.0,12500000.0,31000.0,22.84,160256.41
,33,78,78,192318,Right,66,51,66,64,63,85,87,41,46,14,7,6,4,4,,,,M. Götze,CM CAM,CM,M. Gotze,Eintracht Frankfurt,2028,176.0,75.0,8500000.0,35000.0,24.21,108974.36
,23,78,82,253444,Right,82,78,73,72,30,70,78,29,22,9,12,14,3,3,,,,A. Kalimuendo,ST LM RM,ST,A. Kalimuendo,"Eintracht Frankfurt Jun 30, 2026 On loan",,178.0,78.0,20500000.0,77000.0,24.62,262820.51
,25,78,83,257278,Left,66,68,82,82,82,70,76,78,76,7,6,11,3,2,,,,A. Theate,CB LB,CB,A. Theate,Eintracht Frankfurt,2029,185.0,79.0,18500000.0,30000.0,23.08,237179.49
,19,78,85,275328,Right,75,64,67,68,36,77,79,30,28,5,7,10,4,4,,,,C. Uzun,CAM ST CM,CAM,C. Uzun,Eintracht Frankfurt,2029,186.0,67.0,27500000.0,24000.0,19.37,352564.1
,32,78,78,244470,Right,69,73,76,68,75,68,78,77,75,13,12,6,3,3,,,,V. Coufal,RB RM,RB,V. Coufal,TSG 1899 Hoffenheim,2028,175.0,76.0,9500000.0,37000.0,24.82,121794.87
,29,78,78,262956,Right,36,30,21,72,15,45,55,10,14,79,75,78,3,1,,,,N. Vasilj,GK,GK,N. Vasilj,FC St. Pauli,2029,193.0,86.0,9500000.0,18000.0,23.09,121794.87
,23,78,83,73398,Right,68,67,72,84,30,74,80,33,28,11,11,14,3,3,,,,Rômulo,ST,ST,Romulo,RB Leipzig,2030,193.0,79.0,21500000.0,48000.0,21.21,275641.03
,27,78,79,233195,Left,74,64,77,77,80,76,74,76,72,6,8,12,3,3,,,,X. Schlager,CDM CM,CDM,X. Schlager,RB Leipzig,2028,174.0,78.0,14500000.0,48000.0,25.76,185897.44
,20,78,88,262863,Right,92,86,73,59,35,75,71,47,53,12,14,9,4,4,,,,A. Nusa,LW LM CAM,LW,A. Nusa,RB Leipzig,2029,183.0,77.0,31000000.0,40000.0,22.99,397435.9
,32,78,78,207993,Left,54,67,78,82,77,65,72,81,77,15,9,7,2,2,,,,S. Kolašinac,CB LB LM,CB,S. Kolasinac,Atalanta,2029,183.0,85.0,9000000.0,60000.0,25.38,115384.62
,26,78,79,226710,Right,61,69,51,83,26,71,79,28,20,12,10,7,3,3,,,,G. Scamacca,ST CAM,ST,G. Scamacca,Atalanta,2027,196.0,85.0,17000000.0,65000.0,22.13,217948.72
,25,78,81,253002,Right,83,77,65,56,26,74,80,23,21,13,14,7,5,4,,,,G. Raspadori,ST CAM LW,ST,G. Raspadori,Atalanta,2030,172.0,69.0,19000000.0,62000.0,23.32,243589.74
,26,78,81,260697,Right,63,74,66,90,79,49,60,81,75,12,5,11,3,2,,,,I. Hien,CB,CB,I. Hien,Atalanta,2028,191.0,88.0,16500000.0,57000.0,24.12,211538.46
,21,78,86,265188,Right,66,65,61,71,81,61,72,82,80,6,12,9,3,2,,,,G. Scalvini,CB,CB,G. Scalvini,Atalanta,2028,194.0,76.0,29500000.0,42000.0,20.19,378205.13
,35,78,78,184392,Right,68,74,72,64,76,70,79,81,76,6,7,12,4,3,,,,M. Darmian,RB CB RM CDM,RB,M. Darmian,Inter,2028,182.0,70.0,4300000.0,24000.0,21.13,55128.21
,23,78,83,256632,Right,85,94,75,81,55,73,73,52,46,9,5,10,3,3,,,,Luis Henrique,RM LM RB RW,RM,Luis Henrique,Inter,2030,181.0,85.0,21000000.0,28000.0,25.95,269230.77
,21,78,86,259565,Right,83,91,73,81,27,77,71,27,23,13,14,14,3,4,,,,Y. Bonny,ST CAM,ST,Y. Bonny,Inter,2030,189.0,83.0,32000000.0,26000.0,23.24,410256.41
,32,78,78,198009,Right,57,56,30,52,19,45,65,12,19,78,78,79,3,1,,,,M. Perin,GK,GK,M. Perin,Juventus,2027,188.0,77.0,7000000.0,62000.0,21.79,89743.59
,31,78,78,205175,Left,48,52,45,76,36,78,84,34,32,9,16,15,3,3,,,,A. Milik,ST,ST,A. Milik,Juventus,2027,186.0,80.0,12000000.0,110000.0,23.12,153846.15
,26,78,80,231512,Left,68,69,79,80,78,64,78,82,78,7,8,11,3,3,,,,L. Kelly,CB LB,CB,L. Kelly,Juventus,2029,190.0,86.0,15500000.0,90000.0,23.82,198717.95
,30,78,78,211361,Right,72,68,76,62,76,79,79,73,71,7,10,12,4,3,,,,D. Cataldi,CM CDM,CM,D. Cataldi,Lazio,2027,180.0,70.0,13500000.0,36000.0,21.6,173076.92
,28,78,78,246242,Right,81,87,74,73,38,72,78,42,36,11,10,14,4,3,,,,B. Dia,ST CAM,ST,B. Dia,Lazio,2027,180.0,75.0,14500000.0,39000.0,23.15,185897.44
,23,78,83,255009,Left,78,69,83,70,69,79,78,67,66,9,12,6,5,3,,,,K. Taylor,CM CDM CAM,CM,K. Taylor,Lazio,2027,182.0,73.0,21000000.0,30000.0,22.04,269230.77
,32,78,78,205431,Right,53,60,55,86,24,76,79,46,30,15,9,13,4,3,,,,N. Füllkrug,ST,ST,N. Fullkrug,"AC Milan Jun 30, 2026 On loan",,188.0,83.0,11500000.0,72000.0,23.48,147435.9
,35,78,78,205812,Right,40,42,33,60,16,45,65,11,19,79,75,78,2,1,,,,P. Terracciano,GK,GK,P. Terracciano,AC Milan,2029,193.0,85.0,1600000.0,18000.0,22.82,20512.82
,22,78,83,259399,Left,84,86,70,82,33,62,73,34,27,12,8,14,3,3,,,,R. Højlund,ST,ST,R. Højlund,"Napoli Jun 30, 2026 On loan",,191.0,79.0,22000000.0,72000.0,21.66,282051.28
,26,78,80,262394,Right,42,54,79,74,80,59,72,79,77,12,11,6,3,2,,,,S. Beukema,CB,CB,S. Beukema,Napoli,2030,188.0,77.0,15500000.0,78000.0,21.79,198717.95
,32,78,78,190813,Right,79,74,61,60,38,78,77,42,35,5,3,5,3,4,,,,S. El Shaarawy,LM LW CAM LB,LM,S. El Shaarawy,Roma,2028,178.0,73.0,11000000.0,53000.0,23.04,141025.64
,28,78,78,224490,Right,70,73,82,73,76,68,79,76,76,13,14,10,3,3,,,,Z. Çelik,RB RM CB,RB,Z. Celik,Roma,2030,180.0,78.0,12500000.0,51000.0,24.07,160256.41
,28,78,78,226093,Right,80,83,78,68,40,66,72,45,40,16,13,15,3,3,,,,C. Adams,ST,ST,C. Adams,Torino,2027,175.0,70.0,14500000.0,45000.0,22.86,185897.44
,25,78,83,242238,Right,70,86,84,88,78,66,70,78,74,12,14,14,4,2,,,,O. Solet,CB,CB,O. Solet,Udinese,2027,192.0,88.0,18500000.0,20000.0,23.87,237179.49
,34,78,78,189908,Right,51,51,31,58,17,40,58,15,14,78,77,77,3,1,,,,Ł. Skorupski,GK,GK,Ł. Skorupski,Bologna,2027,188.0,90.0,2400000.0,31000.0,25.46,30769.23
,25,78,81,242280,Right,72,72,79,70,75,77,75,76,69,6,11,14,4,3,,,,L. Ferguson,CDM CM CAM,CDM,L. Ferguson,Bologna,2027,185.0,84.0,17000000.0,44000.0,24.54,217948.72
,30,78,78,225149,Right,52,44,42,64,17,70,42,14,15,77,76,76,4,1,,,,J. Butez,GK,GK,J. Butez,Como,2028,189.0,70.0,9500000.0,52000.0,19.6,121794.87
,25,78,80,246646,Right,77,73,80,62,79,79,78,82,71,8,5,5,3,3,,,,M. Caqueret,CM CDM CAM,CM,M. Caqueret,Como,2029,174.0,63.0,17500000.0,76000.0,20.81,224358.97
,23,78,84,255303,Right,50,52,35,58,6,58,48,14,16,77,75,78,3,1,,,,E. Caprile,GK,GK,E. Caprile,Cagliari,2029,191.0,74.0,18000000.0,7000.0,20.28,230769.23
,26,78,79,234112,Right,84,87,84,59,74,72,76,75,71,14,14,14,3,3,,,,Dodô,RB RM,RB,Dodo,Fiorentina,2027,166.0,68.0,15000000.0,46000.0,24.68,192307.69
,28,78,78,238004,Right,86,87,71,71,29,73,80,39,43,5,10,6,4,3,,,,A. Guðmundsson,ST CAM LW,ST,A. Guðmundsson,Fiorentina,2029,177.0,80.0,14500000.0,54000.0,25.54,185897.44
,24,78,83,245371,Right,86,74,69,50,60,81,80,58,54,12,8,8,4,4,,,,T. Almada,CAM LM LW CM,CAM,T. Almada,Atlético Madrid,2030,171.0,63.0,21000000.0,52000.0,21.55,269230.77
,22,78,82,259584,Left,80,81,82,71,72,70,68,76,72,11,12,14,2,3,,,,M. Ruggeri,LB LM,LB,M. Ruggeri,Atlético Madrid,2030,187.0,69.0,19000000.0,48000.0,19.73,243589.74
,23,78,82,74462,Left,76,79,73,82,80,69,73,79,80,10,11,13,3,3,,,,Gerard Martín,CB LB,CB,Gerard Martin,FC Barcelona,2028,186.0,76.0,18000000.0,64000.0,21.97,230769.23
,21,78,82,272600,Right,66,58,71,55,76,77,78,78,78,12,14,8,4,3,,,,Marc Casadó,CDM CM,CDM,Marc Casado,FC Barcelona,2028,171.0,65.0,18500000.0,54000.0,22.23,237179.49
,22,78,83,75605,Right,81,86,74,78,76,57,68,78,77,7,15,6,3,2,,,,Asencio,CB RB CM,CB,Asencio,Real Madrid,2031,184.0,85.0,19500000.0,110000.0,25.11,250000.0
,28,78,78,231184,Right,74,72,80,79,52,76,78,53,37,12,14,10,4,3,,,,Guruzeta,ST,ST,Guruzeta,Athletic Club,2028,188.0,77.0,14500000.0,47000.0,21.79,185897.44
,25,78,81,259524,Right,60,73,73,79,78,45,64,83,79,14,7,12,3,2,,,,Aitor Paredes,CB,CB,Aitor Paredes,Athletic Club,2029,186.0,76.0,16500000.0,38000.0,21.97,211538.46
,28,78,78,235945,Left,50,60,68,75,77,78,78,78,74,12,11,10,3,3,,,,Marc Roca,CDM CM,CDM,Marc Roca,Real Betis Balompié,2029,184.0,80.0,12500000.0,30000.0,23.63,160256.41
,24,78,83,277537,Left,66,66,73,83,78,62,68,80,80,14,13,8,2,2,,,,Natan,CB,CB,Natan,Real Betis Balompié,2030,188.0,85.0,19000000.0,25000.0,24.05,243589.74
,30,78,78,220821,Right,68,78,77,80,77,56,67,80,77,8,15,7,3,2,,,,C. Starfelt,CB,CB,C. Starfelt,RC Celta,2027,187.0,83.0,11500000.0,30000.0,23.74,147435.9
,28,78,78,234102,Right,52,55,32,65,14,37,43,21,17,80,76,76,2,1,,,,I. Radu,GK,GK,I. Radu,RC Celta,2029,188.0,70.0,10000000.0,20000.0,19.81,128205.13
,22,78,83,259233,Right,76,73,81,78,79,78,79,77,71,9,14,10,4,4,,,,I. Moriba,CM CDM,CM,I. Moriba,RC Celta,2029,185.0,73.0,21500000.0,26000.0,21.33,275641.03
,27,78,78,221342,Right,82,79,73,69,72,67,68,82,76,10,7,12,3,3,,,,Maffeo,RB RM RW,RB,Maffeo,RCD Mallorca,2027,172.0,70.0,13500000.0,32000.0,23.66,173076.92
,24,78,82,255566,Left,65,57,82,76,76,71,66,79,75,6,7,14,2,2,,,,Samú Costa,CDM CM,CDM,Samu Costa,RCD Mallorca,2028,183.0,75.0,18500000.0,28000.0,22.4,237179.49
,28,78,78,224411,Right,82,81,71,68,50,76,76,34,30,9,12,9,4,3,,,,Guedes,LW RM ST LM,LW,Guedes,Real Sociedad,2028,179.0,68.0,14000000.0,43000.0,21.22,179487.18
,28,78,78,234153,Right,74,70,73,70,74,81,77,74,72,6,14,13,4,3,,,,Carlos Soler,CM CAM CDM,CM,Carlos Soler,Real Sociedad,2029,180.0,76.0,14000000.0,41000.0,23.46,179487.18
,28,78,78,235944,Left,72,69,73,73,66,80,80,68,61,10,5,12,3,4,,,,Brais Méndez,CM CAM ST CDM,CM,Brais Mendez,Real Sociedad,2028,187.0,76.0,14000000.0,41000.0,21.73,179487.18
,24,78,81,241811,Left,82,78,82,58,75,80,76,77,72,11,7,11,3,4,,,,Sergio Gómez,LB LM,LB,Sergio Gomez,Real Sociedad,2030,173.0,71.0,18000000.0,32000.0,23.72,230769.23
,23,78,83,246672,Right,85,83,74,72,38,75,78,30,22,13,11,5,4,3,,,,Barrenetxea,LW LM RM,LW,Barrenetxea,Real Sociedad,2030,175.0,74.0,21000000.0,37000.0,24.16,269230.77
,29,78,78,235522,Right,73,75,83,66,74,79,85,74,67,6,10,9,3,3,,,,Aleix Febas,CM CDM,CM,Aleix Febas,Elche CF,2028,171.0,64.0,13500000.0,28000.0,21.89,173076.92
,21,78,86,76042,Right,91,95,75,52,50,72,73,52,40,7,7,12,3,3,,,,Víctor Muñoz,LW LM RW,LW,Victor Munoz,CA Osasuna,2030,173.0,70.0,31500000.0,28000.0,23.39,403846.15
,31,78,78,211022,Left,79,73,66,44,38,80,72,54,41,9,14,14,2,4,,,,Rubén García,RM RW RB,RM,Ruben Garcia,CA Osasuna,2029,171.0,72.0,11500000.0,37000.0,24.62,147435.9
,30,78,78,231591,Left,79,77,76,67,73,69,74,77,74,14,14,6,2,4,,,,Javi Galán,LB LM,LB,Javi Galan,CA Osasuna,2028,170.0,70.0,12000000.0,35000.0,24.22,153846.15
,28,78,78,234730,Right,82,82,79,73,77,73,74,75,76,8,13,10,2,3,,,,V. Rosier,RB RM RW,RB,V. Rosier,CA Osasuna,2028,175.0,71.0,12500000.0,35000.0,23.18,160256.41
,30,78,78,243976,Right,64,64,76,78,78,57,70,78,76,9,9,8,3,2,,,,Catena,CB,CB,Catena,CA Osasuna,2028,194.0,82.0,11500000.0,35000.0,21.79,147435.9
,27,78,78,258371,Left,84,87,86,74,75,75,73,78,75,9,10,10,1,3,,,,Pep Chavarría,LB LM,LB,Pep Chavarria,Rayo Vallecano,2030,174.0,72.0,13500000.0,26000.0,23.78,173076.92
,26,78,78,238581,Right,88,88,79,64,53,74,76,55,42,12,7,6,4,4,,,,R. Vargas,LW CAM RW LM,LW,R. Vargas,Sevilla FC,2029,179.0,68.0,15500000.0,36000.0,21.22,198717.95
,24,78,82,258885,Left,29,31,22,75,14,52,40,10,12,78,77,78,3,1,,,,Luiz Júnior,GK,GK,Luiz Junior,Villarreal CF,2030,194.0,88.0,16000000.0,19000.0,23.38,205128.21
,21,78,83,273906,Left,76,83,80,82,77,70,72,77,77,6,15,13,3,2,,,,Renato Veiga,CB,CB,Renato Veiga,Villarreal CF,2032,190.0,88.0,19500000.0,27000.0,24.38,250000.0
,23,78,85,276493,Right,78,82,78,82,82,62,68,83,75,14,7,8,3,2,,,,S. Mouriño,RB CB CDM,RB,S. Mourino,Villarreal CF,2030,186.0,76.0,27000000.0,32000.0,21.97,346153.85
,33,78,78,205186,Right,57,56,42,55,19,64,61,21,14,79,77,76,3,1,,,,P. Gazzaniga,GK,GK,P. Gazzaniga,Girona FC,2027,195.0,90.0,4600000.0,22000.0,23.67,58974.36
,27,78,78,244369,Left,81,81,75,54,43,78,76,39,37,9,7,6,4,4,,,,V. Tsygankov,RW RM,RW,V. Tsygankov,Girona FC,2027,178.0,73.0,15000000.0,36000.0,23.04,192307.69
,22,78,83,260815,Right,82,75,80,68,75,74,68,77,75,10,7,10,3,2,,,,Arnau Martínez,RB LB CM,RB,Arnau Martinez,Girona FC,2027,182.0,72.0,20000000.0,28000.0,21.74,256410.26
,29,78,79,220383,Right,54,48,45,57,25,64,48,19,18,78,77,75,4,1,,,,Aarón Escandell,GK,GK,Aaron Escandell,Real Oviedo,2027,185.0,71.0,11000000.0,23000.0,20.75,141025.64
,21,77,85,264846,Right,73,74,79,74,77,58,69,80,76,8,6,8,3,2,,,,Cristhian Mosquera,CB,CB,Cristhian Mosquera,Arsenal,2030,191.0,79.0,22000000.0,69000.0,21.66,285714.29
,31,77,77,199189,Right,52,53,63,70,63,79,79,68,63,9,14,6,5,4,,,,R. Barkley,CM CAM CDM,CM,R. Barkley,Aston Villa,2027,189.0,76.0,8500000.0,90000.0,21.28,110389.61
,27,77,77,231352,Right,74,78,60,81,25,76,80,29,20,12,7,13,3,3,,,,T. Abraham,ST,ST,T. Abraham,Aston Villa,2030,194.0,82.0,11500000.0,95000.0,21.79,149350.65
,23,77,83,258485,Right,45,45,35,62,13,50,55,13,13,77,76,77,3,1,,,,F. Jörgensen,GK,GK,F. Jorgensen,Chelsea,2031,192.0,84.0,13500000.0,45000.0,22.79,175324.68
,22,77,83,259031,Right,76,80,70,84,22,59,77,25,23,8,9,11,5,3,,,,L. Delap,ST,ST,L. Delap,Chelsea,2031,187.0,83.0,17000000.0,89000.0,23.74,220779.22
,19,77,84,275507,Right,58,76,61,82,77,56,76,79,76,14,5,13,3,2,,,,M. Sarr,CB,CB,M. Sarr,Chelsea,2033,194.0,85.0,19000000.0,61000.0,22.58,246753.25
,25,77,78,243282,Left,68,67,76,64,46,79,76,60,51,6,14,12,2,3,,,,D. McNeil,LM RM CAM LW,LM,D. McNeil,Everton,2027,183.0,68.0,12500000.0,38000.0,20.31,162337.66
,26,77,78,244380,Left,70,77,79,69,76,70,72,77,78,9,8,9,2,2,,,,V. Mykolenko,LB LM,LB,V. Mykolenko,Everton,2028,180.0,71.0,11500000.0,38000.0,21.91,149350.65
,28,77,77,221479,Right,68,77,69,84,35,66,74,31,23,12,12,7,2,3,,,,D. Calvert-Lewin,ST,ST,D. Calvert-Lewin,Leeds United,2028,189.0,80.0,11000000.0,62000.0,22.4,142857.14
,27,77,78,229266,Right,72,79,77,82,76,49,70,76,78,10,13,11,3,2,,,,J. Rodon,CB,CB,J. Rodon,Leeds United,2028,193.0,88.0,10500000.0,52000.0,23.62,136363.64
,26,77,78,236822,Left,86,88,85,73,72,68,72,74,74,12,10,6,3,3,,,,G. Gudmundsson,LB CB LM,LB,G. Gudmundsson,Leeds United,2029,180.0,78.0,11500000.0,52000.0,24.07,149350.65
,26,77,79,244238,Right,63,64,79,81,78,66,70,75,74,13,7,10,3,2,,,,J. Bijol,CB,CB,J. Bijol,Leeds United,2030,190.0,85.0,11500000.0,52000.0,23.55,149350.65
,22,77,84,263063,Right,54,52,40,55,20,60,64,16,19,77,75,75,3,1,,,,J. Trafford,GK,GK,J. Trafford,Manchester City,2030,192.0,83.0,18500000.0,44000.0,22.52,240259.74
,20,77,84,271574,Right,78,75,72,47,75,76,77,76,74,11,8,12,3,3,,,,R. Lewis,RB LB CM,RB,R. Lewis,Manchester City,2030,170.0,64.0,20000000.0,65000.0,22.15,259740.26
,24,77,82,250961,Right,73,67,69,84,40,79,79,36,35,6,11,8,3,4,,,,J. Zirkzee,ST CAM,ST,J. Zirkzee,Manchester United,2029,193.0,89.0,16000000.0,68000.0,23.89,207792.21
,20,77,84,277432,Left,84,87,75,74,73,71,75,71,73,11,8,11,2,3,,,,P. Dorgu,LM LB RM LW,LM,P. Dorgu,Manchester United,2030,185.0,70.0,21000000.0,52000.0,20.45,272727.27
,27,77,79,233934,Right,47,50,40,64,24,65,60,16,15,77,76,74,3,1,,,,A. Ramsdale,GK,GK,A. Ramsdale,"Newcastle United Jun 30, 2026 On loan",,190.0,77.0,9500000.0,34000.0,21.33,123376.62
,24,77,81,246923,Right,76,77,79,69,68,77,79,74,64,14,9,6,4,3,,,,J. Ramsey,CM LW CAM,CM,J. Ramsey,Newcastle United,2030,180.0,72.0,15000000.0,81000.0,22.22,194805.19
,24,77,81,79402,Right,68,71,72,79,29,72,75,35,24,11,6,14,3,3,,,,Igor Jesus,ST,ST,Igor Jesus,Nottingham Forest,2029,180.0,73.0,15500000.0,72000.0,22.53,201298.7
,24,77,80,257980,Right,86,92,72,65,62,70,74,67,65,10,14,15,3,3,,,,D. Ndoye,LM RM ST LW,LM,D. Ndoye,Nottingham Forest,2030,184.0,79.0,14500000.0,66000.0,23.33,188311.69
,20,77,85,268421,Right,85,87,67,67,18,71,74,27,32,12,9,7,4,4,,,,M. Tel,ST LW LM CAM,ST,M. Tel,Tottenham Hotspur,2031,183.0,77.0,23500000.0,68000.0,22.99,305194.81
,19,77,86,270208,Right,70,73,77,72,76,73,78,76,74,15,12,6,4,2,,,,A. Gray,CDM CB RB CM,CDM,A. Gray,Tottenham Hotspur,2030,187.0,70.0,21500000.0,53000.0,20.02,279220.78
,20,77,84,270579,Right,87,85,68,43,23,73,72,30,28,5,10,11,4,3,,,,W. Odobert,LW LM RM,LW,W. Odobert,Tottenham Hotspur,2029,182.0,75.0,21000000.0,66000.0,22.64,272727.27
,33,77,77,196978,Right,73,72,45,68,40,69,77,40,27,10,15,10,3,3,,,,C. Wilson,ST,ST,C. Wilson,West Ham United,2029,180.0,66.0,6500000.0,68000.0,20.37,84415.58
,27,77,78,229942,Right,50,60,58,88,76,55,74,77,75,12,8,8,2,2,,,,A. Disasi,CB RB,CB,A. Disasi,"West Ham United Jun 30, 2026 On loan",,191.0,86.0,10500000.0,89000.0,23.57,136363.64
,27,77,77,242000,Right,64,76,65,88,80,44,63,78,78,12,11,10,3,2,,,,K. Mavropanos,CB,CB,K. Mavropanos,West Ham United,2028,194.0,89.0,9500000.0,57000.0,23.65,123376.62
,23,77,83,251810,Right,82,85,61,94,26,58,78,23,24,10,11,8,4,3,,,,B. Brobbey,ST,ST,B. Brobbey,Sunderland,2030,180.0,78.0,17000000.0,52000.0,24.07,220779.22
,21,77,83,264293,Right,74,67,77,69,76,77,77,76,70,8,12,7,2,2,,,,H. Diarra,CM CAM CDM,CM,H. Diarra,Sunderland,2030,178.0,75.0,17000000.0,40000.0,23.67,220779.22
,25,77,79,235883,Left,79,78,71,62,74,75,77,74,72,6,11,8,3,4,,,,R. Sessegnon,LB LM,LB,R. Sessegnon,Fulham FC,2027,178.0,70.0,12000000.0,65000.0,22.09,155844.16
,24,77,80,240273,Right,76,69,64,61,47,77,78,57,40,11,8,8,4,4,,,,E. Smith Rowe,CAM CM LM,CAM,E. Smith Rowe,Fulham FC,2029,182.0,73.0,14500000.0,63000.0,22.04,188311.69
,35,77,77,188377,Right,83,81,72,77,77,69,75,75,77,12,6,15,2,3,,,,K. Walker,RB CM,RB,K. Walker,Burnley,2027,183.0,83.0,3200000.0,40000.0,24.78,41558.44
,29,77,77,228151,Right,69,55,86,63,75,74,80,76,73,9,12,11,3,3,,,,J. Cullen,CDM CM,CDM,J. Cullen,Burnley,2027,175.0,70.0,9000000.0,55000.0,22.86,116883.12
,25,77,78,234569,Right,55,55,70,75,83,69,74,79,81,6,14,10,3,2,,,,Florentino,CDM CM,CDM,Florentino,"Burnley Jun 30, 2026 On loan",,184.0,76.0,11000000.0,18000.0,22.45,142857.14
,30,77,77,206516,Left,54,48,69,60,78,78,77,77,75,7,15,9,3,3,,,,W. Hughes,CDM CM,CDM,W. Hughes,Crystal Palace,2027,185.0,74.0,9000000.0,71000.0,21.62,116883.12
,30,77,77,213991,Right,65,68,77,74,78,63,72,76,76,16,14,7,3,3,,,,J. Lerma,CDM CM CB,CDM,J. Lerma,Crystal Palace,2030,179.0,70.0,9000000.0,71000.0,21.85,116883.12
,25,77,80,238756,Right,72,78,78,86,26,70,73,27,23,7,14,8,3,3,,,,J. Strand Larsen,ST,ST,J. Strand Larsen,Crystal Palace,2030,194.0,79.0,14000000.0,74000.0,20.99,181818.18
,25,77,78,242619,Right,58,63,63,74,78,72,75,77,79,10,14,12,3,3,,,,C. Doucouré,CDM CM CB,CDM,C. Doucoure,Crystal Palace,2029,180.0,73.0,11000000.0,65000.0,22.53,142857.14
,33,77,77,199915,Right,33,41,62,84,77,67,79,78,77,15,16,12,2,2,,,,L. Dunk,CB,CB,L. Dunk,Brighton & Hove Albion,2027,192.0,88.0,5000000.0,76000.0,23.87,64935.06
,24,77,81,240734,Left,63,59,77,72,67,81,79,70,65,14,12,13,4,3,,,,M. O'Riley,CAM CM CDM,CAM,M. O'Riley,Brighton & Hove Albion,2029,187.0,80.0,15000000.0,67000.0,22.88,194805.19
,23,77,83,245637,Left,76,77,79,76,56,77,77,67,50,6,10,10,5,5,,,,G. Rutter,CAM ST,CAM,G. Rutter,Brighton & Hove Albion,2029,182.0,83.0,16500000.0,67000.0,25.06,214285.71
,22,77,84,269278,Right,71,73,75,75,72,79,77,73,68,6,6,6,3,3,,,,D. Gómez,CDM CM LM,CDM,D. Gomez,Brighton & Hove Albion,2030,183.0,77.0,20000000.0,62000.0,22.99,259740.26
,27,77,78,235167,Left,64,55,79,76,77,74,75,76,72,6,8,6,3,3,,,,V. Janelt,CDM CM,CDM,V. Janelt,Brentford,2030,184.0,79.0,11000000.0,61000.0,23.33,142857.14
,23,77,83,242453,Right,68,77,71,79,76,62,74,80,73,11,14,9,3,2,,,,S. van den Berg,CB,CB,S. van den Berg,Brentford,2029,192.0,87.0,15000000.0,53000.0,23.6,194805.19
,21,77,83,270608,Right,68,65,75,68,75,77,76,77,73,9,9,9,3,3,,,,Y. Yarmoliuk,CDM CM,CDM,Y. Yarmoliuk,Brentford,2031,180.0,72.0,15500000.0,45000.0,22.22,201298.7
,25,77,80,255223,Left,87,82,64,67,30,73,71,38,35,10,8,8,3,4,,,,A. Adli,ST LM CAM,ST,A. Adli,AFC Bournemouth,2030,174.0,72.0,14000000.0,67000.0,23.78,181818.18
,20,77,84,278928,Right,87,84,75,46,75,69,76,78,73,9,8,10,4,2,,,,Álex Jiménez,RB RM,RB,Alex Jimenez,AFC Bournemouth,2031,171.0,66.0,20000000.0,45000.0,22.57,259740.26
,30,77,77,212613,Right,74,74,67,59,23,74,80,25,23,11,9,12,3,4,,,,W. Saïd,LW ST LM,LW,W. Said,RC Lens,2030,171.0,72.0,10000000.0,30000.0,24.62,129870.13
,28,77,77,216388,Right,91,89,72,73,23,70,77,25,23,10,9,7,4,5,,,,A. Saint-Maximin,LW LM,LW,A. Saint-Maximin,RC Lens,2030,173.0,67.0,10500000.0,30000.0,22.39,136363.64
,32,77,77,221284,Right,66,66,72,79,77,60,75,79,78,8,13,12,3,2,,,,J. Gradit,CB,CB,J. Gradit,RC Lens,2028,180.0,75.0,7000000.0,27000.0,23.15,90909.09
,32,77,77,223597,Right,73,62,90,66,76,72,74,77,75,15,8,10,2,3,,,,R. Aguilar,RB RM,RB,R. Aguilar,RC Lens,2030,172.0,69.0,7500000.0,27000.0,23.32,97402.6
,27,77,77,233866,Right,67,69,64,82,39,69,76,46,28,7,6,11,4,4,,,,O. Édouard,ST,ST,O. Edouard,RC Lens,2028,187.0,83.0,11500000.0,30000.0,23.74,149350.65
,33,77,77,201143,Right,59,55,60,78,76,68,74,77,73,15,16,10,3,2,,,,A. Mandi,CB RB,CB,A. Mandi,Lille OSC,2029,186.0,82.0,5000000.0,29000.0,23.7,64935.06
,33,77,77,202371,Right,62,68,80,84,76,73,74,74,77,8,13,6,4,3,,,,T. Meunier,RB RM,RB,T. Meunier,Lille OSC,2029,191.0,90.0,5500000.0,29000.0,24.67,71428.57
,30,77,77,213296,Left,51,50,64,76,73,80,80,74,66,9,10,9,2,4,,,,N. Bentaleb,CDM CM,CDM,N. Bentaleb,Lille OSC,2030,187.0,78.0,9000000.0,29000.0,22.31,116883.12
,29,77,77,232360,Right,82,79,82,61,25,76,73,34,28,12,14,8,4,3,,,,G. Perrin,RM LM RW,RM,G. Perrin,Lille OSC,2028,169.0,63.0,10500000.0,30000.0,22.06,136363.64
,27,77,77,225782,Right,76,81,77,73,73,76,82,76,77,15,9,10,3,3,,,,A. Maitland-Niles,RB RM CM,RB,A. Maitland-Niles,Olympique Lyonnais,2027,180.0,71.0,10000000.0,21000.0,21.91,129870.13
,32,77,77,195864,Right,60,68,55,88,60,82,82,61,58,5,6,4,4,5,,,,P. Pogba,CM CDM CAM,CM,P. Pogba,AS Monaco,2027,191.0,84.0,8500000.0,33000.0,23.03,110389.61
,27,77,77,232440,Left,76,79,81,57,73,77,80,75,71,11,15,6,2,3,,,,Caio Henrique,LB LM,LB,Caio Henrique,AS Monaco,2027,178.0,70.0,10000000.0,30000.0,22.09,129870.13
,27,77,80,239364,Right,48,43,28,63,12,54,32,13,14,78,74,75,2,1,,,,P. Köhn,GK,GK,P. Kohn,AS Monaco,2028,190.0,80.0,10500000.0,19000.0,22.16,136363.64
,26,77,80,244915,Left,55,62,67,87,80,24,70,79,75,7,7,10,3,2,,,,M. Salisu,CB,CB,M. Salisu,AS Monaco,2028,191.0,85.0,12000000.0,30000.0,23.3,155844.16
,24,77,83,263781,Right,79,78,77,67,72,74,74,74,74,8,8,6,3,3,,,,Vanderson,RB RM,RB,Vanderson,AS Monaco,2028,173.0,74.0,15500000.0,26000.0,24.73,201298.7
,22,77,84,270050,Right,69,79,73,79,24,68,77,23,28,10,10,15,3,3,,,,M. Biereth,ST,ST,M. Biereth,AS Monaco,2030,187.0,78.0,21500000.0,30000.0,22.31,279220.78
,25,77,82,235633,Right,52,48,44,62,15,41,46,11,16,77,76,75,3,1,,,,Y. Diouf,GK,GK,Y. Diouf,OGC Nice,2030,190.0,74.0,12500000.0,15000.0,20.5,162337.66
,26,77,80,244889,Right,62,50,85,75,76,75,71,74,72,14,12,7,3,2,,,,C. Vanhoutte,CDM CM,CDM,C. Vanhoutte,OGC Nice,2029,182.0,76.0,12500000.0,26000.0,22.94,162337.66
,24,77,81,254548,Left,77,78,81,74,75,64,70,77,73,12,12,7,3,3,,,,M. Bard,LB LM CB,LB,M. Bard,OGC Nice,2028,173.0,65.0,14000000.0,22000.0,21.72,181818.18
,19,77,86,70004,Left,76,74,76,52,71,76,78,69,55,5,10,6,5,3,,,,S. Mayulu,CM ST CDM,CM,S. Mayulu,Paris Saint-Germain,2027,183.0,69.0,22500000.0,46000.0,20.6,292207.79
,28,77,77,222357,Right,73,82,68,85,44,74,74,63,38,13,6,7,4,3,,,,B. Embolo,ST,ST,B. Embolo,Stade Rennais FC,2029,187.0,88.0,11000000.0,31000.0,25.17,142857.14
,26,77,78,235973,Left,79,75,84,57,51,78,76,60,57,9,10,14,2,3,,,,S. Szymański,CAM CM RW,CAM,S. Szymanski,Stade Rennais FC,2029,174.0,63.0,12500000.0,28000.0,20.81,162337.66
,27,77,78,243631,Right,68,78,80,74,79,77,75,78,75,6,11,9,2,3,,,,M. Camara,CM CDM CAM,CM,M. Camara,Stade Rennais FC,2029,179.0,73.0,12000000.0,27000.0,22.78,155844.16
,28,77,77,229984,Left,69,70,62,68,76,73,75,77,77,10,7,7,3,3,,,,B. Chilwell,LB LM,LB,B. Chilwell,RC Strasbourg Alsace,2027,180.0,77.0,9500000.0,49000.0,23.77,123376.62
,21,77,83,257090,Right,59,67,70,80,76,66,71,79,78,9,14,11,3,2,,,,I. Doukouré,CB CDM CM,CB,I. Doukoure,RC Strasbourg Alsace,2028,183.0,83.0,15500000.0,34000.0,24.78,201298.7
,19,77,86,270821,Left,17,29,26,72,9,55,41,10,14,79,76,74,2,1,,,,M. Penders,GK,GK,M. Penders,"RC Strasbourg Alsace Jun 30, 2026 On loan",,200.0,95.0,19500000.0,28000.0,23.75,253246.75
,22,77,85,273748,Right,63,73,81,86,11,69,73,16,18,9,15,7,3,3,,,,J. Panichelli,ST,ST,J. Panichelli,RC Strasbourg Alsace,2030,190.0,82.0,24000000.0,47000.0,22.71,311688.31
,22,77,82,275208,Right,65,77,76,80,76,69,75,76,75,11,14,14,3,3,,,,G. Doué,RB CB RM,RB,G. Doue,RC Strasbourg Alsace,2029,187.0,84.0,15000000.0,40000.0,24.02,194805.19
,32,77,77,201455,Left,56,64,72,85,76,73,77,80,74,15,10,8,3,3,,,,G. Kondogbia,CDM CB CM,CDM,G. Kondogbia,Olympique de Marseille,2027,188.0,80.0,7000000.0,38000.0,22.63,90909.09
,30,77,77,210736,Left,73,69,79,68,76,67,77,75,75,8,15,7,2,3,,,,Emerson,LB LM,LB,Emerson,Olympique de Marseille,2027,176.0,76.0,9000000.0,38000.0,24.54,116883.12
,25,77,78,240787,Right,80,82,68,58,41,73,67,60,61,8,10,12,3,3,,,,H. Traoré,LM CAM LW,LM,H. Traore,"Olympique de Marseille Jun 30, 2026 On loan",,177.0,70.0,12500000.0,61000.0,22.34,162337.66
,25,77,78,241496,Right,86,88,70,59,66,69,74,69,70,7,9,15,3,3,,,,T. Weah,RM RB LM,RM,T. Weah,"Olympique de Marseille Jun 30, 2026 On loan",,182.0,66.0,12500000.0,86000.0,19.93,162337.66
,20,77,86,269859,Right,75,65,76,61,77,81,79,64,59,9,6,9,4,3,,,,A. Vermeeren,CM CDM,CM,A. Vermeeren,"Olympique de Marseille Jun 30, 2026 On loan",,180.0,74.0,23000000.0,35000.0,22.84,298701.3
,30,77,77,215410,Right,47,46,67,82,80,38,73,79,77,10,14,11,3,2,,,,B. Chardonnet,CB,CB,B. Chardonnet,Stade Brestois 29,2027,181.0,74.0,8500000.0,25000.0,22.59,110389.61
,31,77,77,219733,Left,52,72,67,94,39,74,82,45,35,8,13,14,3,3,,,,L. Ajorque,ST,ST,L. Ajorque,Stade Brestois 29,2027,196.0,93.0,9000000.0,28000.0,24.21,116883.12
,22,77,83,254121,Right,55,63,65,80,73,33,72,79,74,11,11,10,3,2,,,,C. Cresswell,CB,CB,C. Cresswell,Toulouse FC,2028,191.0,77.0,15500000.0,21000.0,21.11,201298.7
,35,77,77,192387,Right,68,68,67,72,40,71,76,33,32,6,8,12,4,3,,,,C. Immobile,ST CAM,ST,C. Immobile,Paris FC,2028,185.0,85.0,4500000.0,39000.0,24.84,58441.56
,33,77,77,219789,Right,75,78,77,73,72,66,72,77,74,10,14,7,3,3,,,,H. Traoré,RB RM,RB,H. Traore,Paris FC,2027,175.0,64.0,5500000.0,45000.0,20.9,71428.57
,32,77,77,230020,Right,61,54,78,68,79,77,77,73,65,14,6,9,4,3,,,,P. Lees-Melou,CDM CM,CDM,P. Lees-Melou,Paris FC,2027,186.0,70.0,7000000.0,45000.0,20.23,90909.09
,26,77,77,257118,Left,83,71,83,40,17,78,80,20,21,9,11,11,2,4,,,,I. Kebbal,RW RM CAM,RW,I. Kebbal,Paris FC,2028,169.0,60.0,11500000.0,48000.0,21.01,149350.65
,21,77,85,263887,Right,31,33,24,51,14,45,42,14,10,78,75,77,4,1,,,,J. Urbig,GK,GK,J. Urbig,FC Bayern München,2029,189.0,85.0,20500000.0,18000.0,23.8,266233.77
,23,77,81,259075,Right,84,69,74,51,74,75,65,72,77,9,6,8,3,4,,,,Yan Couto,RB RM,RB,Yan Couto,Borussia Dortmund,2030,168.0,60.0,14000000.0,34000.0,21.26,181818.18
,19,77,83,270964,Right,68,71,84,77,86,74,70,80,76,10,10,15,3,3,,,,J. Bellingham,CM CDM,CM,J. Bellingham,Borussia Dortmund,2030,191.0,75.0,16000000.0,29000.0,20.56,207792.21
,27,77,79,235018,Right,18,26,28,74,15,51,55,17,13,81,78,77,2,1,,,,M. Nicolas,GK,GK,M. Nicolas,Borussia Mönchengladbach,2029,193.0,89.0,9500000.0,18000.0,23.89,123376.62
,26,77,77,239367,Right,84,73,81,58,29,68,68,31,29,8,9,10,4,4,,,,R. Hack,LM ST CAM LW,LM,R. Hack,Borussia Mönchengladbach,2029,178.0,72.0,11500000.0,29000.0,22.72,149350.65
,23,77,83,257919,Right,73,69,79,55,86,75,74,77,78,8,8,15,4,3,,,,R. Reitz,CM CDM RM,CM,R. Reitz,Borussia Mönchengladbach,2028,176.0,72.0,16500000.0,25000.0,23.24,214285.71
,19,77,86,276694,Right,81,75,77,69,75,74,73,74,59,8,10,13,3,4,,,,J. Manzambi,CM CDM CAM,CM,J. Manzambi,SC Freiburg,2030,183.0,75.0,22500000.0,20000.0,22.4,292207.79
,25,77,81,256958,Left,73,70,66,48,59,82,76,60,48,9,5,13,3,3,,,,Fábio Vieira,CM CAM RW CDM,CM,Fabio Vieira,"Hamburger SV Jun 30, 2026 On loan",,173.0,61.0,14500000.0,95000.0,20.38,188311.69
,23,77,82,252495,Right,86,83,79,54,55,71,63,57,47,5,10,8,3,3,,,,J. Kamiński,LM CAM LW LB,LM,J. Kaminski,"1. FC Köln Jun 30, 2026 On loan",,179.0,68.0,16000000.0,37000.0,21.22,207792.21
,34,77,77,208618,Right,74,77,83,56,74,79,75,69,67,9,16,9,4,4,,,,Lucas Vázquez,RB RM,RB,Lucas Vazquez,Bayer 04 Leverkusen,2027,173.0,69.0,3900000.0,62000.0,23.05,50649.35
,32,77,77,210324,Right,69,60,73,66,75,78,79,57,57,6,6,10,4,3,,,,J. Hofmann,CAM ST CM,CAM,J. Hofmann,Bayer 04 Leverkusen,2027,176.0,72.0,8500000.0,66000.0,23.24,110389.61
,27,77,77,241925,Right,87,84,75,49,43,73,69,55,50,6,7,12,4,4,,,,C. Führich,LM LW CAM,LM,C. Fuhrich,VfB Stuttgart,2028,181.0,73.0,11000000.0,36000.0,22.28,142857.14
,27,77,79,237595,Left,67,82,75,77,78,54,73,79,81,11,15,6,2,2,,,,M. Friedl,CB LB,CB,M. Friedl,SV Werder Bremen,2027,187.0,82.0,11000000.0,27000.0,23.45,142857.14
,30,77,77,224251,Right,60,64,29,83,18,22,46,17,13,80,72,72,3,1,,,,R. Zentner,GK,GK,R. Zentner,1. FSV Mainz 05,2028,194.0,96.0,7000000.0,19000.0,25.51,90909.09
,28,77,77,234678,Right,77,73,83,74,75,66,73,73,73,12,8,10,3,3,,,,J. Mæhle,LB RB LM,LB,J. Mæhle,VfL Wolfsburg,2027,185.0,79.0,9500000.0,43000.0,23.08,123376.62
,27,77,77,244261,Left,76,65,84,65,63,77,77,58,66,9,12,5,3,4,,,,L. Majer,CAM CM RM,CAM,L. Majer,VfL Wolfsburg,2028,178.0,76.0,11000000.0,44000.0,23.99,142857.14
,24,77,83,254566,Right,82,84,77,73,48,77,70,47,45,12,13,14,4,5,,,,P. Wimmer,LM CAM CM LW,LM,P. Wimmer,VfL Wolfsburg,2027,182.0,77.0,16500000.0,37000.0,23.25,214285.71
,30,77,77,225126,Right,65,64,83,69,79,71,77,77,73,15,14,14,3,3,,,,E. Skhiri,CDM CM CB,CDM,E. Skhiri,Eintracht Frankfurt,2027,185.0,74.0,9000000.0,31000.0,21.62,116883.12
,23,77,81,257540,Right,88,89,76,55,59,72,71,57,48,8,13,14,3,3,,,,A. Knauff,LM CAM RM LW,LM,A. Knauff,Eintracht Frankfurt,2028,180.0,73.0,15000000.0,27000.0,22.53,194805.19
,21,77,85,268896,Right,72,81,81,74,77,78,83,70,60,14,7,12,3,3,,,,H. Larsson,CM CDM,CM,H. Larsson,Eintracht Frankfurt,2029,187.0,79.0,23500000.0,23000.0,22.59,305194.81
,21,77,84,265576,Right,39,51,68,85,73,60,73,79,76,12,6,9,3,2,,,,L. Querfeld,CB,CB,L. Querfeld,1. FC Union Berlin,2029,190.0,83.0,20000000.0,24000.0,22.99,259740.26
,19,77,86,71418,Left,90,92,66,50,21,68,58,35,25,5,8,6,3,4,,,,B. Touré,LM CAM LW,LM,B. Toure,TSG 1899 Hoffenheim,2029,175.0,68.0,23000000.0,24000.0,22.2,298701.3
,30,77,77,228595,Right,65,59,78,76,75,76,76,75,71,8,14,10,4,3,,,,G. Prömel,CM CDM,CM,G. Promel,TSG 1899 Hoffenheim,2030,184.0,81.0,10000000.0,36000.0,23.92,129870.13
,24,77,79,244050,Left,74,76,83,81,73,77,74,78,72,10,5,6,4,3,,,,W. Burger,CM CDM,CM,W. Burger,TSG 1899 Hoffenheim,2030,191.0,83.0,13500000.0,30000.0,22.75,175324.68
,22,77,83,246618,Right,78,78,77,83,23,76,76,32,23,11,10,11,4,3,,,,A. Hložek,ST RM CAM,ST,A. Hlozek,TSG 1899 Hoffenheim,2029,188.0,84.0,17000000.0,33000.0,23.77,220779.22
,21,77,83,276969,Right,64,57,88,68,75,78,75,69,64,10,13,7,3,2,,,,L. Avdullahu,CDM CM CB,CDM,L. Avdullahu,TSG 1899 Hoffenheim,2028,185.0,79.0,15500000.0,24000.0,23.08,201298.7
,33,77,77,202201,Right,66,68,70,78,79,71,74,80,74,13,7,13,2,2,,,,J. Gouweleeuw,CB,CB,J. Gouweleeuw,FC Augsburg,2027,188.0,83.0,5000000.0,34000.0,23.48,64935.06
,23,77,85,258432,Right,64,84,72,82,76,51,74,78,70,12,8,6,3,2,,,,C. Matsima,CB,CB,C. Matsima,FC Augsburg,2030,193.0,80.0,22000000.0,28000.0,21.48,285714.29
,23,77,85,242879,Right,43,40,38,59,14,64,56,10,18,79,76,75,3,1,,,,M. Vandevoordt,GK,GK,M. Vandevoordt,RB Leipzig,2030,192.0,81.0,20000000.0,23000.0,21.97,259740.26
,22,77,84,265450,Left,87,83,70,68,33,73,70,35,27,7,14,6,3,4,,,,J. Bakayoko,RW RM,RW,J. Bakayoko,RB Leipzig,2030,179.0,76.0,21500000.0,44000.0,23.72,279220.78
,25,77,78,247229,Right,82,90,81,71,69,68,66,73,71,8,8,8,3,3,,,,R. Bellanova,RM RB RW,RM,R. Bellanova,Atalanta,2029,188.0,82.0,12500000.0,53000.0,23.2,162337.66
,23,77,82,256115,Left,75,64,59,64,64,78,71,65,58,11,14,11,3,4,,,,L. Samardžić,CAM CM,CAM,L. Samardzic,Atalanta,2029,184.0,70.0,16000000.0,50000.0,20.68,207792.21
,23,77,79,262113,Right,80,85,75,49,64,74,72,67,64,10,5,8,5,3,,,,N. Zalewski,LM CAM RM LW,LM,N. Zalewski,Atalanta,2029,175.0,68.0,13500000.0,49000.0,22.2,175324.68
,21,77,83,276278,Right,72,71,90,68,64,79,84,65,62,10,5,14,4,3,,,,P. Sučić,CM CAM CDM,CM,P. Sucic,Inter,2028,183.0,76.0,17000000.0,22000.0,22.69,220779.22
,32,77,77,224031,Right,79,80,77,77,75,60,75,74,75,8,9,10,4,3,,,,A. Marušić,RB LB RM,RB,A. Marusic,Lazio,2030,185.0,81.0,7500000.0,32000.0,23.67,97402.6
,24,77,83,254840,Left,70,78,85,83,73,31,70,74,77,12,14,10,3,2,,,,S. Pavlović,CB,CB,S. Pavlovic,AC Milan,2028,194.0,85.0,15000000.0,35000.0,22.58,194805.19
,22,77,86,257186,Left,77,74,87,80,74,76,76,72,68,8,7,13,4,2,,,,A. Jashari,CDM CM,CDM,A. Jashari,AC Milan,2030,181.0,81.0,22500000.0,35000.0,24.72,292207.79
,27,77,77,240716,Left,69,71,78,67,79,62,68,78,75,14,14,13,3,3,,,,M. Olivera,LB CB LM CM,LB,M. Olivera,Napoli,2027,184.0,78.0,10000000.0,73000.0,23.04,129870.13
,25,77,77,241390,Right,77,68,75,64,69,77,70,67,62,8,5,6,4,4,,,,E. Elmas,CAM CM LM,CAM,E. Elmas,"Napoli Jun 30, 2026 On loan",,184.0,80.0,11500000.0,46000.0,23.63,149350.65
,29,77,77,232223,Left,79,78,69,69,77,73,71,77,75,8,12,13,3,3,,,,K. Tsimikas,LB LM,LB,K. Tsimikas,"Roma Jun 30, 2026 On loan",,179.0,77.0,9500000.0,80000.0,24.03,123376.62
,23,77,83,271916,Right,85,79,61,33,23,62,58,32,38,10,11,12,4,4,,,,Bryan Zaragoza,LW LM CAM,LW,Bryan Zaragoza,"Roma Jun 30, 2026 On loan",,164.0,61.0,16500000.0,49000.0,22.68,214285.71
,32,77,77,201389,Left,73,71,76,66,75,72,82,75,72,12,6,10,3,3,,,,C. Biraghi,LB LM,LB,C. Biraghi,Torino,2027,185.0,78.0,7500000.0,38000.0,22.79,97402.6
,26,77,78,234671,Left,74,73,79,75,36,77,72,39,28,8,13,8,3,3,,,,J. Odgaard,CAM CM,CAM,J. Odgaard,Bologna,2027,191.0,84.0,12500000.0,46000.0,23.03,162337.66
,25,77,80,257290,Right,85,83,83,60,71,73,70,69,69,9,5,10,4,3,,,,João Mário,RB RM,RB,Joao Mario,"Bologna Jun 30, 2026 On loan",,178.0,73.0,13000000.0,82000.0,23.04,168831.17
,20,77,84,267861,Right,80,78,60,67,39,59,74,38,40,14,13,12,4,4,,,,S. Castro,ST,ST,S. Castro,Bologna,2028,178.0,86.0,21000000.0,37000.0,27.14,272727.27
,19,77,85,75055,Right,83,78,65,60,33,76,70,39,38,8,11,8,3,3,,,,Jesús Rodríguez,LM RM LW,LM,Jesus Rodriguez,Como,2029,185.0,68.0,23000000.0,52000.0,19.87,298701.3
,25,77,78,239977,Left,90,92,80,67,40,74,77,52,47,5,14,13,5,4,,,,N. Kühn,RW RM LM,RW,N. Kuhn,Como,2029,174.0,74.0,12500000.0,77000.0,24.44,162337.66
,25,77,77,246791,Right,84,83,66,40,35,72,78,47,35,12,11,13,4,4,,,,M. Solomon,LM RW LW,LM,M. Solomon,"Fiorentina Jun 30, 2026 On loan",,170.0,66.0,11500000.0,78000.0,22.84,149350.65
,36,77,77,191202,Left,34,33,59,82,78,73,85,76,69,7,15,14,3,3,,,,N. Matić,CDM CM,CDM,N. Matic,Sassuolo,2028,194.0,85.0,2100000.0,17000.0,22.58,27272.73
,30,77,77,220440,Left,52,56,73,79,79,70,76,76,74,10,10,12,4,2,,,,C. Lenglet,CB,CB,C. Lenglet,Atlético Madrid,2028,186.0,81.0,8500000.0,55000.0,23.41,110389.61
,27,77,77,233084,Right,82,83,78,64,74,76,74,76,75,12,13,5,3,3,,,,N. Molina,RB CDM,RB,N. Molina,Atlético Madrid,2027,175.0,70.0,10000000.0,52000.0,22.86,129870.13
,25,77,80,246606,Left,88,86,83,71,73,67,69,79,73,9,6,9,3,3,,,,Fran García,LB LM,LB,Fran Garcia,Real Madrid,2027,169.0,63.0,13000000.0,115000.0,22.06,168831.17
,17,77,87,279173,Left,79,73,73,60,53,78,78,51,49,7,13,6,3,3,,,,F. Mastantuono,RM RW,RM,F. Mastantuono,Real Madrid,2031,178.0,74.0,22000000.0,66000.0,23.36,285714.29
,24,77,82,263617,Right,70,66,78,72,76,74,77,78,73,15,8,9,3,2,,,,Beñat Prados,CDM CM CB,CDM,Benat Prados,Athletic Club,2031,180.0,72.0,14500000.0,32000.0,22.22,188311.69
,30,77,77,221087,Left,45,52,42,52,16,67,62,20,11,76,76,77,3,1,,,,Pau López,GK,GK,Pau Lopez,Real Betis Balompié,2028,189.0,77.0,7000000.0,18000.0,21.56,90909.09
,29,77,77,241867,Right,80,82,67,69,70,74,70,69,71,9,14,15,3,3,,,,Aitor Ruibal,RM RB LM,RM,Aitor Ruibal,Real Betis Balompié,2028,176.0,74.0,10500000.0,29000.0,23.89,136363.64
,28,77,77,246608,Right,78,80,82,58,64,78,77,63,58,10,9,11,4,4,,,,Fidalgo,CM CAM CDM,CM,Fidalgo,Real Betis Balompié,2030,174.0,68.0,10500000.0,29000.0,22.46,136363.64
,27,77,79,246657,Right,40,42,40,65,15,67,45,10,9,77,76,77,4,1,,,,Álvaro Valles,GK,GK,Alvaro Valles,Real Betis Balompié,2030,191.0,82.0,9500000.0,17000.0,22.48,123376.62
,23,77,83,276471,Right,68,73,75,80,77,76,74,78,72,11,8,12,3,3,,,,Altimira,CDM CM,CDM,Altimira,Real Betis Balompié,2029,188.0,80.0,15500000.0,23000.0,22.63,201298.7
,28,77,77,229862,Right,64,65,75,65,76,81,77,75,72,9,15,6,5,3,,,,Edu Expósito,CAM CM CDM,CAM,Edu Exposito,RCD Espanyol,2027,178.0,68.0,10500000.0,25000.0,21.46,136363.64
,27,77,77,244622,Right,82,80,82,73,52,77,77,53,37,8,9,8,3,4,,,,Puado,LW ST CAM LM,LW,Puado,RCD Espanyol,2030,177.0,69.0,11000000.0,25000.0,22.02,142857.14
,32,77,77,214026,Left,86,87,71,69,72,65,75,75,72,13,8,9,2,3,,,,J. Mojica,LB LM,LB,J. Mojica,RCD Mallorca,2027,185.0,66.0,7500000.0,31000.0,19.28,97402.6
,29,77,77,219585,Right,66,59,82,85,71,53,60,80,78,8,15,9,2,2,,,,M. Valjent,CB,CB,M. Valjent,RCD Mallorca,2029,187.0,70.0,9000000.0,31000.0,20.02,116883.12
,24,77,83,258466,Right,49,48,44,68,14,49,46,14,15,78,74,75,3,1,,,,Leo Román,GK,GK,Leo Roman,RCD Mallorca,2030,189.0,83.0,13500000.0,15000.0,23.24,175324.68
,22,77,85,74091,Right,70,73,90,78,79,70,71,78,75,7,13,5,3,2,,,,Gorrotxa,CDM CM,CDM,Gorrotxa,Real Sociedad,2027,177.0,70.0,22500000.0,30000.0,22.34,292207.79
,28,77,78,233738,Right,73,76,77,81,80,72,73,76,74,6,8,10,3,2,,,,Zubeldia,CB,CB,Zubeldia,Real Sociedad,2029,181.0,73.0,10000000.0,36000.0,22.28,129870.13
,22,77,83,259848,Right,78,75,80,68,77,70,71,75,77,12,7,13,3,2,,,,J. Aramburu,RB,RB,J. Aramburu,Real Sociedad,2030,176.0,71.0,16000000.0,30000.0,22.92,207792.21
,19,77,86,277225,Right,64,72,69,80,79,59,66,75,73,14,12,8,3,2,,,,Jon Martín,CB,CB,Jon Martin,Real Sociedad,2030,185.0,83.0,21000000.0,24000.0,24.25,272727.27
,31,77,77,211348,Right,35,38,40,72,21,51,53,19,17,76,76,76,2,1,,,,S. Dimitrievski,GK,GK,S. Dimitrievski,Valencia CF,2029,188.0,84.0,5500000.0,24000.0,23.77,71428.57
,30,77,77,211688,Left,77,78,76,66,76,75,75,76,76,13,10,12,3,4,,,,Gayà,LB LM,LB,Gaya,Valencia CF,2027,172.0,66.0,9000000.0,36000.0,22.31,116883.12
,31,77,77,224415,Left,80,84,77,50,58,71,70,49,49,6,9,12,4,3,,,,Luis Rioja,RM LM RW,RM,Luis Rioja,Valencia CF,2027,176.0,70.0,8500000.0,38000.0,22.6,110389.61
,25,77,79,243032,Left,74,73,76,76,55,73,79,45,40,8,14,14,4,3,,,,Hugo Duro,ST,ST,Hugo Duro,Valencia CF,2028,177.0,70.0,13500000.0,38000.0,22.34,175324.68
,23,77,82,264238,Right,84,83,75,60,35,75,66,30,30,14,15,14,4,3,,,,Diego López,LW RM ST LM,LW,Diego Lopez,Valencia CF,2029,172.0,62.0,16000000.0,34000.0,20.96,207792.21
,29,77,77,222041,Right,68,70,73,86,58,73,72,56,37,14,7,15,2,4,,,,L. Boyé,ST,ST,L. Boye,Deportivo Alavés,2029,183.0,79.0,10500000.0,33000.0,23.59,136363.64
,28,77,79,222464,Right,58,55,42,63,24,45,53,17,12,77,75,76,3,1,,,,Sivera,GK,GK,Sivera,Deportivo Alavés,2027,184.0,75.0,9000000.0,19000.0,22.15,116883.12
,28,77,77,234826,Right,74,82,75,83,23,66,69,34,23,11,11,7,3,3,,,,Toni Martínez,ST,ST,Toni Martinez,Deportivo Alavés,2028,187.0,83.0,11000000.0,33000.0,23.74,142857.14
,29,77,77,240953,Right,70,73,80,76,80,68,76,77,75,12,7,8,3,3,,,,N. Tenaglia,CB RB LB,CB,N. Tenaglia,Deportivo Alavés,2027,180.0,73.0,9000000.0,29000.0,22.53,116883.12
,34,77,77,193314,Right,58,53,39,52,24,47,55,13,12,77,74,76,2,1,,,,Aitor Fernández,GK,GK,Aitor Fernandez,CA Osasuna,2027,182.0,78.0,1800000.0,22000.0,23.55,23376.62
,30,77,77,208137,Right,48,50,77,76,75,72,70,76,74,13,14,12,3,2,,,,Lucas Torró,CDM CM,CDM,Lucas Torro,CA Osasuna,2027,190.0,77.0,9000000.0,33000.0,21.33,116883.12
,27,77,77,247495,Right,64,63,78,75,75,77,74,77,76,7,7,11,4,3,,,,Moncayola,CM CDM RM,CM,Moncayola,CA Osasuna,2031,189.0,86.0,11000000.0,33000.0,24.08,142857.14
,23,77,82,258937,Right,70,65,78,64,73,78,75,71,60,6,6,6,3,3,,,,Aimar Oroz,CAM CM LM,CAM,Aimar Oroz,CA Osasuna,2029,177.0,72.0,16000000.0,29000.0,22.98,207792.21
,27,77,79,235662,Right,75,77,71,76,77,54,65,78,77,13,6,9,4,3,,,,A. Mumin,CB,CB,A. Mumin,Rayo Vallecano,2028,188.0,79.0,11000000.0,24000.0,22.35,142857.14
,30,77,77,243558,Right,64,64,81,71,77,73,70,77,77,11,8,10,3,2,,,,Óscar Valentín,CDM CM,CDM,Oscar Valentin,Rayo Vallecano,2027,177.0,72.0,9000000.0,25000.0,22.98,116883.12
,31,77,77,250858,Right,64,62,78,83,78,66,65,77,77,13,5,14,3,2,,,,P. Ciss,CDM CM CB,CDM,P. Ciss,Rayo Vallecano,2027,186.0,71.0,7500000.0,25000.0,20.52,97402.6
,23,77,83,264172,Right,84,86,82,72,74,72,72,74,72,9,6,7,3,3,,,,Carmona,RB CB LB CM,RB,Carmona,Sevilla FC,2028,183.0,80.0,15500000.0,26000.0,23.89,201298.7
,24,77,83,243923,Right,59,60,75,79,75,40,75,78,77,6,12,7,3,2,,,,L. Costa,CB,CB,L. Costa,Villarreal CF,2030,190.0,85.0,15000000.0,30000.0,23.55,194805.19
,21,77,83,274209,Left,79,76,72,58,44,79,76,37,29,14,8,10,3,3,,,,Carlos Álvarez,RM CAM RW,RM,Carlos Alvarez,Levante UD,2027,167.0,75.0,17000000.0,22000.0,26.89,220779.22
,33,77,77,217940,Right,68,64,74,76,78,62,74,78,75,7,15,10,4,2,,,,D. Djené,CB RB CDM,CB,D. Djene,Getafe CF,2030,178.0,71.0,5000000.0,33000.0,22.41,64935.06
,28,77,77,228635,Right,61,68,62,71,37,70,77,29,24,12,9,15,4,3,,,,Borja Mayoral,ST,ST,Borja Mayoral,Getafe CF,2027,182.0,74.0,11000000.0,37000.0,22.34,142857.14
,29,77,77,213565,Left,75,73,65,57,75,78,78,76,69,11,15,7,3,4,,,,T. Lemar,CM CAM CDM,CM,T. Lemar,"Girona FC Jun 30, 2026 On loan",,171.0,63.0,10500000.0,57000.0,21.55,136363.64
,32,77,77,217036,Left,80,77,70,63,75,74,73,75,75,15,7,11,2,3,,,,Álex Moreno,LB,LB,Alex Moreno,Girona FC,2027,179.0,68.0,7500000.0,31000.0,21.22,97402.6
,26,77,78,235997,Right,56,56,78,64,76,79,67,78,78,14,11,13,3,3,,,,Fran Beltrán,CM CDM,CM,Fran Beltran,Girona FC,2030,165.0,64.0,12500000.0,31000.0,23.51,162337.66
,26,77,78,246928,Left,73,71,76,60,73,77,76,74,66,13,6,6,3,3,,,,Iván Martín,CM CDM CAM,CM,Ivan Martin,Girona FC,2028,178.0,70.0,12500000.0,31000.0,22.09,162337.66
,23,77,82,271541,Left,80,80,77,69,31,69,75,32,20,13,14,9,4,3,,,,V. Vanat,ST,ST,V. Vanat,Girona FC,2030,182.0,69.0,16000000.0,30000.0,20.83,207792.21
,30,76,76,221660,Right,51,50,47,76,77,72,78,77,76,12,16,7,4,3,,,,V. Lindelöf,CB,CB,V. Lindelof,Aston Villa,2027,187.0,80.0,6000000.0,81000.0,22.88,78947.37
,24,76,80,242578,Left,51,68,65,83,76,65,73,77,76,8,7,15,2,2,,,,B. Badiashile,CB,CB,B. Badiashile,Chelsea,2030,194.0,86.0,9500000.0,72000.0,22.85,125000.0
,32,76,76,207599,Right,39,40,54,84,75,59,65,77,76,16,7,14,3,2,,,,M. Keane,CB,CB,M. Keane,Everton,2029,191.0,82.0,4900000.0,37000.0,22.48,64473.68
,27,76,76,251892,Right,73,75,70,91,18,59,72,20,21,15,11,6,3,3,,,,Beto,ST,ST,Beto,Everton,2027,194.0,88.0,8000000.0,41000.0,23.38,105263.16
,24,76,81,253510,Right,68,85,69,85,75,62,66,76,74,12,11,9,3,2,,,,J. O'Brien,RB CB RM,RB,J. O'Brien,Everton,2028,197.0,84.0,10500000.0,31000.0,21.64,138157.89
,22,76,80,266609,Right,66,65,73,73,78,71,75,77,76,13,12,12,4,3,,,,T. Iroegbunam,CDM CM,CDM,T. Iroegbunam,Everton,2027,183.0,70.0,10000000.0,31000.0,20.9,131578.95
,22,76,84,276295,Right,77,82,66,79,14,69,74,18,19,10,12,14,4,3,,,,T. Barry,ST,ST,T. Barry,Everton,2029,195.0,82.0,17000000.0,36000.0,21.56,223684.21
,26,76,77,230084,Right,75,73,72,79,37,68,71,33,27,9,11,8,4,3,,,,L. Nmecha,ST,ST,L. Nmecha,Leeds United,2027,185.0,80.0,9000000.0,55000.0,23.37,118421.05
,27,76,76,231554,Right,73,83,75,72,71,68,68,73,72,13,7,5,4,3,,,,J. Justin,RB LB CB,RB,J. Justin,Leeds United,2029,183.0,80.0,7000000.0,49000.0,23.89,92105.26
,27,76,76,232104,Right,94,94,78,56,42,70,75,45,34,7,6,15,4,3,,,,D. James,RW RM,RW,D. James,Leeds United,2029,171.0,63.0,8000000.0,54000.0,21.55,105263.16
,26,76,78,236764,Right,72,69,83,65,75,74,79,74,71,10,14,12,3,3,,,,A. Tanaka,CDM CM,CDM,A. Tanaka,Leeds United,2028,180.0,69.0,8500000.0,49000.0,21.3,111842.11
,27,76,76,237161,Right,60,62,78,67,74,78,74,76,66,6,8,14,4,2,,,,S. Longstaff,CM CDM,CM,S. Longstaff,Leeds United,2029,187.0,74.0,8000000.0,51000.0,21.16,105263.16
,25,76,78,239360,Left,60,59,77,82,74,56,76,76,75,14,8,10,4,2,,,,P. Struijk,CB,CB,P. Struijk,Leeds United,2027,190.0,79.0,8500000.0,47000.0,21.88,111842.11
,25,76,79,242530,Right,87,88,57,79,20,74,76,25,20,14,14,6,4,4,,,,N. Okafor,ST LW CAM,ST,N. Okafor,Leeds United,2029,185.0,85.0,10000000.0,53000.0,24.84,131578.95
,24,76,79,244591,Right,80,82,81,67,72,72,73,74,71,15,10,7,3,3,,,,J. Bogle,RB RM,RB,J. Bogle,Leeds United,2028,178.0,69.0,9500000.0,42000.0,21.78,125000.0
,24,76,79,247361,Right,81,80,88,53,63,77,75,65,57,12,13,7,3,3,,,,B. Aaronson,RW CAM CM RM,RW,B. Aaronson,Leeds United,2027,177.0,69.0,10000000.0,48000.0,22.02,131578.95
,25,76,78,237329,Right,74,75,71,65,76,79,76,75,63,11,6,8,3,3,,,,J. Willock,CM CAM,CM,J. Willock,Newcastle United,2027,186.0,71.0,9500000.0,83000.0,20.52,125000.0
,19,76,86,274246,Right,67,67,73,73,78,77,78,75,76,9,7,12,4,3,,,,L. Miley,CM RB CDM,CM,L. Miley,Newcastle United,2028,193.0,80.0,16000000.0,60000.0,21.48,210526.32
,27,76,77,235642,Right,50,50,77,79,76,67,71,76,78,10,8,6,3,2,,,,R. Yates,CDM CM,CDM,R. Yates,Nottingham Forest,2028,190.0,87.0,7500000.0,68000.0,24.1,98684.21
,22,76,82,250789,Left,89,86,68,69,35,74,75,26,28,7,12,6,2,4,,,,D. Bakwa,RM RW,RM,D. Bakwa,Nottingham Forest,2030,180.0,75.0,12000000.0,61000.0,23.15,157894.74
,24,76,80,256008,Left,52,54,62,89,75,49,75,77,74,12,12,6,2,2,,,,Morato,CB LB CDM,CB,Morato,Nottingham Forest,2029,192.0,88.0,9500000.0,58000.0,23.87,125000.0
,21,76,84,260145,Left,81,79,75,51,53,72,71,57,54,10,7,5,3,3,,,,O. Hutchinson,RM CAM RW,RM,O. Hutchinson,Nottingham Forest,2030,174.0,65.0,17000000.0,52000.0,21.47,223684.21
,32,76,76,193105,Right,56,54,38,79,23,59,64,18,12,77,75,75,3,1,,,,A. Areola,GK,GK,A. Areola,West Ham United,2027,195.0,94.0,3700000.0,37000.0,24.72,48684.21
,28,76,76,227927,Right,73,78,79,53,72,68,74,75,73,9,8,11,4,3,,,,K. Walker-Peters,RB RM,RB,K. Walker-Peters,West Ham United,2028,174.0,62.0,7000000.0,56000.0,20.48,92105.26
,30,76,76,236792,Right,42,47,77,79,75,71,73,77,78,11,13,6,3,3,,,,T. Souček,CDM CM,CDM,T. Soucek,West Ham United,2027,192.0,86.0,6500000.0,56000.0,23.33,85526.32
,20,76,86,275048,Right,92,88,74,55,57,72,76,37,33,5,6,8,4,3,,,,C. Talbi,RW RM LM,RW,C. Talbi,Sunderland,2030,175.0,64.0,16500000.0,41000.0,20.9,217105.26
,32,76,76,206075,Right,38,45,37,68,17,48,50,17,20,77,75,73,3,1,,,,S. Johnstone,GK,GK,S. Johnstone,Wolverhampton Wanderers,2028,193.0,85.0,3700000.0,37000.0,22.82,48684.21
,32,76,76,212442,Right,52,53,34,75,18,50,45,19,15,76,75,73,2,1,,,,José Sá,GK,GK,Jose Sa,Wolverhampton Wanderers,2027,192.0,84.0,3700000.0,37000.0,22.79,48684.21
,26,76,78,237658,Right,52,49,73,79,78,53,69,77,75,5,8,13,3,2,,,,S. Bueno,CB,CB,S. Bueno,Wolverhampton Wanderers,2028,190.0,76.0,8000000.0,54000.0,21.05,105263.16
,24,76,81,240507,Right,76,67,75,63,73,78,75,75,74,14,15,6,4,4,,,,A. Gomes,CAM CDM CM,CAM,A. Gomes,"Wolverhampton Wanderers Jun 30, 2026 On loan",,168.0,62.0,11500000.0,31000.0,21.97,151315.79
,24,76,79,258911,Right,71,77,71,89,18,52,70,35,21,9,8,14,3,2,,,,T. Arokodare,ST,ST,T. Arokodare,Wolverhampton Wanderers,2029,197.0,97.0,10500000.0,54000.0,24.99,138157.89
,22,76,81,70571,Right,84,81,67,56,32,70,69,34,32,7,7,14,3,4,,,,Kevin,LM LW RW,LM,Kevin,Fulham FC,2030,176.0,68.0,11500000.0,58000.0,21.95,151315.79
,28,76,77,231633,Right,49,63,60,87,77,43,65,76,75,10,7,14,3,2,,,,I. Diop,CB,CB,I. Diop,Fulham FC,2027,194.0,92.0,7000000.0,66000.0,24.44,92105.26
,25,76,79,237522,Left,67,75,68,77,75,60,66,77,76,10,12,14,3,2,,,,Jorge Cuenca,CB,CB,Jorge Cuenca,Fulham FC,2028,190.0,75.0,9000000.0,60000.0,20.78,118421.05
,24,76,81,264337,Right,68,68,69,78,38,65,71,42,31,12,13,11,3,3,,,,Rodrigo Muniz,ST,ST,Rodrigo Muniz,Fulham FC,2030,186.0,80.0,11500000.0,63000.0,23.12,151315.79
,21,76,84,277295,Left,84,79,60,34,24,75,76,34,31,11,12,15,3,4,,,,O. Bobb,RM LM RW,RM,O. Bobb,Fulham FC,2031,175.0,70.0,17000000.0,49000.0,22.86,223684.21
,25,76,77,243669,Right,78,80,84,64,29,73,75,48,24,8,9,13,3,3,,,,J. Anthony,LM RM LW,LM,J. Anthony,Burnley,2029,183.0,72.0,9000000.0,49000.0,21.5,118421.05
,21,76,82,257084,Right,64,65,73,79,75,75,74,76,75,10,13,11,3,3,,,,L. Ugochukwu,CDM CM CAM,CDM,L. Ugochukwu,Burnley,2030,191.0,88.0,11000000.0,36000.0,24.12,144736.84
,23,76,82,262042,Left,72,77,77,82,74,46,77,77,75,12,14,7,3,2,,,,M. Estève,CB,CB,M. Esteve,Burnley,2030,193.0,87.0,11000000.0,42000.0,23.36,144736.84
,23,76,80,271121,Left,82,78,74,76,73,75,74,75,74,13,14,14,3,3,,,,Q. Hartman,LB LM,LB,Q. Hartman,Burnley,2029,183.0,77.0,10000000.0,42000.0,22.99,131578.95
,22,76,82,73374,Right,67,73,78,86,60,76,68,62,58,14,11,11,3,3,,,,C. Uche,ST CAM CM,ST,C. Uche,"Crystal Palace Jun 30, 2026 On loan",,190.0,84.0,12000000.0,29000.0,23.27,157894.74
,20,76,84,277283,Right,67,66,73,69,75,75,75,75,74,9,8,5,4,3,,,,J. Hinshelwood,CDM RB CAM CM,CDM,J. Hinshelwood,Brighton & Hove Albion,2029,181.0,76.0,15500000.0,49000.0,23.2,203947.37
,27,76,77,224258,Right,65,70,69,89,72,57,77,76,77,9,9,7,3,3,,,,K. Ajer,CB RB LB,CB,K. Ajer,Brentford,2030,196.0,84.0,7500000.0,57000.0,21.87,98684.21
,27,76,76,224494,Left,84,83,64,64,74,55,72,78,75,13,12,6,2,3,,,,R. Henry,LB LM,LB,R. Henry,Brentford,2030,170.0,66.0,7000000.0,57000.0,22.84,92105.26
,24,76,79,243606,Right,78,77,79,55,71,74,74,72,69,9,12,14,4,3,,,,K. Lewis-Potter,LB LM RM,LB,K. Lewis-Potter,Brentford,2031,170.0,67.0,9500000.0,49000.0,23.18,125000.0
,27,76,76,220196,Left,72,72,59,58,43,79,76,54,44,8,14,13,3,4,,,,D. Brooks,RM RW,RM,D. Brooks,AFC Bournemouth,2029,178.0,62.0,8000000.0,60000.0,19.57,105263.16
,28,76,76,223197,Right,65,66,53,77,29,70,75,43,34,8,14,13,4,3,,,,E. Ünal,ST,ST,E. Unal,AFC Bournemouth,2028,187.0,78.0,7500000.0,68000.0,22.31,98684.21
,32,76,76,205377,Right,48,46,34,78,26,43,48,10,19,76,71,75,2,1,,,,D. Léon,GK,GK,D. Leon,AJ Auxerre,2027,187.0,94.0,3700000.0,15000.0,26.88,48684.21
,26,76,76,242577,Left,76,62,73,63,66,78,79,64,58,14,13,14,3,4,,,,R. Faivre,RM RW,RM,R. Faivre,"AJ Auxerre Jun 30, 2026 On loan",,180.0,69.0,8000000.0,60000.0,21.3,105263.16
,25,76,78,246688,Right,86,86,82,64,72,59,65,74,70,5,9,12,3,3,,,,S. Abdulhamid,RB RM,RB,S. Abdulhamid,"RC Lens Jun 30, 2026 On loan",,175.0,70.0,8500000.0,41000.0,22.86,111842.11
,21,76,83,270997,Right,72,78,58,86,70,54,66,79,74,10,8,8,3,2,,,,S. Baidoo,CB,CB,S. Baidoo,RC Lens,2030,190.0,82.0,14000000.0,18000.0,22.71,184210.53
,27,76,76,231318,Left,74,70,82,65,74,75,69,71,74,6,7,11,2,3,,,,R. Perraud,LB LM,LB,R. Perraud,Lille OSC,2028,173.0,68.0,7000000.0,26000.0,22.72,92105.26
,24,76,80,246548,Right,88,78,76,43,50,72,75,46,47,14,14,14,5,5,,,,O. Sahraoui,LM CAM LW,LM,O. Sahraoui,Lille OSC,2029,171.0,64.0,11000000.0,24000.0,21.89,144736.84
,20,76,84,276048,Right,90,93,74,73,36,68,76,36,32,14,9,13,3,3,,,,M. Fernandez-Pardo,LM RM ST LW,LM,M. Fernandez-Pardo,Lille OSC,2029,182.0,73.0,16500000.0,20000.0,22.04,217105.26
,32,76,76,208364,Right,73,82,84,75,78,61,77,77,77,10,10,10,3,3,,,,Clinton Mata,CB,CB,Clinton Mata,Olympique Lyonnais,2028,180.0,73.0,4900000.0,20000.0,22.53,64473.68
,27,76,77,234078,Right,60,62,68,73,76,73,76,73,72,7,6,7,3,3,,,,O. Mangala,CDM CM,CDM,O. Mangala,Olympique Lyonnais,2028,178.0,80.0,7500000.0,19000.0,25.25,98684.21
,23,76,82,256104,Right,51,62,79,84,73,75,74,77,69,9,6,10,4,3,,,,T. Tessmann,CDM CM,CDM,T. Tessmann,Olympique Lyonnais,2029,188.0,86.0,11000000.0,17000.0,24.33,144736.84
,28,76,76,234239,Left,78,76,74,46,40,75,73,35,33,13,7,9,3,4,,,,G. Hein,CAM CM,CAM,G. Hein,FC Metz,2028,170.0,65.0,7500000.0,17000.0,22.49,98684.21
,23,76,82,260779,Right,88,87,70,48,27,73,79,32,30,8,13,14,3,3,,,,S. Adingra,LW LM RW,LW,S. Adingra,"AS Monaco Jun 30, 2026 On loan",,175.0,68.0,12000000.0,48000.0,22.2,157894.74
,34,76,76,199482,Left,65,64,36,73,25,48,65,15,13,77,71,74,2,1,,,,A. Lopes,GK,GK,A. Lopes,FC Nantes,2027,184.0,81.0,1300000.0,12000.0,23.92,17105.26
,22,76,82,264422,Right,83,90,81,69,35,73,77,22,18,13,14,12,3,3,,,,M. Abline,ST LW LM,ST,M. Abline,FC Nantes,2028,182.0,73.0,12000000.0,18000.0,22.04,157894.74
,30,76,76,210896,Right,67,57,79,72,71,78,77,74,71,6,16,9,4,4,,,,M. Sanson,CM CAM CDM,CM,M. Sanson,OGC Nice,2027,180.0,73.0,7000000.0,26000.0,22.53,92105.26
,25,76,78,244892,Right,80,74,71,37,56,77,78,58,46,14,13,9,3,4,,,,S. Diop,LW LM CAM,LW,S. Diop,OGC Nice,2027,175.0,65.0,9500000.0,26000.0,21.22,125000.0
,25,76,79,253157,Right,74,73,93,67,73,75,75,76,75,7,6,13,3,3,,,,H. Boudaoui,CM CDM,CM,H. Boudaoui,OGC Nice,2027,175.0,61.0,10000000.0,24000.0,19.92,131578.95
,26,76,78,255533,Right,64,68,77,83,77,65,71,77,74,12,9,12,3,2,,,,Y. Ndayishimiye,CB CDM CM,CB,Y. Ndayishimiye,OGC Nice,2027,183.0,79.0,8000000.0,24000.0,23.59,105263.16
,30,76,76,212138,Right,85,86,79,67,73,75,77,70,67,7,14,8,3,3,,,,P. Frankowski,RB RM,RB,P. Frankowski,"Stade Rennais FC Jun 30, 2026 On loan",,175.0,70.0,6500000.0,44000.0,22.86,85526.32
,27,76,76,231102,Left,77,67,68,63,66,77,80,64,58,12,9,14,2,4,,,,L. Blas,RM RW CAM,RM,L. Blas,Stade Rennais FC,2027,180.0,77.0,8000000.0,25000.0,23.77,105263.16
,25,76,80,251380,Left,64,69,71,78,73,57,71,79,77,8,6,9,2,2,,,,L. Brassier,CB,CB,L. Brassier,Stade Rennais FC,2029,186.0,78.0,9500000.0,23000.0,22.55,125000.0
,24,76,81,252512,Right,61,62,69,76,76,48,77,77,76,6,15,14,3,2,,,,A. Rouault,CB,CB,A. Rouault,Stade Rennais FC,2029,186.0,77.0,10000000.0,21000.0,22.26,131578.95
,28,76,76,259191,Left,88,90,77,67,63,72,78,60,51,11,6,7,4,3,,,,M. Al Tamari,LM RM LB LW,LM,M. Al Tamari,Stade Rennais FC,2028,178.0,75.0,7500000.0,26000.0,23.67,98684.21
,23,76,82,261616,Left,76,73,74,56,70,74,74,77,74,11,11,10,2,3,,,,Q. Merlin,LB LM,LB,Q. Merlin,Stade Rennais FC,2029,174.0,68.0,11000000.0,21000.0,22.46,144736.84
,19,76,85,278903,Right,57,70,64,81,72,53,68,78,75,10,11,14,2,2,,,,J. Jacquet,CB,CB,J. Jacquet,Stade Rennais FC,2029,188.0,77.0,15000000.0,17000.0,21.79,197368.42
,31,76,76,206003,Right,43,41,28,74,13,52,30,18,12,77,75,73,3,1,,,,Y. Mvogo,GK,GK,Y. Mvogo,FC Lorient,2027,189.0,93.0,4000000.0,13000.0,26.04,52631.58
,32,76,76,213367,Right,67,55,91,68,77,67,72,75,74,7,14,8,3,3,,,,L. Abergel,CDM CM,CDM,L. Abergel,FC Lorient,2029,170.0,65.0,5000000.0,20000.0,22.49,65789.47
,25,76,78,246297,Right,66,57,79,73,65,79,79,64,53,9,8,13,3,4,,,,H. Abdelli,CAM CM CDM,CAM,H. Abdelli,Olympique de Marseille,2030,185.0,81.0,9500000.0,34000.0,23.67,125000.0
,18,76,87,271807,Left,80,83,66,51,52,75,76,55,43,14,11,12,3,3,,,,E. Nwaneri,RW CAM RM,RW,E. Nwaneri,"Olympique de Marseille Jun 30, 2026 On loan",,180.0,73.0,16000000.0,67000.0,22.53,210526.32
,33,76,76,204105,Right,72,78,82,71,73,68,72,75,69,14,6,6,3,3,,,,K. Lala,RB RM,RB,K. Lala,Stade Brestois 29,2027,178.0,78.0,3900000.0,23000.0,24.62,51315.79
,29,76,76,231612,Left,79,85,65,61,35,76,76,47,44,7,10,13,3,3,,,,R. Del Castillo,RM RW,RM,R. Del Castillo,Stade Brestois 29,2027,172.0,65.0,7500000.0,24000.0,21.97,98684.21
,27,76,78,244480,Right,49,39,75,74,74,71,76,75,71,10,14,10,3,3,,,,H. Magnetti,CDM CM,CDM,H. Magnetti,Stade Brestois 29,2027,172.0,75.0,8000000.0,22000.0,25.35,105263.16
,28,76,77,235244,Left,45,52,72,84,72,45,76,78,74,6,14,13,3,2,,,,R. Nicolaisen,CB,CB,R. Nicolaisen,Toulouse FC,2027,191.0,81.0,7000000.0,23000.0,22.2,92105.26
,27,76,76,237936,Left,84,80,85,72,59,72,71,47,42,8,14,6,3,4,,,,A. Dønnum,RM LM RW,RM,A. Dønnum,Toulouse FC,2027,178.0,73.0,8000000.0,23000.0,23.04,105263.16
,24,76,79,252937,Right,81,78,67,61,30,76,75,38,34,7,15,13,3,4,,,,Y. Gboho,LW RW CAM LM,LW,Y. Gboho,Toulouse FC,2027,178.0,63.0,10000000.0,22000.0,19.88,131578.95
,29,76,76,216820,Right,89,88,67,66,34,70,73,42,33,7,13,13,4,4,,,,M. Simon,LW LM,LW,M. Simon,Paris FC,2028,168.0,69.0,7500000.0,47000.0,24.45,98684.21
,27,76,76,224030,Right,70,59,80,32,66,79,76,68,62,7,14,11,3,3,,,,M. Lopez,CM CDM,CM,M. Lopez,Paris FC,2027,167.0,58.0,8000000.0,42000.0,20.8,105263.16
,28,76,76,221491,Right,68,71,70,79,77,60,70,78,76,9,15,12,3,2,,,,N. Elvedi,CB,CB,N. Elvedi,Borussia Mönchengladbach,2027,189.0,84.0,6500000.0,27000.0,23.52,85526.32
,28,76,77,224841,Right,76,72,82,79,75,66,73,77,74,7,15,10,4,3,,,,K. Diks,CB LB RB CM,CB,K. Diks,Borussia Mönchengladbach,2030,182.0,79.0,7000000.0,27000.0,23.85,92105.26
,32,76,76,209846,Left,75,84,81,82,74,57,71,74,72,9,15,8,2,3,,,,C. Günter,LB LM,LB,C. Gunter,SC Freiburg,2029,185.0,83.0,5000000.0,27000.0,24.25,65789.47
,28,76,76,226168,Right,63,57,87,76,75,66,75,75,74,15,10,15,4,3,,,,M. Eggestein,CDM CM,CDM,M. Eggestein,SC Freiburg,2030,183.0,83.0,6500000.0,27000.0,24.78,85526.32
,26,76,76,240451,Left,78,77,76,55,62,74,70,61,61,13,8,14,3,3,,,,J. Beste,RM LM RB,RM,J. Beste,SC Freiburg,2029,175.0,66.0,8000000.0,27000.0,21.55,105263.16
,25,76,78,241928,Right,56,64,75,68,75,74,79,72,69,14,7,13,3,3,,,,A. Sambi Lokonga,CM CDM,CM,A. Sambi Lokonga,Hamburger SV,2028,183.0,73.0,9500000.0,23000.0,21.8,125000.0
,18,76,87,71178,Right,83,86,64,69,39,67,68,37,39,14,13,14,4,4,,,,S. El Mala,LM CAM ST LW,LM,S. El Mala,1. FC Köln,2030,187.0,80.0,16000000.0,16000.0,22.88,210526.32
,23,76,81,256942,Right,65,58,86,81,78,65,75,77,76,5,10,5,3,2,,,,E. Martel,CDM CB CM,CDM,E. Martel,1. FC Köln,2029,188.0,81.0,10500000.0,20000.0,22.92,138157.89
,18,76,86,76416,Right,77,79,62,69,23,65,69,28,23,14,14,7,3,3,,,,C. Kofane,ST,ST,C. Kofane,Bayer 04 Leverkusen,2029,189.0,68.0,16000000.0,43000.0,19.04,210526.32
,22,76,84,262151,Left,69,68,78,79,72,71,73,75,77,6,7,14,5,2,,,,E. Fernández,CDM CM,CDM,E. Fernandez,Bayer 04 Leverkusen,2030,178.0,76.0,16000000.0,48000.0,23.99,210526.32
,21,76,85,264219,Right,93,95,77,63,38,73,65,36,47,8,10,12,5,3,,,,E. Poku,RM RW LM,RM,E. Poku,Bayer 04 Leverkusen,2030,173.0,63.0,17000000.0,43000.0,21.05,223684.21
,22,76,84,273651,Right,69,78,64,82,73,61,78,75,76,9,6,9,3,2,,,,J. Quansah,CB,CB,J. Quansah,Bayer 04 Leverkusen,2030,190.0,80.0,15500000.0,48000.0,22.16,203947.37
,28,76,76,239096,Right,37,51,81,69,77,69,73,79,69,12,10,11,3,2,,,,A. Karazor,CDM CM,CDM,A. Karazor,VfB Stuttgart,2028,191.0,76.0,6500000.0,34000.0,20.83,85526.32
,23,76,82,257073,Right,85,87,80,66,40,70,74,37,29,8,14,13,3,4,,,,Tiago Tomás,LM ST RM LW,LM,Tiago Tomas,VfB Stuttgart,2029,180.0,78.0,12000000.0,30000.0,24.07,157894.74
,27,76,78,246836,Right,60,71,76,78,79,54,71,79,77,12,12,9,3,2,,,,A. Pieper,CB,CB,A. Pieper,SV Werder Bremen,2029,192.0,86.0,8000000.0,26000.0,23.33,105263.16
,26,76,77,256688,Right,75,73,80,73,70,78,75,74,67,11,9,12,4,4,,,,Puertas,CAM CM RM,CAM,Puertas,"SV Werder Bremen Jun 30, 2026 On loan",,178.0,74.0,9000000.0,33000.0,23.36,118421.05
,26,76,79,261659,Right,56,78,87,75,84,74,81,73,65,10,10,8,3,2,,,,S. Lynen,CDM CM CB,CDM,S. Lynen,SV Werder Bremen,2029,185.0,80.0,9000000.0,26000.0,23.37,118421.05
,31,76,76,212212,Right,74,74,76,76,79,64,76,75,81,6,11,10,3,2,,,,D. Kohr,CB CDM,CB,D. Kohr,1. FSV Mainz 05,2028,183.0,80.0,5000000.0,27000.0,23.89,65789.47
,32,76,76,221671,Left,72,71,85,56,68,75,78,65,60,14,7,6,3,3,,,,Lee Jae Sung,CAM CM,CAM,Lee Jae Sung,1. FSV Mainz 05,2030,181.0,74.0,6000000.0,28000.0,22.59,78947.37
,22,76,83,257075,Right,79,65,90,48,46,75,74,42,50,11,9,6,4,4,,,,P. Nebel,CAM CM RM,CAM,P. Nebel,1. FSV Mainz 05,2027,169.0,66.0,15000000.0,24000.0,23.11,197368.42
,33,76,76,190460,Right,52,45,53,49,53,81,79,60,35,9,14,7,5,4,,,,C. Eriksen,CAM CDM CM,CAM,C. Eriksen,VfL Wolfsburg,2027,182.0,76.0,4700000.0,43000.0,22.94,61842.11
,26,76,77,228946,Right,77,70,76,75,72,76,75,70,63,7,6,8,3,3,,,,M. Svanberg,CM CDM,CM,M. Svanberg,VfL Wolfsburg,2027,185.0,75.0,9000000.0,40000.0,21.91,118421.05
,29,76,76,240988,Right,64,73,79,84,73,46,67,80,71,13,12,12,2,2,,,,D. Vavro,CB,CB,D. Vavro,VfL Wolfsburg,2027,189.0,81.0,6500000.0,40000.0,22.68,85526.32
,26,76,77,241522,Right,66,50,73,82,35,77,77,29,22,7,10,11,3,4,,,,J. Wind,ST CAM,ST,J. Wind,VfL Wolfsburg,2028,190.0,82.0,9000000.0,44000.0,22.71,118421.05
,21,76,85,270077,Left,71,68,76,78,78,41,66,75,75,8,8,10,2,2,,,,K. Koulierakis,CB,CB,K. Koulierakis,VfL Wolfsburg,2029,185.0,78.0,15500000.0,28000.0,22.79,203947.37
,22,76,81,270670,Right,71,69,69,69,69,80,76,71,70,10,13,12,3,4,,,,F. Chaïbi,CAM CM LM,CAM,F. Chaibi,Eintracht Frankfurt,2028,183.0,69.0,11500000.0,26000.0,20.6,151315.79
,31,76,76,211999,Right,53,60,80,83,78,59,73,79,74,9,13,12,3,2,,,,R. Khedira,CDM CM,CDM,R. Khedira,1. FC Union Berlin,2029,189.0,86.0,5000000.0,32000.0,24.08,65789.47
,26,76,79,234575,Left,55,71,80,78,78,36,66,78,77,7,5,8,3,2,,,,Diogo Leite,CB,CB,Diogo Leite,1. FC Union Berlin,2028,190.0,83.0,8500000.0,31000.0,22.99,111842.11
,25,76,78,239890,Right,52,67,65,82,68,65,67,78,80,10,13,6,3,2,,,,O. Kabak,CB,CB,O. Kabak,TSG 1899 Hoffenheim,2030,187.0,86.0,8500000.0,29000.0,24.59,111842.11
,23,76,80,256564,Right,77,74,78,75,30,65,74,42,30,9,10,7,3,3,,,,T. Lemperle,ST RW CAM,ST,T. Lemperle,TSG 1899 Hoffenheim,2029,187.0,78.0,11000000.0,31000.0,22.31,144736.84
,25,76,77,276646,Right,65,80,64,84,75,45,60,77,72,5,15,6,2,2,,,,R. Hranáč,CB,CB,R. Hranac,TSG 1899 Hoffenheim,2028,189.0,87.0,8000000.0,29000.0,24.36,105263.16
,29,76,76,236457,Left,79,86,90,56,80,71,65,67,73,14,5,9,2,3,,,,D. Giannoulis,LB LM,LB,D. Giannoulis,FC Augsburg,2028,175.0,71.0,6500000.0,32000.0,23.18,85526.32
,27,76,77,236477,Right,78,73,74,61,68,74,74,71,66,11,13,14,3,4,,,,A. Claude-Maurice,CAM CM ST,CAM,A. Claude-Maurice,FC Augsburg,2027,175.0,62.0,8500000.0,33000.0,20.24,111842.11
,27,76,77,242818,Right,52,53,33,55,13,54,33,12,11,76,70,75,3,1,,,,F. Dahmen,GK,GK,F. Dahmen,FC Augsburg,2028,188.0,80.0,6500000.0,20000.0,22.63,85526.32
,30,76,76,216199,Right,38,53,80,84,78,44,74,78,75,11,9,14,3,2,,,,P. Mainka,CB,CB,P. Mainka,1. FC Heidenheim 1846,2029,194.0,86.0,6000000.0,29000.0,22.85,78947.37
,29,76,77,222331,Right,81,83,72,78,79,55,66,77,76,8,12,7,3,2,,,,L. Klostermann,CB RB,CB,L. Klostermann,RB Leipzig,2028,189.0,90.0,7000000.0,44000.0,25.2,92105.26
,33,76,76,216065,Right,48,38,37,66,29,58,65,17,13,75,72,79,2,1,,,,M. Sportiello,GK,GK,M. Sportiello,Atalanta,2028,192.0,87.0,2400000.0,34000.0,23.6,31578.95
,25,76,79,277839,Right,65,67,77,81,29,60,70,18,25,9,14,10,4,2,,,,N. Krstović,ST,ST,N. Krstovic,Atalanta,2030,185.0,83.0,10000000.0,54000.0,24.25,131578.95
,24,76,80,241736,Right,75,76,74,83,74,60,76,76,74,8,7,5,3,2,,,,Y. Bisseck,CB,CB,Y. Bisseck,Inter,2029,196.0,83.0,9500000.0,23000.0,21.61,125000.0
,20,76,84,277327,Right,60,67,72,85,27,64,65,44,33,6,10,7,3,3,,,,F. Esposito,ST,ST,F. Esposito,Inter,2027,191.0,83.0,16500000.0,23000.0,22.75,217105.26
,28,76,76,224422,Right,88,80,66,64,41,69,74,44,34,15,8,14,3,4,,,,J. Boga,LW ST LM,LW,J. Boga,"Juventus Jun 30, 2026 On loan",,172.0,68.0,7500000.0,28000.0,22.99,98684.21
,37,76,76,189505,Right,71,56,60,41,42,80,80,29,26,5,11,15,5,4,,,,Pedro,RM LM RW,RM,Pedro,Lazio,2028,169.0,64.0,2400000.0,23000.0,22.41,31578.95
,31,76,76,219581,Right,59,65,64,80,80,55,67,76,75,11,15,10,3,2,,,,S. Gigot,CB,CB,S. Gigot,Lazio,2027,187.0,83.0,5000000.0,30000.0,23.74,65789.47
,31,76,76,235374,Right,89,90,76,52,72,74,76,70,69,14,6,5,3,3,,,,M. Lazzari,RB RM,RB,M. Lazzari,Lazio,2027,174.0,67.0,5500000.0,30000.0,22.13,72368.42
,24,76,79,248729,Left,84,92,74,33,35,67,69,40,29,7,5,7,4,3,,,,G. Isaksen,RM RW,RM,G. Isaksen,Lazio,2028,178.0,65.0,10000000.0,26000.0,20.52,131578.95
,25,76,79,251530,Left,83,87,81,77,65,62,75,70,70,8,13,12,4,3,,,,Nuno Tavares,LB LM,LB,Nuno Tavares,Lazio,2029,183.0,75.0,9000000.0,27000.0,22.4,118421.05
,28,76,76,235949,Right,90,82,77,33,34,74,68,25,28,15,15,10,3,3,,,,Gabriel Strefezza,RM LM ST RW,RM,Gabriel Strefezza,"Parma Jun 30, 2026 On loan",,168.0,63.0,7500000.0,30000.0,22.32,98684.21
,24,76,81,252794,Left,82,73,79,52,72,75,76,75,70,8,12,10,3,3,,,,Adrián Bernabé,CM CDM CAM,CM,Adrian Bernabe,Parma,2027,174.0,68.0,11500000.0,18000.0,22.46,151315.79
,23,76,81,262745,Right,57,66,82,75,77,77,75,76,67,10,5,14,3,3,,,,N. El Aynaoui,CM CDM,CM,N. El Aynaoui,Roma,2030,185.0,77.0,11500000.0,39000.0,22.5,151315.79
,29,76,76,211147,Right,77,66,70,61,72,72,76,74,72,8,13,8,3,4,,,,V. Lazaro,RM LM LB RB,RM,V. Lazaro,Torino,2027,181.0,75.0,7500000.0,37000.0,22.89,98684.21
,29,76,76,216816,Right,73,69,65,71,24,60,75,38,36,12,15,14,4,3,,,,G. Simeone,ST,ST,G. Simeone,"Torino Jun 30, 2026 On loan",,181.0,81.0,7500000.0,80000.0,24.72,98684.21
,31,76,76,219145,Right,32,33,65,84,78,56,75,78,74,7,12,16,2,2,,,,G. Maripán,CB,CB,G. Maripan,Torino,2030,190.0,84.0,5000000.0,35000.0,23.27,65789.47
,26,76,79,265650,Right,80,89,75,81,77,58,60,77,76,5,8,13,3,2,,,,Saúl Coco,CB,CB,Saul Coco,Torino,2029,187.0,86.0,8500000.0,34000.0,24.59,111842.11
,27,76,78,231207,Left,63,67,77,81,75,48,71,78,75,6,11,8,3,2,,,,J. Lucumí,CB,CB,J. Lucumi,Bologna,2028,187.0,85.0,8000000.0,40000.0,24.31,105263.16
,25,76,79,240915,Left,80,80,76,63,74,68,65,71,71,11,8,9,3,3,,,,Juan Miranda,LB LM,LB,Juan Miranda,Bologna,2027,185.0,78.0,9000000.0,38000.0,22.79,118421.05
,24,76,78,268703,Right,75,75,60,61,39,68,70,41,32,7,12,14,4,3,,,,N. Cambiaghi,LM LW,LM,N. Cambiaghi,Bologna,2029,176.0,75.0,9500000.0,37000.0,24.21,125000.0
,29,76,77,215363,Right,40,45,35,55,18,40,38,21,13,75,72,74,3,1,,,,L. Montipò,GK,GK,L. Montipo,Hellas Verona FC,2028,191.0,82.0,6000000.0,9000.0,22.48,78947.37
,28,76,76,230065,Right,66,68,75,68,74,76,80,75,74,15,8,13,4,4,,,,S. Serdar,CM CDM,CM,S. Serdar,Hellas Verona FC,2028,184.0,82.0,7500000.0,14000.0,24.22,98684.21
,29,76,76,252308,Right,49,55,80,86,74,74,78,75,72,15,6,8,2,2,,,,A. Al Musrati,CDM CM,CDM,A. Al Musrati,"Hellas Verona FC Jun 30, 2026 On loan",,189.0,80.0,6500000.0,35000.0,22.4,85526.32
,33,76,76,199564,Right,67,71,74,60,74,80,76,75,74,14,16,15,3,3,,,,Sergi Roberto,CDM CM RB,CDM,Sergi Roberto,Como,2029,178.0,68.0,3700000.0,70000.0,21.46,48684.21
,30,76,76,228349,Right,67,68,71,66,76,70,68,74,74,8,12,10,5,3,,,,M. Vojvoda,RB RM,RB,M. Vojvoda,Como,2028,187.0,78.0,6500000.0,70000.0,22.31,85526.32
,24,76,80,254579,Left,80,75,75,57,75,74,72,76,71,8,9,15,3,3,,,,L. Da Cunha,CDM CM CAM,CDM,L. Da Cunha,Como,2029,174.0,66.0,10000000.0,58000.0,21.8,131578.95
,25,76,79,261478,Right,82,78,76,76,38,60,71,28,27,9,11,13,4,3,,,,T. Douvikas,ST,ST,T. Douvikas,Como,2029,186.0,76.0,10000000.0,73000.0,21.97,131578.95
,22,76,84,267991,Left,72,72,77,59,75,77,70,71,69,11,10,9,3,2,,,,M. Perrone,CDM CM CB,CDM,M. Perrone,Como,2029,177.0,68.0,16000000.0,58000.0,21.71,210526.32
,19,76,87,275324,Right,90,90,74,57,40,70,66,33,34,7,7,8,4,4,,,,A. Diao,RM LM LW RW,RM,A. Diao,Como,2029,185.0,80.0,16000000.0,49000.0,23.37,210526.32
,30,76,76,220523,Right,34,34,60,91,74,45,71,78,73,10,8,9,3,2,,,,Y. Mina,CB,CB,Y. Mina,Cagliari,2028,195.0,99.0,6000000.0,13000.0,26.04,78947.37
,28,76,76,225439,Left,49,43,79,68,76,77,70,75,72,13,14,14,3,3,,,,R. Mandragora,CM CDM,CM,R. Mandragora,Fiorentina,2030,183.0,75.0,7500000.0,44000.0,22.4,98684.21
,24,76,81,260823,Right,73,75,68,59,70,77,72,74,70,7,10,10,4,4,,,,N. Fagioli,CM CDM,CM,N. Fagioli,Fiorentina,2028,178.0,71.0,11500000.0,37000.0,22.41,151315.79
,24,76,80,242633,Right,80,77,92,62,74,70,73,75,72,10,12,12,3,3,,,,M. Frendrup,CDM CM,CDM,M. Frendrup,Genoa,2028,178.0,70.0,10000000.0,19000.0,22.09,131578.95
,26,76,77,236593,Left,72,66,75,60,58,82,74,54,42,14,11,5,3,4,,,,C. Stengs,CAM CM,CAM,C. Stengs,"Pisa Jun 30, 2026 On loan",,187.0,74.0,9000000.0,16000.0,21.16,118421.05
,26,76,76,242725,Left,55,68,87,83,71,76,75,69,67,13,8,6,4,3,,,,K. Thorstvedt,CM CAM CDM,CM,K. Thorstvedt,Sassuolo,2027,189.0,84.0,8000000.0,21000.0,23.52,105263.16
,25,76,78,239614,Right,80,81,83,74,69,73,72,75,72,7,10,12,2,3,,,,Areso,RB RM,RB,Areso,Athletic Club,2031,182.0,81.0,8500000.0,33000.0,24.45,111842.11
,28,76,76,241049,Right,76,77,70,66,74,69,68,77,74,8,6,10,2,2,,,,Gorosabel,RB RM,RB,Gorosabel,Athletic Club,2028,174.0,70.0,7000000.0,36000.0,23.12,92105.26
,23,76,82,253130,Right,81,85,73,62,52,75,70,53,30,11,9,15,3,4,,,,Robert Navarro,RW RM LW,RW,Robert Navarro,Athletic Club,2030,178.0,65.0,12000000.0,34000.0,20.52,157894.74
,30,76,76,203747,Right,78,82,71,60,74,68,70,74,74,8,14,13,2,3,,,,Héctor Bellerín,RB RM,RB,Hector Bellerin,Real Betis Balompié,2028,178.0,74.0,6500000.0,26000.0,23.36,85526.32
,25,76,77,252324,Right,80,82,69,53,52,77,72,48,46,9,10,9,3,3,,,,Riquelme,LM CAM RM LW,LM,Riquelme,Real Betis Balompié,2030,173.0,66.0,9000000.0,25000.0,22.05,118421.05
,22,76,84,267860,Left,79,81,80,73,77,64,74,77,78,11,12,9,2,2,,,,V. Gómez,CB LB CDM,CB,V. Gomez,Real Betis Balompié,2030,181.0,76.0,15500000.0,22000.0,23.2,203947.37
,33,76,76,219985,Right,52,54,61,77,82,77,80,75,74,4,4,4,3,3,,,,M. Vecino,CM CDM,CM,M. Vecino,RC Celta,2027,187.0,81.0,4600000.0,27000.0,23.16,60526.32
,24,76,80,276745,Right,76,75,83,71,74,72,73,75,69,6,12,9,3,3,,,,Álvaro Núñez,RB RM CB CM,RB,Alvaro Nunez,RC Celta,2030,177.0,74.0,10000000.0,22000.0,23.62,131578.95
,22,76,82,279027,Right,72,73,78,74,76,66,76,77,75,13,13,14,3,3,,,,Javi Rodríguez,CB RB RM,CB,Javi Rodriguez,RC Celta,2028,178.0,70.0,11000000.0,22000.0,22.09,144736.84
,34,76,76,192816,Left,52,46,74,83,76,55,59,76,76,10,16,15,2,2,,,,L. Cabrera,CB,CB,L. Cabrera,RCD Espanyol,2027,190.0,80.0,2400000.0,22000.0,22.16,31578.95
,24,76,82,260546,Right,62,65,68,78,77,72,72,77,72,10,8,6,3,2,,,,Urko González,CDM CM,CDM,Urko Gonzalez,RCD Espanyol,2030,189.0,83.0,11000000.0,18000.0,23.24,144736.84
,26,76,78,241856,Right,68,63,76,66,76,75,73,78,69,5,9,11,3,3,,,,Manu Morlanes,CDM CM,CDM,Manu Morlanes,RCD Mallorca,2028,178.0,75.0,8500000.0,28000.0,23.67,111842.11
,25,76,79,245426,Right,54,62,67,77,78,55,63,78,76,9,8,14,3,2,,,,M. Kumbulla,CB,CB,M. Kumbulla,"RCD Mallorca Jun 30, 2026 On loan",,191.0,78.0,9000000.0,41000.0,21.38,118421.05
,22,76,81,258775,Left,81,76,75,72,73,78,77,70,67,15,12,11,3,4,,,,L. Sučić,CM ST CAM,CM,L. Sucic,Real Sociedad,2028,185.0,71.0,11500000.0,30000.0,20.75,151315.79
,23,76,82,262510,Right,66,65,78,65,74,76,72,75,72,7,11,12,3,2,,,,Turrientes,CM CDM,CM,Turrientes,Real Sociedad,2027,181.0,70.0,12000000.0,30000.0,21.37,157894.74
,31,76,76,225659,Right,47,43,63,75,73,74,71,78,77,12,11,16,4,2,,,,G. Rodríguez,CDM CM CB,CDM,G. Rodriguez,Valencia CF,2030,185.0,80.0,5000000.0,34000.0,23.37,65789.47
,28,76,76,230578,Right,63,61,70,78,78,59,69,78,74,15,11,14,3,2,,,,M. Diakhaby,CB,CB,M. Diakhaby,Valencia CF,2027,189.0,78.0,6500000.0,34000.0,21.84,85526.32
,26,76,77,230786,Right,61,67,82,75,73,76,74,78,74,12,13,9,3,3,,,,Pepelu,CM CDM,CM,Pepelu,Valencia CF,2028,185.0,73.0,9000000.0,34000.0,21.33,118421.05
,28,76,76,231627,Right,79,83,71,88,28,63,67,28,29,11,9,11,3,3,,,,U. Sadiq,ST,ST,U. Sadiq,Valencia CF,2028,192.0,85.0,7500000.0,38000.0,23.06,98684.21
,24,76,79,243134,Right,92,91,75,60,35,66,73,34,30,7,10,5,4,3,,,,L. Ramazani,LW LM RM,LW,L. Ramazani,"Valencia CF Jun 30, 2026 On loan",,167.0,60.0,10000000.0,48000.0,21.51,131578.95
,24,76,81,263880,Left,34,37,26,60,12,55,36,13,12,76,75,75,3,1,,,,Agirrezabala,GK,GK,Agirrezabala,"Valencia CF Jun 30, 2026 On loan",,187.0,80.0,9000000.0,18000.0,22.88,118421.05
,22,76,84,266436,Right,73,75,74,76,75,78,74,75,71,5,12,11,4,3,,,,Javi Guerra,CM CDM CAM,CM,Javi Guerra,Valencia CF,2029,187.0,77.0,17000000.0,30000.0,22.02,223684.21
,24,76,81,261987,Right,51,48,75,60,77,76,73,77,71,11,7,12,3,3,,,,Antonio Blanco,CDM CM,CDM,Antonio Blanco,Deportivo Alavés,2027,176.0,70.0,10500000.0,23000.0,22.6,138157.89
,35,76,76,206222,Left,61,60,75,80,78,58,69,78,73,15,14,13,4,2,,,,Bigas,CB,CB,Bigas,Elche CF,2027,181.0,78.0,2000000.0,17000.0,23.81,26315.79
,38,76,76,207935,Right,32,48,42,72,21,67,68,12,18,75,73,74,3,1,,,,M. Dituro,GK,GK,M. Dituro,Elche CF,2027,191.0,86.0,825000.0,9000.0,23.57,10855.26
,29,76,76,228941,Right,74,70,67,77,59,74,76,40,34,14,13,11,3,4,,,,André da Silva,ST CAM,ST,Andre da Silva,Elche CF,2030,185.0,84.0,7500000.0,26000.0,24.54,98684.21
,26,76,80,246139,Right,33,38,27,54,6,65,38,10,11,75,74,75,3,1,,,,Iñaki Peña,GK,GK,Inaki Pena,"Elche CF Jun 30, 2026 On loan",,184.0,78.0,8000000.0,41000.0,23.04,105263.16
,23,76,80,254860,Left,84,91,77,52,70,72,67,68,66,7,12,8,3,3,,,,Valera,LM LB RM,LM,Valera,Elche CF,2027,170.0,68.0,11000000.0,20000.0,23.53,144736.84
,31,76,76,206590,Right,68,60,78,56,74,77,75,66,50,12,7,7,5,4,,,,Moi Gómez,CM CDM,CM,Moi Gomez,CA Osasuna,2027,176.0,71.0,6000000.0,32000.0,22.92,78947.37
,29,76,76,222390,Right,68,68,78,64,74,76,76,70,63,9,13,13,3,3,,,,Unai López,CM CDM,CM,Unai Lopez,Rayo Vallecano,2030,170.0,68.0,7500000.0,24000.0,23.53,98684.21
,27,76,76,238050,Right,89,89,71,60,41,70,76,48,34,14,7,7,2,5,,,,C. Ejuke,LW LM RM,LW,C. Ejuke,Sevilla FC,2027,176.0,72.0,8000000.0,31000.0,23.24,105263.16
,23,76,82,246683,Right,75,69,76,80,75,75,76,75,72,7,12,12,3,3,,,,L. Agoumé,CDM CM CAM,CDM,L. Agoume,Sevilla FC,2028,185.0,72.0,11000000.0,24000.0,21.04,144736.84
,23,76,82,271755,Left,66,68,73,78,76,62,62,76,74,14,5,11,3,2,,,,Kike Salas,CB LB CDM,CB,Kike Salas,Sevilla FC,2029,188.0,80.0,11000000.0,24000.0,22.63,144736.84
,29,76,76,228302,Left,77,78,70,72,70,72,66,75,75,12,6,7,2,3,,,,Pedraza,LB LM,LB,Pedraza,Villarreal CF,2030,184.0,73.0,6500000.0,34000.0,21.56,85526.32
,26,76,76,246800,Right,91,90,75,69,68,70,69,66,64,13,9,8,3,3,,,,T. Buchanan,RM LM RW,RM,T. Buchanan,Villarreal CF,2030,183.0,68.0,8000000.0,34000.0,20.31,105263.16
,26,76,79,258534,Right,44,41,39,62,14,47,43,9,13,74,74,75,3,1,,,,Diego Conde,GK,GK,Diego Conde,Villarreal CF,2029,188.0,78.0,7500000.0,21000.0,22.07,98684.21
,23,76,83,277244,Right,69,76,73,80,77,64,70,79,75,7,7,11,3,2,,,,Rafa Marín,CB,CB,Rafa Marin,"Villarreal CF Jun 30, 2026 On loan",,191.0,83.0,14000000.0,59000.0,22.75,184210.53
,27,76,76,243312,Right,73,72,85,71,67,76,74,65,60,7,12,13,3,3,,,,Pablo Martínez,CM LM CDM,CM,Pablo Martinez,Levante UD,2028,182.0,74.0,8000000.0,27000.0,22.34,105263.16
,24,76,80,252327,Left,79,77,78,57,74,67,67,75,75,6,6,12,3,3,,,,Manu Sánchez,LB LM,LB,Manu Sanchez,"Levante UD Jun 30, 2026 On loan",,171.0,70.0,10000000.0,22000.0,23.94,131578.95
,32,76,76,220414,Left,69,71,73,79,77,77,72,77,74,10,9,11,2,2,,,,Diego Rico,LB CB LM,LB,Diego Rico,Getafe CF,2030,183.0,76.0,5000000.0,31000.0,22.69,65789.47
,26,76,77,260178,Right,83,86,86,67,71,59,62,78,76,10,12,12,4,3,,,,Juan Iglesias,RB LB RM,RB,Juan Iglesias,Getafe CF,2029,187.0,77.0,8000000.0,29000.0,22.02,105263.16
,25,76,79,260404,Left,79,73,89,91,75,33,66,76,75,14,13,14,3,2,,,,Z. Romero,CB LB,CB,Z. Romero,"Getafe CF Jun 30, 2026 On loan",,192.0,92.0,9000000.0,26000.0,24.96,118421.05
,27,76,76,261307,Right,81,76,71,57,39,75,75,35,38,14,11,14,4,4,,,,V. Birmančević,LW ST RW LM,LW,V. Birmancevic,"Getafe CF Jun 30, 2026 On loan",,179.0,72.0,8000000.0,25000.0,22.47,105263.16
,19,76,86,76624,Right,70,75,70,77,76,68,69,76,73,9,9,15,3,2,,,,Vitor Reis,CB,CB,Vitor Reis,"Girona FC Jun 30, 2026 On loan",,186.0,77.0,15000000.0,56000.0,22.26,197368.42
,36,76,76,177413,Right,35,37,56,80,78,75,81,76,71,5,7,10,4,3,,,,A. Witsel,CDM CM,CDM,A. Witsel,Girona FC,2028,186.0,81.0,1500000.0,22000.0,23.41,19736.84
,35,76,76,190815,Left,34,37,55,72,77,81,79,78,77,12,9,14,3,3,,,,D. Blind,CB LB CM,CB,D. Blind,Girona FC,2028,180.0,72.0,2000000.0,22000.0,22.22,26315.79
,35,76,76,201505,Right,36,43,54,79,75,74,70,77,74,9,12,11,3,2,,,,David López,CB,CB,David Lopez,Girona FC,2029,185.0,81.0,2000000.0,22000.0,23.67,26315.79
,24,76,79,246785,Left,86,82,57,32,30,73,76,32,30,13,10,6,2,3,,,,Bryan Gil,LW LM RM,LW,Bryan Gil,Girona FC,2030,175.0,60.0,10000000.0,27000.0,19.59,131578.95
,20,75,83,261530,Right,72,80,76,83,75,70,68,76,74,9,9,6,3,2,,,,Dário Essugo,CDM CM,CDM,Dario Essugo,Chelsea,2033,180.0,83.0,11500000.0,58000.0,25.62,153333.33
,22,75,82,256402,Right,86,75,69,57,43,73,71,45,43,12,9,6,3,4,,,,C. Alcaraz,CAM CM,CAM,C. Alcaraz,Everton,2027,176.0,70.0,11500000.0,32000.0,22.6,153333.33
,25,75,77,247249,Left,62,66,68,78,21,72,77,29,27,10,13,7,4,3,,,,J. Piroe,ST,ST,J. Piroe,Leeds United,2027,185.0,74.0,7000000.0,51000.0,21.62,93333.33
,25,75,77,248384,Left,63,68,78,68,71,70,75,73,73,9,13,5,3,3,,,,I. Gruev,CDM CM,CDM,I. Gruev,Leeds United,2027,185.0,77.0,6500000.0,44000.0,22.5,86666.67
,25,75,76,238041,Left,79,75,69,69,75,60,74,77,78,9,9,8,3,3,,,,T. Malacia,LB LM,LB,T. Malacia,Manchester United,2028,169.0,67.0,6000000.0,58000.0,23.46,80000.0
,27,75,77,243647,Right,30,31,31,68,14,55,60,13,10,77,72,75,2,1,,,,A. Bayındır,GK,GK,A. Bayındır,Manchester United,2027,198.0,88.0,5000000.0,38000.0,22.45,66666.67
,22,75,81,74310,Right,68,68,70,72,72,68,71,74,76,8,9,14,4,2,,,,N. Savona,RB RM,RB,N. Savona,Nottingham Forest,2030,192.0,78.0,8500000.0,56000.0,21.16,113333.33
,20,75,82,79629,Right,64,69,66,86,72,54,69,74,74,11,7,7,4,2,,,,Jair Cunha,CB,CB,Jair Cunha,Nottingham Forest,2030,198.0,87.0,10500000.0,47000.0,22.19,140000.0
,24,75,79,268474,Right,54,70,67,81,30,56,70,31,20,11,12,5,3,2,,,,L. Lucca,ST,ST,L. Lucca,"Nottingham Forest Jun 30, 2026 On loan",,201.0,80.0,8000000.0,17000.0,19.8,106666.67
,22,75,81,73580,Right,45,46,20,60,11,47,70,10,11,76,76,74,4,1,,,,A. Kinský,GK,GK,A. Kinsky,Tottenham Hotspur,2031,190.0,83.0,7500000.0,35000.0,22.99,100000.0
,32,75,75,205923,Left,54,53,54,70,77,64,76,78,77,11,7,7,3,3,,,,B. Davies,CB,CB,B. Davies,Tottenham Hotspur,2029,181.0,76.0,3600000.0,73000.0,23.2,48000.0
,23,75,81,260105,Right,65,69,67,78,76,48,68,76,75,10,11,12,3,2,,,,R. Drăgușin,CB,CB,R. Dragusin,Tottenham Hotspur,2029,191.0,80.0,8000000.0,60000.0,21.93,106666.67
,29,75,75,213956,Right,95,94,66,90,38,69,66,40,34,13,9,12,3,4,,,,Adama Traoré,RM RW,RM,Adama Traore,West Ham United,2030,179.0,86.0,5500000.0,56000.0,26.84,73333.33
,28,75,76,245336,Left,53,65,66,85,76,65,71,76,75,11,11,9,4,2,,,,M. Kilman,CB,CB,M. Kilman,West Ham United,2031,194.0,89.0,5500000.0,53000.0,23.65,73333.33
,24,75,80,246158,Right,49,51,44,61,16,46,41,10,13,75,74,75,2,1,,,,M. Hermansen,GK,GK,M. Hermansen,West Ham United,2030,187.0,81.0,7000000.0,26000.0,23.16,93333.33
,29,75,75,207948,Left,75,72,66,64,56,72,73,42,37,11,7,13,1,4,,,,B. Traoré,RW RM,RW,B. Traore,Sunderland,2029,181.0,73.0,5500000.0,54000.0,22.28,73333.33
,24,75,78,247335,Right,79,84,68,75,29,65,71,28,25,12,11,13,3,3,,,,W. Isidor,ST,ST,W. Isidor,Sunderland,2028,186.0,74.0,8000000.0,46000.0,21.39,106666.67
,27,75,76,235456,Right,79,79,79,68,70,74,75,73,72,12,15,10,2,3,,,,J. Bellegarde,CAM CM LW,CAM,J. Bellegarde,Wolverhampton Wanderers,2028,170.0,70.0,6500000.0,54000.0,24.22,86666.67
,26,75,78,258607,Left,75,79,67,81,76,65,72,77,75,11,6,5,3,2,,,,Toti,CB,CB,Toti,Wolverhampton Wanderers,2029,187.0,72.0,6500000.0,51000.0,20.59,86666.67
,22,75,80,261224,Left,75,73,76,66,75,73,74,73,72,9,12,6,2,3,,,,Hugo Bueno,LB LM,LB,Hugo Bueno,Wolverhampton Wanderers,2028,180.0,73.0,8000000.0,44000.0,22.53,106666.67
,29,75,75,222501,Right,67,68,78,66,73,68,65,75,72,14,9,10,3,2,,,,T. Castagne,RB RM,RB,T. Castagne,Fulham FC,2027,185.0,80.0,4900000.0,63000.0,23.37,65333.33
,26,75,75,235619,Left,84,82,70,39,30,76,72,28,24,7,12,15,3,4,,,,M. Edwards,RM RW,RM,M. Edwards,Burnley,2029,168.0,71.0,6000000.0,49000.0,25.16,80000.0
,26,75,76,239373,Right,65,74,83,81,46,73,72,57,52,13,7,8,4,3,,,,Z. Flemming,ST,ST,Z. Flemming,Burnley,2029,185.0,84.0,6500000.0,53000.0,24.54,86666.67
,22,75,82,258171,Right,74,77,90,76,71,75,76,72,73,9,5,11,3,3,,,,Hannibal,CM CAM LM,CM,Hannibal,Burnley,2028,182.0,70.0,11500000.0,42000.0,21.13,153333.33
,26,75,76,236988,Right,83,80,66,63,20,60,70,19,15,12,10,9,3,3,,,,E. Nketiah,ST,ST,E. Nketiah,Crystal Palace,2029,180.0,73.0,6500000.0,69000.0,22.53,86666.67
,30,75,75,207616,Right,50,55,55,79,75,55,78,76,75,10,8,7,3,2,,,,A. Webster,CB,CB,A. Webster,Brighton & Hove Albion,2029,191.0,75.0,4600000.0,67000.0,20.56,61333.33
,27,75,77,241585,Left,58,68,65,89,74,60,70,76,75,7,11,15,2,2,,,,Igor Julio,CB LB,CB,Igor Julio,Brighton & Hove Albion,2027,185.0,84.0,6000000.0,64000.0,24.54,80000.0
,25,75,76,231448,Right,78,75,62,53,42,72,60,37,37,12,12,11,3,4,,,,R. Nelson,RM LM RW,RM,R. Nelson,"Brentford Jun 30, 2026 On loan",,175.0,70.0,6500000.0,84000.0,22.86,86666.67
,32,75,75,238717,Left,54,63,65,80,77,58,65,76,75,5,9,6,3,2,,,,E. Pinnock,CB,CB,E. Pinnock,Brentford,2027,194.0,79.0,3600000.0,57000.0,20.99,48000.0
,23,75,79,248808,Right,70,72,60,59,72,67,74,76,75,13,14,13,5,2,,,,A. Hickey,RB LB RM,RB,A. Hickey,Brentford,2029,185.0,72.0,7500000.0,47000.0,21.04,100000.0
,23,75,79,248492,Right,70,73,68,75,78,53,65,75,77,7,15,8,3,2,,,,J. Hill,CB RB,CB,J. Hill,AFC Bournemouth,2029,184.0,73.0,7000000.0,47000.0,21.56,93333.33
,25,75,78,251170,Right,72,78,83,80,44,72,72,39,36,14,7,11,4,3,,,,L. Sinayoko,ST RM CAM,ST,L. Sinayoko,AJ Auxerre,2029,186.0,81.0,7500000.0,23000.0,23.41,100000.0
,21,75,83,272894,Right,72,70,76,62,74,75,71,74,65,8,7,6,3,2,,,,K. Danois,CM CDM,CM,K. Danois,AJ Auxerre,2029,183.0,72.0,12500000.0,17000.0,21.5,166666.67
,20,75,83,75320,Right,70,76,85,81,70,53,59,78,71,6,8,12,3,2,,,,I. Ganiou,CB RB RM,CB,I. Ganiou,RC Lens,2027,185.0,78.0,11500000.0,17000.0,22.79,153333.33
,31,75,75,212491,Left,77,80,83,80,68,70,74,71,70,8,7,7,2,4,,,,A. Masuaku,LB LM,LB,A. Masuaku,"RC Lens Jun 30, 2026 On loan",,179.0,80.0,4099999.9999999995,49000.0,24.97,54666.67
,27,75,75,238463,Right,69,58,74,65,77,76,74,73,67,7,11,7,2,3,,,,A. Haidara,CM CDM,CM,A. Haidara,RC Lens,2029,178.0,75.0,6000000.0,24000.0,23.67,80000.0
,22,75,83,73449,Right,81,79,65,84,31,68,74,35,22,5,7,14,4,4,,,,H. Igamane,ST CAM,ST,H. Igamane,Lille OSC,2030,181.0,77.0,12500000.0,25000.0,23.5,166666.67
,30,75,75,210897,Right,66,67,56,80,75,63,71,78,76,9,14,7,3,2,,,,C. Mbemba,CB,CB,C. Mbemba,Lille OSC,2029,182.0,81.0,4600000.0,26000.0,24.45,61333.33
,24,75,78,253167,Right,86,83,82,58,43,73,74,44,35,10,9,10,2,4,,,,Félix Correia,LM RM LW,LM,Felix Correia,Lille OSC,2029,178.0,66.0,7500000.0,23000.0,20.83,100000.0
,22,75,83,262071,Right,77,81,66,83,70,63,68,77,74,12,15,6,3,2,,,,N. Ngoy,CB,CB,N. Ngoy,Lille OSC,2029,183.0,74.0,12000000.0,22000.0,22.1,160000.0
,22,75,79,270559,Right,85,82,61,60,74,67,76,73,75,10,7,7,3,3,,,,Tiago Santos,RB RM,RB,Tiago Santos,Lille OSC,2028,175.0,71.0,7500000.0,22000.0,23.18,100000.0
,29,75,76,234371,Left,45,39,28,63,17,23,52,11,10,74,72,75,4,1,,,,R. Descamps,GK,GK,R. Descamps,Olympique Lyonnais,2029,196.0,82.0,4300000.0,13000.0,21.35,57333.33
,29,75,75,240702,Right,70,76,71,79,41,68,69,48,34,14,15,7,3,2,,,,R. Yaremchuk,ST,ST,R. Yaremchuk,"Olympique Lyonnais Jun 30, 2026 On loan",,191.0,83.0,5500000.0,31000.0,22.75,73333.33
,25,75,78,263815,Left,79,80,72,67,71,69,73,74,76,11,13,14,2,3,,,,Abner Vinícius,LB LM,LB,Abner Vinicius,Olympique Lyonnais,2029,182.0,74.0,7000000.0,18000.0,22.34,93333.33
,21,75,82,268763,Left,85,79,62,62,17,68,72,21,23,11,8,9,3,4,,,,E. Nuamah,RM RW,RM,E. Nuamah,Olympique Lyonnais,2028,178.0,71.0,11500000.0,14000.0,22.41,153333.33
,20,75,84,276901,Right,90,92,86,61,39,70,68,38,32,11,7,7,3,4,,,,Afonso Moreira,LM LW,LM,Afonso Moreira,Olympique Lyonnais,2029,176.0,72.0,12500000.0,14000.0,23.24,166666.67
,22,75,81,253004,Right,82,81,60,49,20,72,79,32,28,6,9,10,4,4,,,,Ansu Fati,LM LW CAM,LM,Ansu Fati,"AS Monaco Jun 30, 2026 On loan",,178.0,66.0,9000000.0,56000.0,20.83,120000.0
,20,75,84,272785,Left,73,84,69,76,75,48,69,77,75,11,6,13,5,2,,,,C. Mawissa,CB LB CDM,CB,C. Mawissa,AS Monaco,2029,184.0,77.0,11500000.0,19000.0,22.74,153333.33
,32,75,75,204513,Right,48,42,21,71,23,35,58,11,11,76,73,73,3,1,,,,M. Dupé,GK,GK,M. Dupe,OGC Nice,2029,188.0,88.0,2800000.0,16000.0,24.9,37333.33
,31,75,75,252711,Left,83,89,89,71,68,66,71,70,67,13,13,10,3,3,,,,A. Abdi,LB LM,LB,A. Abdi,OGC Nice,2027,183.0,73.0,4099999.9999999995,24000.0,21.8,54666.67
,21,75,82,256476,Left,82,79,69,62,21,72,65,22,20,9,6,7,3,3,,,,M. Cho,RW RM ST,RW,M. Cho,OGC Nice,2028,181.0,66.0,11500000.0,20000.0,20.15,153333.33
,25,75,80,274536,Right,92,93,64,81,70,55,74,77,73,7,5,9,3,2,,,,M. Bombito,CB,CB,M. Bombito,OGC Nice,2028,191.0,81.0,7500000.0,22000.0,22.2,100000.0
,21,75,84,255434,Right,77,72,61,42,30,73,74,38,32,10,7,13,3,3,,,,J. Enciso,CAM ST,CAM,J. Enciso,RC Strasbourg Alsace,2029,173.0,64.0,12500000.0,33000.0,21.38,166666.67
,23,75,82,256782,Right,77,64,77,58,32,77,75,25,33,12,7,6,3,4,,,,S. Nanasi,CAM LM CM,CAM,S. Nanasi,RC Strasbourg Alsace,2029,178.0,71.0,11500000.0,38000.0,22.41,153333.33
,27,75,77,245410,Right,54,58,71,82,72,30,66,78,72,9,8,10,3,2,,,,M. Talbi,CB,CB,M. Talbi,FC Lorient,2027,190.0,81.0,6000000.0,18000.0,22.44,80000.0
,23,75,79,264401,Right,53,68,68,76,72,35,55,79,76,9,8,14,3,2,,,,B. Meïté,CB,CB,B. Meite,"FC Lorient Jun 30, 2026 On loan",,183.0,75.0,7000000.0,28000.0,22.4,93333.33
,22,75,80,268131,Right,76,84,75,83,72,50,75,73,75,14,5,7,3,2,,,,C. Egan-Riley,CB,CB,C. Egan-Riley,Olympique de Marseille,2029,183.0,70.0,8000000.0,28000.0,20.9,106666.67
,25,75,78,235413,Right,29,34,23,61,23,41,43,24,25,77,70,75,3,1,,,,R. Majecki,GK,GK,R. Majecki,"Stade Brestois 29 Jun 30, 2026 On loan",,193.0,78.0,6000000.0,16000.0,20.94,80000.0
,26,75,77,239203,Left,36,31,25,66,12,24,25,13,11,74,72,73,3,1,,,,G. Coudert,GK,GK,G. Coudert,Stade Brestois 29,2027,188.0,83.0,5500000.0,14000.0,23.48,73333.33
,23,75,80,263908,Left,69,77,67,66,75,52,66,75,76,13,11,9,2,2,,,,B. Locko,LB LM,LB,B. Locko,Stade Brestois 29,2027,180.0,65.0,8000000.0,18000.0,20.06,106666.67
,22,75,81,267702,Right,69,68,70,48,59,76,74,60,59,9,10,10,3,3,,,,K. Doumbia,CAM CM,CAM,K. Doumbia,Stade Brestois 29,2029,170.0,53.0,9000000.0,20000.0,18.34,120000.0
,31,75,75,224444,Right,51,42,86,67,68,73,70,74,74,8,14,14,3,3,,,,H. Belkebla,CDM CM,CDM,H. Belkebla,Angers SCO,2030,177.0,68.0,3900000.0,15000.0,21.71,52000.0
,31,75,75,234515,Left,62,65,78,76,77,63,70,76,76,14,6,12,3,2,,,,J. Lefort,CB,CB,J. Lefort,Angers SCO,2029,184.0,81.0,3800000.0,15000.0,23.92,50666.67
,31,75,75,210450,Right,41,43,75,87,74,69,76,74,65,8,15,9,3,2,,,,A. Touré,CDM CM,CDM,A. Toure,Le Havre AC,2029,188.0,84.0,3900000.0,15000.0,23.77,52000.0
,32,75,75,201042,Right,62,65,72,75,75,65,72,77,73,10,16,12,4,3,,,,D. Sidibé,RB RM CB CDM,RB,D. Sidibe,Toulouse FC,2029,183.0,80.0,3900000.0,22000.0,23.89,52000.0
,25,75,80,242534,Right,78,76,85,72,73,66,73,78,76,9,15,8,4,3,,,,C. Cásseres Jr,CDM CM,CDM,C. Casseres Jr,Toulouse FC,2027,176.0,68.0,7500000.0,20000.0,21.95,100000.0
,27,75,75,234612,Left,82,79,59,50,34,73,76,36,36,9,8,8,3,4,,,,J. Ikoné,RW RM,RW,J. Ikone,Paris FC,2027,175.0,73.0,6000000.0,43000.0,23.84,80000.0
,29,75,75,235432,Right,63,70,89,77,75,73,71,75,70,13,10,8,3,3,,,,M. Munetsi,CM CAM CDM,CM,M. Munetsi,"Paris FC Jun 30, 2026 On loan",,188.0,83.0,5500000.0,56000.0,23.48,73333.33
,17,75,88,78063,Left,77,68,55,34,34,74,69,32,35,11,6,14,3,4,,,,L. Karl,CAM RM ST,CAM,L. Karl,FC Bayern München,2028,168.0,67.0,13000000.0,25000.0,23.74,173333.33
,31,75,75,212002,Right,50,69,78,87,39,60,76,18,17,11,16,9,2,2,,,,H. Tabaković,ST,ST,H. Tabakovic,"Borussia Mönchengladbach Jun 30, 2026 On loan",,194.0,90.0,4800000.0,35000.0,23.91,64000.0
,28,75,75,234943,Right,64,79,66,66,67,80,73,67,64,6,11,11,3,4,,,,F. Neuhaus,CM CAM CDM,CM,F. Neuhaus,Borussia Mönchengladbach,2027,185.0,77.0,5500000.0,27000.0,22.5,73333.33
,22,75,78,243133,Right,80,85,85,74,73,59,64,77,73,12,7,10,3,2,,,,J. Scally,RB CB RM RW,RB,J. Scally,Borussia Mönchengladbach,2027,184.0,80.0,7000000.0,21000.0,23.63,93333.33
,27,75,76,243354,Right,72,65,69,66,76,75,75,75,74,15,6,7,3,3,,,,P. Sander,CDM CM CB,CDM,P. Sander,Borussia Mönchengladbach,2028,185.0,77.0,6000000.0,24000.0,22.5,80000.0
,32,75,75,208335,Right,74,80,73,79,80,53,66,73,74,12,14,8,2,2,,,,L. Kübler,RB,RB,L. Kubler,SC Freiburg,2029,182.0,78.0,3900000.0,26000.0,23.55,52000.0
,23,75,78,255185,Right,84,82,82,45,49,76,68,50,48,15,12,13,4,3,,,,Y. Suzuki,CAM ST,CAM,Y. Suzuki,SC Freiburg,2029,175.0,71.0,7500000.0,23000.0,23.18,100000.0
,27,75,75,232839,Left,77,70,86,68,70,70,69,73,71,11,14,8,3,3,,,,M. Muheim,LB LM,LB,M. Muheim,Hamburger SV,2027,182.0,77.0,5500000.0,22000.0,23.25,73333.33
,28,75,75,233965,Right,73,73,79,66,72,75,71,71,71,8,13,11,4,3,,,,A. Castro-Montes,RM LM RB RW,RM,A. Castro-Montes,1. FC Köln,2028,175.0,67.0,5500000.0,24000.0,21.88,73333.33
,32,75,75,244390,Right,77,82,76,77,38,68,67,53,42,7,7,14,3,3,,,,M. Bülter,ST LM LW CAM,ST,M. Bulter,1. FC Köln,2027,188.0,85.0,4600000.0,26000.0,24.05,61333.33
,20,75,84,272781,Right,76,77,69,61,23,75,75,28,31,6,10,10,3,4,,,,E. Ben Seghir,CAM LM CM,CAM,E. Ben Seghir,Bayer 04 Leverkusen,2030,178.0,72.0,12500000.0,42000.0,22.72,166666.67
,24,75,78,242602,Right,83,90,78,84,70,68,68,72,66,12,13,10,4,3,,,,J. Vagnoman,RB RM,RB,J. Vagnoman,VfB Stuttgart,2028,190.0,90.0,7000000.0,27000.0,24.93,93333.33
,25,75,80,260574,Right,73,79,78,70,72,60,68,75,73,11,13,8,3,3,,,,L. Assignon,RB RM,RB,L. Assignon,VfB Stuttgart,2029,181.0,77.0,7500000.0,30000.0,23.5,100000.0
,25,75,79,242916,Right,75,75,75,67,73,70,70,74,72,8,12,8,3,3,,,,Y. Sugawara,RB RM,RB,Y. Sugawara,"SV Werder Bremen Jun 30, 2026 On loan",,178.0,68.0,7000000.0,45000.0,21.46,93333.33
,25,75,78,243350,Right,88,93,78,54,68,67,66,74,71,11,15,12,3,3,,,,F. Agu,LB LM,LB,F. Agu,SV Werder Bremen,2027,180.0,67.0,7000000.0,23000.0,20.68,93333.33
,21,75,84,268428,Right,19,28,25,56,13,41,32,10,11,76,69,75,4,1,,,,M. Backhaus,GK,GK,M. Backhaus,SV Werder Bremen,2027,194.0,82.0,11000000.0,9000.0,21.79,146666.67
,31,75,75,202429,Right,75,84,75,78,73,68,65,76,77,15,15,6,3,3,,,,D. da Costa,CB RB RM,CB,D. da Costa,1. FSV Mainz 05,2027,187.0,87.0,3800000.0,26000.0,24.88,50666.67
,31,75,75,216275,Right,83,73,87,66,72,67,70,70,67,12,9,9,4,3,,,,P. Mwene,LB LM RM,LB,P. Mwene,1. FSV Mainz 05,2030,172.0,68.0,4099999.9999999995,26000.0,22.99,54666.67
,24,75,79,258715,Right,87,84,92,71,25,68,70,24,22,10,14,13,4,4,,,,B. Hollerbach,ST CAM LM,ST,B. Hollerbach,1. FSV Mainz 05,2029,181.0,82.0,8000000.0,24000.0,25.03,106666.67
,26,75,78,241494,Right,66,59,69,84,71,38,66,80,75,11,12,11,3,2,,,,M. Jenz,CB,CB,M. Jenz,VfL Wolfsburg,2027,190.0,86.0,6500000.0,37000.0,23.82,86666.67
,26,75,78,262929,Right,64,65,77,84,76,65,70,76,75,14,14,13,3,2,,,,Vinicius Souza,CDM CM,CDM,Vinicius Souza,VfL Wolfsburg,2030,187.0,80.0,6500000.0,37000.0,22.88,86666.67
,20,75,81,268312,Right,79,81,75,50,69,63,69,72,72,9,6,6,3,3,,,,S. Kumbedi,RB RM,RB,S. Kumbedi,VfL Wolfsburg,2029,175.0,63.0,8000000.0,27000.0,20.57,106666.67
,29,75,75,227370,Right,39,44,38,70,21,52,43,16,12,74,71,74,5,1,,,,M. Zetterer,GK,GK,M. Zetterer,Eintracht Frankfurt,2029,187.0,79.0,3800000.0,18000.0,22.59,50666.67
,20,75,85,269728,Right,91,97,66,60,36,73,70,52,56,15,11,12,3,4,,,,J. Bahoya,LM LW CAM,LM,J. Bahoya,Eintracht Frankfurt,2029,180.0,75.0,12500000.0,21000.0,23.15,166666.67
,38,75,75,193254,Right,55,76,73,82,75,67,70,74,69,16,8,8,3,3,,,,C. Trimmel,RB RM,RB,C. Trimmel,1. FC Union Berlin,2028,189.0,82.0,1200000.0,23000.0,22.96,16000.0
,26,75,76,250941,Left,86,88,71,72,69,65,61,72,71,9,14,9,3,4,,,,D. Köhn,LB LM,LB,D. Kohn,1. FC Union Berlin,2029,180.0,73.0,6000000.0,29000.0,22.53,80000.0
,30,75,75,232805,Left,67,71,82,73,72,58,69,78,81,15,12,14,3,3,,,,Bernardo,LB CB,LB,Bernardo,TSG 1899 Hoffenheim,2027,186.0,76.0,4800000.0,31000.0,21.97,64000.0
,27,75,75,232873,Left,71,81,73,85,74,60,62,75,71,7,7,14,3,2,,,,K. Machida,CB,CB,K. Machida,TSG 1899 Hoffenheim,2029,190.0,80.0,5000000.0,29000.0,22.16,66666.67
,22,75,79,259074,Left,62,58,71,82,76,33,58,76,74,12,9,11,3,2,,,,A. Hajdari,CB LB,CB,A. Hajdari,TSG 1899 Hoffenheim,2029,189.0,80.0,7500000.0,25000.0,22.4,100000.0
,24,75,77,263041,Left,76,73,79,73,74,75,74,69,67,7,15,8,2,3,,,,A. Prass,LB LM CM,LB,A. Prass,TSG 1899 Hoffenheim,2028,180.0,72.0,6500000.0,25000.0,22.22,86666.67
,31,75,75,199439,Left,36,37,71,86,33,67,73,40,38,10,6,16,3,3,,,,M. Gregoritsch,ST,ST,M. Gregoritsch,"FC Augsburg Jun 30, 2026 On loan",,193.0,91.0,4800000.0,17000.0,24.43,64000.0
,28,75,76,244068,Left,56,69,54,84,73,58,68,81,75,13,14,10,3,2,,,,K. Schlotterbeck,CB,CB,K. Schlotterbeck,FC Augsburg,2027,189.0,86.0,5500000.0,31000.0,24.08,73333.33
,23,75,80,246594,Right,65,70,77,72,75,68,72,74,72,8,14,9,3,3,,,,H. Massengo,CDM CM,CDM,H. Massengo,FC Augsburg,2030,175.0,70.0,8000000.0,25000.0,22.86,106666.67
,28,75,75,257889,Right,73,66,82,76,73,66,69,76,74,10,10,9,3,2,,,,K. Jakić,CDM CM CB,CDM,K. Jakic,FC Augsburg,2028,181.0,75.0,4900000.0,31000.0,22.89,65333.33
,23,75,81,248478,Right,28,29,38,64,15,67,65,15,15,76,71,73,5,1,,,,D. Ramaj,GK,GK,D. Ramaj,"1. FC Heidenheim 1846 Jun 30, 2026 On loan",,188.0,82.0,7000000.0,18000.0,23.2,93333.33
,20,75,85,263193,Left,55,85,56,92,71,62,61,76,69,10,12,13,3,2,,,,E. Bitshiabu,CB,CB,E. Bitshiabu,RB Leipzig,2029,196.0,95.0,11500000.0,29000.0,24.73,153333.33
,21,75,85,272612,Left,78,74,66,62,33,74,65,30,21,12,10,6,3,4,,,,B. Gruda,CAM RM CM,CAM,B. Gruda,"RB Leipzig Jun 30, 2026 On loan",,178.0,70.0,12500000.0,51000.0,22.09,166666.67
,20,75,85,277689,Left,74,75,63,81,25,70,73,22,20,13,8,8,3,3,,,,C. Harder,ST CAM LW,ST,C. Harder,RB Leipzig,2030,185.0,71.0,12500000.0,34000.0,20.75,166666.67
,25,75,80,239368,Left,76,79,81,81,70,66,70,72,68,14,7,8,2,2,,,,M. Bakker,LB LM RM,LB,M. Bakker,Atalanta,2027,185.0,85.0,7500000.0,45000.0,24.84,100000.0
,27,75,77,243311,Right,24,30,42,58,11,52,42,13,15,75,71,74,3,1,,,,Josep Martínez,GK,GK,Josep Martinez,Inter,2029,191.0,78.0,5000000.0,16000.0,21.38,66666.67
,22,75,81,268534,Left,75,78,77,77,69,74,76,70,65,10,15,9,3,3,,,,A. Diouf,CM CAM,CM,A. Diouf,Inter,2030,187.0,81.0,9000000.0,23000.0,23.16,120000.0
,25,75,78,246656,Right,80,85,78,82,69,63,64,71,69,7,12,5,3,3,,,,E. Holm,RB RM,RB,E. Holm,"Juventus Jun 30, 2026 On loan",,192.0,87.0,7000000.0,37000.0,23.6,93333.33
,21,75,80,268802,Right,75,74,76,69,69,76,74,71,69,11,9,14,4,3,,,,F. Miretti,CM CAM LM,CM,F. Miretti,Juventus,2028,180.0,72.0,8500000.0,59000.0,22.22,113333.33
,32,75,75,206098,Right,65,61,68,64,78,66,72,77,74,8,14,9,3,2,,,,Patric,CB CDM,CB,Patric,Lazio,2027,184.0,72.0,3600000.0,29000.0,21.27,48000.0
,28,75,75,245275,Right,56,45,69,79,77,78,72,76,72,13,10,11,3,3,,,,T. Bašić,CM CDM,CM,T. Basic,Lazio,2028,190.0,82.0,5500000.0,30000.0,22.71,73333.33
,23,75,84,265774,Right,68,72,76,70,72,45,65,80,76,12,8,10,3,2,,,,K. De Winter,CB,CB,K. De Winter,AC Milan,2030,191.0,78.0,11500000.0,31000.0,21.38,153333.33
,34,75,75,200752,Left,63,53,66,72,77,34,73,78,76,12,11,8,3,2,,,,Juan Jesus,CB,CB,Juan Jesus,Napoli,2029,185.0,83.0,1800000.0,68000.0,24.25,24000.0
,24,75,79,245992,Right,69,52,66,49,72,75,77,74,69,9,7,13,3,3,,,,B. Gilmour,CM CDM,CM,B. Gilmour,Napoli,2029,170.0,66.0,8000000.0,59000.0,22.84,106666.67
,25,75,78,252442,Right,77,84,85,71,74,58,61,78,74,7,12,12,3,2,,,,E. Delprato,CB RB,CB,E. Delprato,Parma,2027,183.0,76.0,6500000.0,18000.0,22.69,86666.67
,25,75,79,253162,Right,68,63,81,70,70,79,73,71,67,8,10,10,3,3,,,,H. Nicolussi Caviglia,CDM CM,CDM,H. Nicolussi Caviglia,"Parma Jun 30, 2026 On loan",,184.0,76.0,7000000.0,5000.0,22.45,93333.33
,26,75,76,258714,Left,76,73,78,58,70,66,69,74,71,8,10,12,2,3,,,,E. Valeri,LB LM,LB,E. Valeri,Parma,2028,179.0,78.0,6000000.0,19000.0,24.34,80000.0
,24,75,80,258683,Left,69,66,65,66,70,77,72,72,69,10,10,11,3,3,,,,I. Ilić,CDM CM CB,CDM,I. Ilic,Torino,2027,186.0,77.0,8000000.0,28000.0,22.26,106666.67
,25,75,80,270141,Right,30,32,23,80,11,45,44,12,11,79,71,74,3,1,,,,F. Israel,GK,GK,F. Israel,Torino,2028,190.0,82.0,6500000.0,19000.0,22.71,86666.67
,22,75,83,273883,Right,63,69,76,69,69,77,73,71,69,10,7,7,3,2,,,,C. Casadei,CM CDM,CM,C. Casadei,Torino,2029,192.0,77.0,12500000.0,29000.0,20.89,166666.67
,30,75,75,214658,Right,66,62,83,74,72,76,75,73,70,11,8,11,3,2,,,,J. Karlström,CDM CM,CDM,J. Karlstrom,Udinese,2030,185.0,81.0,4700000.0,18000.0,23.67,62666.67
,25,75,76,238067,Left,72,76,65,80,44,76,74,50,46,8,11,13,2,4,,,,N. Zaniolo,ST RW RM CAM,ST,N. Zaniolo,"Udinese Jun 30, 2026 On loan",,190.0,79.0,7000000.0,43000.0,21.88,93333.33
,31,75,75,212404,Left,73,72,74,69,53,75,77,48,52,14,15,13,4,4,,,,F. Bernardeschi,RM ST RW,RM,F. Bernardeschi,Bologna,2027,184.0,79.0,4700000.0,42000.0,23.33,62666.67
,27,75,75,244270,Right,66,66,74,70,70,74,77,73,72,9,9,13,4,3,,,,N. Moro,CDM CM CB,CDM,N. Moro,Bologna,2027,184.0,78.0,5500000.0,38000.0,23.04,73333.33
,24,75,80,252021,Right,69,73,64,65,29,74,79,24,23,11,6,10,4,2,,,,T. Dallinga,ST,ST,T. Dallinga,Bologna,2028,190.0,89.0,8500000.0,38000.0,24.65,113333.33
,22,75,82,266500,Right,85,84,64,64,42,69,72,26,24,8,13,7,4,3,,,,J. Rowe,LM RM LW,LM,J. Rowe,Bologna,2029,174.0,71.0,11500000.0,35000.0,23.45,153333.33
,25,75,78,244717,Left,77,79,80,62,74,65,61,69,71,5,12,8,2,2,,,,A. Gallo,LB LM,LB,A. Gallo,Lecce,2028,183.0,73.0,7000000.0,12000.0,21.8,93333.33
,24,75,78,77163,Right,69,68,72,79,75,70,75,78,78,6,10,13,5,2,,,,I. Smolčić,RB CB CM,RB,I. Smolcic,Como,2029,181.0,78.0,7000000.0,55000.0,23.81,93333.33
,32,75,75,205566,Left,74,75,75,54,71,69,68,73,73,10,14,10,2,3,,,,Alberto Moreno,LB CM,LB,Alberto Moreno,Como,2029,171.0,65.0,3900000.0,66000.0,22.23,52000.0
,30,75,75,210719,Left,69,74,80,80,75,58,72,77,74,14,14,7,4,2,,,,M. Kempf,CB CDM,CB,M. Kempf,Como,2027,186.0,87.0,4600000.0,66000.0,25.15,61333.33
,22,75,82,247888,Right,76,74,71,61,33,74,71,40,35,15,12,10,5,4,,,,S. Esposito,ST CAM,ST,S. Esposito,"Cagliari Jun 30, 2026 On loan",,183.0,76.0,11500000.0,25000.0,22.69,153333.33
,20,75,84,278339,Right,82,89,79,70,67,69,72,68,66,7,9,8,4,3,,,,M. Palestra,RB RM,RB,M. Palestra,"Cagliari Jun 30, 2026 On loan",,186.0,80.0,12000000.0,35000.0,23.12,160000.0
,30,75,75,211320,Right,36,32,50,80,76,50,71,76,75,5,10,5,3,2,,,,D. Rugani,CB,CB,D. Rugani,"Fiorentina Jun 30, 2026 On loan",,190.0,86.0,4600000.0,80000.0,23.82,61333.33
,26,75,78,240777,Left,62,73,68,59,77,42,65,77,76,14,8,8,3,2,,,,L. Ranieri,CB,CB,L. Ranieri,Fiorentina,2028,187.0,76.0,6500000.0,38000.0,21.73,86666.67
,24,75,80,248385,Right,66,79,77,82,25,55,68,38,34,14,13,10,3,2,,,,R. Piccoli,ST,ST,R. Piccoli,Fiorentina,2030,189.0,94.0,8500000.0,38000.0,26.32,113333.33
,24,75,80,258976,Left,76,75,66,65,72,56,72,74,73,11,10,13,3,2,,,,F. Parisi,LB RB RM CM,LB,F. Parisi,Fiorentina,2028,178.0,72.0,8000000.0,33000.0,22.72,106666.67
,20,75,86,278340,Right,61,61,69,66,79,44,72,77,74,14,8,7,2,2,,,,P. Comuzzo,CB,CB,P. Comuzzo,Fiorentina,2028,185.0,75.0,11500000.0,28000.0,21.91,153333.33
,32,75,75,231969,Left,66,64,66,74,66,76,74,69,50,6,6,15,4,4,,,,R. Malinovskyi,CM CAM CDM,CM,R. Malinovskyi,Genoa,2027,181.0,79.0,4400000.0,23000.0,24.11,58666.67
,27,75,76,232229,Right,41,43,25,65,10,55,53,12,14,77,72,73,2,1,,,,J. Bijlow,GK,GK,J. Bijlow,Genoa,2028,188.0,76.0,4800000.0,14000.0,21.5,64000.0
,25,75,80,238516,Right,63,58,68,84,75,34,58,74,72,13,10,8,3,2,,,,L. Østigård,CB,CB,L. Østigard,Genoa,2030,182.0,80.0,7500000.0,20000.0,24.15,100000.0
,26,75,78,244349,Left,59,63,79,67,76,47,69,76,76,9,12,12,2,2,,,,J. Vásquez,CB,CB,J. Vasquez,Genoa,2028,185.0,72.0,6500000.0,21000.0,21.04,86666.67
,25,75,78,263829,Right,78,73,73,70,36,65,74,29,22,5,8,9,3,3,,,,Vitinha,ST,ST,Vitinha,Genoa,2028,178.0,74.0,7500000.0,23000.0,23.36,100000.0
,39,75,75,157481,Right,31,30,34,77,75,64,74,78,76,8,6,9,3,2,,,,Raúl Albiol,CB,CB,Raul Albiol,Pisa,2029,190.0,82.0,1000000.0,7000.0,22.71,13333.33
,37,75,75,193082,Right,78,76,54,54,71,74,73,78,81,5,5,6,3,5,,,,J. Cuadrado,RM RB RW,RM,J. Cuadrado,Pisa,2028,179.0,72.0,1800000.0,9000.0,22.47,24000.0
,22,75,81,273128,Right,74,78,65,84,29,66,70,20,17,7,12,5,3,3,,,,R. Durosinmi,ST,ST,R. Durosinmi,Pisa,2030,192.0,85.0,9000000.0,11000.0,23.06,120000.0
,38,75,75,208830,Right,74,69,61,63,49,70,78,51,53,15,14,15,4,3,,,,J. Vardy,ST,ST,J. Vardy,Cremonese,2029,179.0,74.0,1900000.0,11000.0,23.1,25333.33
,29,75,75,219932,Right,78,72,60,62,21,69,78,20,15,8,14,14,4,3,,,,A. Sanabria,ST,ST,A. Sanabria,Cremonese,2028,180.0,70.0,5500000.0,14000.0,21.6,73333.33
,28,75,76,220534,Left,63,62,72,74,76,53,74,77,74,12,6,11,3,2,,,,S. Luperto,CB,CB,S. Luperto,Cremonese,2028,190.0,83.0,5500000.0,13000.0,22.99,73333.33
,28,75,76,268573,Right,66,72,82,91,72,63,69,74,72,14,11,6,3,2,,,,F. Baschirotto,CB,CB,F. Baschirotto,Cremonese,2028,187.0,93.0,5500000.0,13000.0,26.59,73333.33
,26,75,76,235842,Right,70,69,78,68,16,45,62,30,24,14,10,7,3,3,,,,A. Pinamonti,ST,ST,A. Pinamonti,Sassuolo,2027,188.0,72.0,6500000.0,22000.0,20.37,86666.67
,23,75,79,264207,Right,74,81,79,70,69,74,76,69,66,7,7,9,4,3,,,,I. Koné,CM CDM,CM,I. Kone,Sassuolo,2029,188.0,76.0,8000000.0,18000.0,21.5,106666.67
,18,75,86,74463,Left,66,70,65,75,72,72,71,75,73,12,8,14,3,2,,,,Marc Bernal,CDM CM,CDM,Marc Bernal,FC Barcelona,2029,193.0,84.0,11000000.0,39000.0,22.55,146666.67
,34,75,75,198951,Right,76,81,65,70,28,67,69,34,29,6,13,14,3,3,,,,C. Bakambu,ST LW LM,ST,C. Bakambu,Real Betis Balompié,2029,182.0,73.0,2700000.0,28000.0,22.04,36000.0
,25,75,80,267430,Left,77,77,76,78,73,72,72,75,72,9,8,8,3,3,,,,N. Deossa,CDM CM CAM,CDM,N. Deossa,Real Betis Balompié,2030,185.0,71.0,7500000.0,23000.0,20.75,100000.0
,24,75,78,252866,Right,78,74,76,63,71,76,77,71,67,14,9,9,3,3,,,,Carreira,RB RM LM,RB,Carreira,RC Celta,2029,170.0,65.0,7000000.0,21000.0,22.49,93333.33
,21,75,82,263227,Right,75,73,78,56,66,81,77,69,45,7,14,8,4,3,,,,W. Swedberg,LW CM CAM LM,LW,W. Swedberg,RC Celta,2029,187.0,78.0,11500000.0,20000.0,22.31,153333.33
,26,75,75,265800,Right,79,73,74,79,21,65,77,29,25,6,8,8,4,3,,,,Ferran Jutglà,ST RW LM CAM,ST,Ferran Jutgla,RC Celta,2029,175.0,75.0,6000000.0,27000.0,24.49,80000.0
,21,75,81,266331,Right,70,68,62,57,69,73,69,65,58,10,9,8,3,3,,,,Hugo Álvarez,LM RM LW,LM,Hugo Alvarez,RC Celta,2028,176.0,72.0,9000000.0,19000.0,23.24,120000.0
,32,75,75,225926,Left,75,75,76,65,59,74,74,58,42,10,10,14,3,3,,,,Pere Milla,LM ST CAM LW,LM,Pere Milla,RCD Espanyol,2027,184.0,72.0,4500000.0,22000.0,21.27,60000.0
,29,75,75,240289,Right,59,62,58,74,76,64,64,76,76,11,13,14,4,2,,,,Calero,CB,CB,Calero,RCD Espanyol,2028,183.0,71.0,4700000.0,21000.0,21.2,62666.67
,25,75,77,244407,Right,62,65,81,63,74,74,67,74,73,8,7,11,3,3,,,,Pol Lozano,CDM CM,CDM,Pol Lozano,RCD Espanyol,2027,177.0,62.0,6500000.0,19000.0,19.79,86666.67
,21,75,81,261654,Right,83,82,82,73,72,65,65,72,73,10,13,13,3,3,,,,Omar El Hilali,RB CB RM,RB,Omar El Hilali,RCD Espanyol,2027,183.0,75.0,8500000.0,15000.0,22.4,113333.33
,18,75,86,80915,Right,86,81,65,44,36,71,62,39,30,12,8,9,3,4,,,,Jan Virgili,LW LM RM,LW,Jan Virgili,RCD Mallorca,2030,168.0,66.0,12000000.0,20000.0,23.38,160000.0
,32,75,75,208620,Right,55,41,76,69,74,73,68,76,69,6,7,10,5,3,,,,Omar Mascarell,CDM CM CB,CDM,Omar Mascarell,RCD Mallorca,2029,181.0,76.0,3700000.0,28000.0,23.2,49333.33
,30,75,75,219792,Right,48,45,82,73,73,73,74,75,69,7,7,7,2,3,,,,B. Santamaria,CM CDM,CM,B. Santamaria,Valencia CF,2027,183.0,81.0,5500000.0,34000.0,24.19,73333.33
,28,75,75,236276,Right,84,84,65,69,32,72,74,52,47,15,8,8,4,4,,,,A. Danjuma,LW ST LM,LW,A. Danjuma,Valencia CF,2028,178.0,74.0,5500000.0,36000.0,23.36,73333.33
,26,75,76,236657,Right,76,78,87,87,71,74,71,71,70,8,10,8,4,3,,,,F. Ugrinić,CM CDM CAM,CM,F. Ugrinic,Valencia CF,2029,184.0,88.0,6500000.0,32000.0,25.99,86666.67
,28,75,76,240900,Right,59,71,68,79,75,40,62,74,75,9,9,6,2,2,,,,Unai Núñez,CB RB,CB,Unai Nunez,"Valencia CF Jun 30, 2026 On loan",,186.0,81.0,5500000.0,25000.0,23.41,73333.33
,24,75,79,246258,Right,76,67,71,74,41,76,77,46,44,6,14,14,3,3,,,,L. Beltrán,ST CAM LM,ST,L. Beltran,"Valencia CF Jun 30, 2026 On loan",,174.0,75.0,8000000.0,38000.0,24.77,106666.67
,23,75,82,265726,Right,60,65,77,84,74,53,61,74,75,14,11,7,3,2,,,,César Tárrega,CB,CB,Cesar Tarrega,Valencia CF,2030,194.0,78.0,10500000.0,27000.0,20.72,140000.0
,31,75,75,210455,Right,76,70,71,65,76,70,80,74,77,7,10,10,4,3,,,,Jonny,RB LB CB CM,RB,Jonny,Deportivo Alavés,2027,170.0,70.0,4099999.9999999995,26000.0,24.22,54666.67
,28,75,75,231628,Right,78,88,69,84,50,67,68,46,40,12,11,10,3,3,,,,Rafa Mir,ST LW CAM,ST,Rafa Mir,"Elche CF Jun 30, 2026 On loan",,191.0,86.0,6000000.0,31000.0,23.57,80000.0
,24,75,82,261264,Right,74,72,89,82,76,56,72,75,74,8,15,11,3,2,,,,D. Affengruber,CB,CB,D. Affengruber,Elche CF,2027,185.0,79.0,10500000.0,18000.0,23.08,140000.0
,22,75,82,258139,Right,85,85,56,47,23,73,68,26,22,7,14,6,3,3,,,,Raúl Moro,LW LM RM,LW,Raul Moro,CA Osasuna,2031,169.0,67.0,11500000.0,27000.0,23.46,153333.33
,24,75,80,271145,Left,75,79,81,79,73,66,65,75,71,7,11,10,3,3,,,,Abel Bretones,LB LM,LB,Abel Bretones,CA Osasuna,2029,188.0,78.0,8000000.0,24000.0,22.07,106666.67
,24,75,78,272433,Left,53,45,68,73,76,50,63,76,76,10,12,6,3,2,,,,Herrando,CB,CB,Herrando,CA Osasuna,2030,190.0,78.0,7000000.0,24000.0,21.61,93333.33
,33,75,75,203581,Right,74,80,84,62,71,65,74,72,70,12,9,9,3,3,,,,I. Balliu,RB LB RM,RB,I. Balliu,Rayo Vallecano,2027,172.0,68.0,2900000.0,22000.0,22.99,38666.67
,28,75,76,236355,Right,70,75,53,80,75,58,64,75,74,14,8,10,4,3,,,,Luiz Felipe,CB,CB,Luiz Felipe,Rayo Vallecano,2028,187.0,80.0,5500000.0,22000.0,22.88,73333.33
,27,75,75,236492,Right,68,64,81,71,69,76,71,73,70,7,14,13,4,3,,,,Pedro Díaz,CM CDM CAM,CM,Pedro Diaz,Rayo Vallecano,2028,180.0,75.0,6000000.0,22000.0,23.15,80000.0
,21,75,83,265578,Left,78,78,66,54,26,72,72,40,35,6,12,6,4,4,,,,I. Akhomach,RW RM,RW,I. Akhomach,"Rayo Vallecano Jun 30, 2026 On loan",,175.0,70.0,12500000.0,26000.0,22.86,166666.67
,20,75,85,276633,Left,78,83,65,88,73,54,66,73,74,10,15,14,3,2,,,,N. Mendy,CB LB,CB,N. Mendy,Rayo Vallecano,2030,187.0,83.0,11500000.0,16000.0,23.74,153333.33
,36,75,75,184941,Right,75,66,59,58,52,78,78,44,35,10,10,12,4,3,,,,A. Sánchez,ST CAM,ST,A. Sanchez,Sevilla FC,2028,169.0,62.0,1900000.0,24000.0,21.71,25333.33
,33,75,75,193198,Right,44,48,77,85,74,72,76,75,75,8,11,14,2,3,,,,N. Gudelj,CB CDM CM,CB,N. Gudelj,Sevilla FC,2028,187.0,79.0,2700000.0,28000.0,22.59,36000.0
,28,75,75,229752,Right,75,81,85,75,77,73,80,75,74,6,12,7,4,3,,,,D. Sow,CM CDM CAM,CM,D. Sow,Sevilla FC,2028,183.0,76.0,5500000.0,29000.0,22.69,73333.33
,25,75,80,244114,Right,68,73,83,83,75,65,75,76,73,8,12,6,3,2,,,,B. Mendy,CDM CM,CDM,B. Mendy,"Sevilla FC Jun 30, 2026 On loan",,191.0,82.0,7500000.0,39000.0,22.48,100000.0
,21,75,81,264174,Right,79,80,77,69,70,71,73,73,71,15,12,12,3,3,,,,Juanlu Sánchez,RB RM,RB,Juanlu Sanchez,Sevilla FC,2029,186.0,70.0,8500000.0,19000.0,20.23,113333.33
,25,75,78,266256,Right,75,78,73,85,24,65,69,25,24,7,7,8,3,3,,,,A. Adams,ST,ST,A. Adams,Sevilla FC,2029,190.0,87.0,7500000.0,29000.0,24.1,100000.0
,26,75,75,243034,Right,78,76,75,63,43,74,74,31,15,12,8,5,3,3,,,,Alfon,LW LM CAM,LW,Alfon,"Villarreal CF Jun 30, 2026 On loan",,172.0,60.0,6000000.0,30000.0,20.28,80000.0
,24,75,81,259065,Right,54,48,26,38,14,65,60,13,15,74,70,74,2,1,,,,Arnau Tenas,GK,GK,Arnau Tenas,Villarreal CF,2029,185.0,85.0,7000000.0,16000.0,24.84,93333.33
,19,75,84,70967,Right,75,79,75,86,31,66,69,34,31,9,9,11,4,3,,,,Carlos Espí,ST,ST,Carlos Espi,Levante UD,2028,194.0,84.0,12000000.0,20000.0,22.32,160000.0
,24,75,80,264173,Right,84,84,79,62,30,67,73,51,42,10,9,5,3,3,,,,Iván Romero,ST LM LW CAM,ST,Ivan Romero,Levante UD,2028,172.0,72.0,8500000.0,25000.0,24.34,113333.33
,21,75,84,271414,Right,78,81,73,80,41,65,72,44,27,14,12,8,3,3,,,,K. Etta Eyong,ST,ST,K. Etta Eyong,Levante UD,2029,181.0,75.0,12500000.0,22000.0,22.89,166666.67
,24,75,79,264325,Right,69,78,75,79,37,65,69,45,31,11,8,13,3,3,,,,M. Satriano,ST LW CAM,ST,M. Satriano,Getafe CF,2030,187.0,75.0,8000000.0,28000.0,21.45,106666.67
,38,75,75,186537,Right,57,62,51,86,43,70,78,49,42,16,14,16,3,4,,,,C. Stuani,ST,ST,C. Stuani,Girona FC,2028,186.0,76.0,1900000.0,24000.0,21.97,25333.33
,33,75,75,205070,Right,82,79,75,70,55,74,73,54,51,14,10,15,4,3,,,,Portu,LW RM LM,LW,Portu,Girona FC,2027,167.0,66.0,3500000.0,31000.0,23.67,46666.67
,28,75,75,221363,Right,57,61,54,67,71,78,76,72,71,7,12,10,3,3,,,,D. van de Beek,CAM CM,CAM,D. van de Beek,Girona FC,2028,184.0,76.0,5500000.0,30000.0,22.45,73333.33
,22,75,80,254310,Right,77,73,78,76,75,65,67,75,72,14,12,6,4,2,,,,Francés,CB RB RM,CB,Frances,Girona FC,2029,181.0,70.0,8000000.0,23000.0,21.37,106666.67
,30,75,75,219848,Right,69,75,71,79,76,66,76,74,72,10,15,14,4,3,,,,David Costas,CB,CB,David Costas,Real Oviedo,2028,184.0,71.0,4600000.0,29000.0,20.97,61333.33
,27,75,76,253385,Left,75,79,78,86,45,70,75,50,34,6,8,12,3,3,,,,F. Viñas,ST RM LM RW,ST,F. Vinas,Real Oviedo,2027,180.0,81.0,6500000.0,32000.0,25.0,86666.67
,21,74,81,264209,Right,65,68,67,70,73,72,69,75,76,9,10,13,4,2,,,,L. Bogarde,CDM CM RB,CDM,L. Bogarde,Aston Villa,2028,183.0,70.0,8000000.0,50000.0,20.9,108108.11
,19,74,85,71651,Right,75,76,67,76,75,65,69,74,74,5,15,9,3,2,,,,J. Acheampong,CB RB CDM,CB,J. Acheampong,Chelsea,2029,190.0,85.0,8500000.0,50000.0,23.55,114864.86
,22,74,82,259714,Right,78,83,77,71,68,76,71,66,59,11,14,7,4,3,,,,M. Röhl,CAM CM CDM,CAM,M. Rohl,"Everton Jun 30, 2026 On loan",,192.0,79.0,9500000.0,21000.0,21.43,128378.38
,19,74,84,279497,Left,78,76,67,68,44,74,75,38,26,15,14,13,3,3,,,,T. Dibling,RM CAM RB,RM,T. Dibling,Everton,2029,186.0,79.0,9000000.0,23000.0,22.84,121621.62
,34,74,74,193331,Right,60,54,44,63,26,39,53,11,12,75,71,72,2,1,,,,K. Darlow,GK,GK,K. Darlow,Leeds United,2028,190.0,88.0,725000.0,29000.0,24.38,9797.3
,26,74,76,242663,Right,66,69,53,81,70,51,67,72,73,6,7,11,3,2,,,,S. Bornauw,CB,CB,S. Bornauw,Leeds United,2029,191.0,83.0,4600000.0,43000.0,22.75,62162.16
,21,74,81,258906,Right,87,88,69,67,42,64,73,52,35,11,9,10,4,3,,,,W. Gnonto,LW LM RW,LW,W. Gnonto,Leeds United,2028,169.0,72.0,8500000.0,36000.0,25.21,114864.86
,20,74,80,269495,Left,76,74,65,52,25,75,75,30,25,8,9,14,3,3,,,,F. Buonanotte,CAM RM CM,CAM,F. Buonanotte,"Leeds United Jun 30, 2026 On loan",,174.0,66.0,6500000.0,47000.0,21.8,87837.84
,18,74,85,75087,Left,69,69,67,77,73,56,74,74,76,6,9,7,3,2,,,,A. Heaven,CB,CB,A. Heaven,Manchester United,2029,189.0,84.0,8500000.0,36000.0,23.52,114864.86
,27,74,74,230978,Right,65,75,54,88,33,53,63,27,23,10,7,8,2,3,,,,T. Awoniyi,ST,ST,T. Awoniyi,Nottingham Forest,2027,183.0,84.0,4600000.0,68000.0,25.08,62162.16
,40,74,74,164835,Right,50,47,25,65,16,57,63,12,13,74,73,75,2,1,,,,Ł. Fabiański,GK,GK,Ł. Fabianski,West Ham United,2030,190.0,83.0,475000.0,15000.0,22.99,6418.92
,33,74,74,201417,Right,66,66,67,72,73,69,70,74,73,15,8,11,4,3,,,,M. Doherty,CB RB RM,CB,M. Doherty,Wolverhampton Wanderers,2029,185.0,80.0,2000000.0,49000.0,23.37,27027.03
,29,74,74,226380,Right,85,76,66,68,37,75,78,36,25,11,7,11,4,3,,,,Hwang Hee Chan,ST LW RW LM,ST,Hwang Hee Chan,Wolverhampton Wanderers,2028,177.0,77.0,4200000.0,56000.0,24.58,56756.76
,23,74,79,262937,Right,90,93,88,73,64,54,63,70,69,8,13,12,3,3,,,,J. Tchatchoua,RB RM,RB,J. Tchatchoua,Wolverhampton Wanderers,2030,180.0,76.0,6000000.0,41000.0,23.46,81081.08
,18,74,84,70786,Right,76,74,67,54,64,74,76,66,62,7,9,12,4,3,,,,J. King,CAM CM,CAM,J. King,Fulham FC,2029,173.0,66.0,9000000.0,39000.0,22.05,121621.62
,34,74,74,195202,Left,47,49,53,68,67,76,78,69,55,14,12,6,2,3,,,,T. Cairney,CM CDM CAM,CM,T. Cairney,Fulham FC,2027,185.0,84.0,1900000.0,61000.0,24.54,25675.68
,34,74,74,200726,Left,41,40,34,68,24,44,61,11,12,73,72,73,3,1,,,,B. Lecomte,GK,GK,B. Lecomte,Fulham FC,2027,186.0,78.0,725000.0,38000.0,22.55,9797.3
,30,74,74,205569,Right,46,39,66,48,65,76,77,71,63,12,12,15,3,3,,,,J. Ward-Prowse,CM CDM CAM,CM,J. Ward-Prowse,"Burnley Jun 30, 2026 On loan",,177.0,66.0,4000000.0,52000.0,21.07,54054.05
,29,74,74,225147,Right,77,75,75,71,69,69,74,72,70,6,12,12,4,3,,,,C. Roberts,RB CM,RB,C. Roberts,Burnley,2027,175.0,76.0,3700000.0,45000.0,24.82,50000.0
,24,74,78,262642,Right,70,72,67,69,47,76,72,42,45,6,9,14,4,3,,,,Z. Amdouni,ST CAM,ST,Z. Amdouni,Burnley,2028,185.0,79.0,6000000.0,43000.0,23.08,81081.08
,22,74,82,272777,Left,75,71,74,76,73,61,69,74,73,13,7,13,5,2,,,,B. Humphreys,CB LB RB,CB,B. Humphreys,Burnley,2029,187.0,79.0,9000000.0,37000.0,22.59,121621.62
,24,74,78,277068,Left,81,78,76,73,70,67,68,72,70,6,11,9,3,3,,,,Lucas Pires,LB LM,LB,Lucas Pires,Burnley,2028,182.0,77.0,5500000.0,37000.0,23.25,74324.32
,18,74,85,74133,Right,68,83,69,83,73,68,65,74,73,7,7,15,3,2,,,,J. Canvot,CB CDM CM,CB,J. Canvot,Crystal Palace,2029,188.0,75.0,8500000.0,36000.0,21.22,114864.86
,30,74,74,206594,Left,68,67,44,56,69,76,79,66,64,9,11,13,2,3,,,,S. March,RM RB,RM,S. March,Brighton & Hove Albion,2029,180.0,77.0,4099999.9999999995,65000.0,23.77,55405.41
,22,74,81,256725,Right,77,74,62,39,39,71,73,54,32,14,5,10,4,4,,,,Fábio Carvalho,CAM CM,CAM,Fabio Carvalho,Brentford,2029,170.0,62.0,8500000.0,47000.0,21.45,114864.86
,23,74,80,278032,Right,22,25,23,45,14,40,31,12,14,76,71,70,3,1,,,,C. Mandas,GK,GK,C. Mandas,"AFC Bournemouth Jun 30, 2026 On loan",,189.0,73.0,5500000.0,13000.0,20.44,74324.32
,26,74,75,247124,Left,77,76,79,57,69,54,63,70,74,8,14,11,2,3,,,,G. Mensah,LB LM,LB,G. Mensah,AJ Auxerre,2028,178.0,64.0,4500000.0,20000.0,20.2,60810.81
,23,74,80,277503,Left,71,69,67,74,75,57,72,76,75,6,14,6,2,2,,,,C. Akpa,CB,CB,C. Akpa,AJ Auxerre,2028,183.0,68.0,6000000.0,17000.0,20.31,81081.08
,34,74,74,227232,Right,60,68,75,76,49,77,76,46,44,13,15,11,3,3,,,,F. Sotoca,ST RW CAM,ST,F. Sotoca,RC Lens,2027,187.0,77.0,2100000.0,25000.0,22.02,28378.38
,20,74,82,274447,Left,68,71,75,73,71,73,75,72,69,9,8,13,2,2,,,,N. Mukau,CDM CM RM,CDM,N. Mukau,Lille OSC,2028,186.0,79.0,8500000.0,17000.0,22.84,114864.86
,31,74,74,220093,Right,69,70,68,75,70,65,67,76,73,11,6,14,3,3,,,,H. Hateboer,CB RB RM,CB,H. Hateboer,"Olympique Lyonnais Jun 30, 2026 On loan",,187.0,72.0,2900000.0,22000.0,20.59,39189.19
,24,74,81,262102,Right,83,92,72,82,72,52,70,76,75,13,11,7,3,2,,,,R. Kluivert,CB,CB,R. Kluivert,Olympique Lyonnais,2030,187.0,82.0,8000000.0,15000.0,23.45,108108.11
,27,74,75,235036,Right,50,55,71,77,74,42,66,75,75,12,10,7,3,2,,,,W. Faes,CB,CB,W. Faes,"AS Monaco Jun 30, 2026 On loan",,187.0,82.0,4200000.0,35000.0,23.45,56756.76
,26,74,74,238227,Right,90,86,83,61,60,69,70,64,58,10,8,11,4,4,,,,K. Diatta,RM RB,RM,K. Diatta,AS Monaco,2028,175.0,69.0,4600000.0,26000.0,22.53,62162.16
,35,74,74,193476,Right,63,56,59,45,55,77,71,33,31,12,16,13,4,4,,,,R. Cabella,LM CAM RM LW,LM,R. Cabella,"FC Nantes Jun 30, 2026 On loan",,171.0,67.0,1700000.0,20000.0,22.91,22972.97
,31,74,74,220837,Left,76,77,74,70,67,68,71,73,72,13,12,12,3,2,,,,D. Machado,LB LM CM,LB,D. Machado,FC Nantes,2028,180.0,75.0,3100000.0,17000.0,23.15,41891.89
,30,74,74,227222,Right,71,69,67,67,74,63,67,72,74,8,14,13,3,3,,,,F. Guilbert,RB CDM,RB,F. Guilbert,FC Nantes,2030,178.0,78.0,3600000.0,17000.0,24.62,48648.65
,27,74,75,231089,Right,56,58,82,87,72,72,74,73,71,11,5,11,4,3,,,,I. Sissoko,CDM CM,CDM,I. Sissoko,FC Nantes,2028,193.0,90.0,4300000.0,16000.0,24.16,58108.11
,22,74,81,260407,Right,83,85,61,71,28,66,68,29,23,13,7,12,4,4,,,,E. Wahi,ST,ST,E. Wahi,"OGC Nice Jun 30, 2026 On loan",,181.0,77.0,8500000.0,25000.0,23.5,114864.86
,17,74,85,74449,Right,91,88,58,48,24,66,70,29,25,15,14,9,3,3,,,,I. Mbaye,RW LW RM,RW,I. Mbaye,Paris Saint-Germain,2028,176.0,65.0,8500000.0,32000.0,20.98,114864.86
,25,74,79,257946,Right,64,64,51,70,76,52,73,75,74,11,9,14,3,2,,,,A. Seidu,CB RB RM,CB,A. Seidu,Stade Rennais FC,2029,173.0,72.0,5500000.0,20000.0,24.06,74324.32
,22,74,82,271940,Right,88,82,66,53,35,71,72,32,30,5,7,12,4,3,,,,M. Godo,LM RM LW,LM,M. Godo,RC Strasbourg Alsace,2030,169.0,61.0,9500000.0,35000.0,21.36,128378.38
,20,74,82,69997,Right,72,71,90,68,66,71,74,77,71,14,9,10,2,3,,,,A. Avom Ebong,CM CDM,CM,A. Avom Ebong,FC Lorient,2028,173.0,68.0,9000000.0,13000.0,22.72,121621.62
,20,74,82,72100,Left,86,83,75,65,70,54,68,68,70,7,9,8,3,3,,,,A. Kouassi,LB LM,LB,A. Kouassi,FC Lorient,2029,178.0,68.0,9000000.0,12000.0,21.46,121621.62
,25,74,77,261084,Right,82,79,59,69,32,64,69,31,27,10,14,8,3,3,,,,B. Dieng,ST,ST,B. Dieng,FC Lorient,2029,178.0,72.0,5500000.0,18000.0,22.72,74324.32
,27,74,77,239559,Right,58,54,26,51,7,48,52,14,13,73,72,74,3,1,,,,J. de Lange,GK,GK,J. de Lange,Olympique de Marseille,2027,190.0,80.0,4099999.9999999995,19000.0,22.16,55405.41
,28,74,74,227234,Right,52,67,78,80,73,60,67,76,73,11,15,10,3,2,,,,L. Tousart,CDM CM,CDM,L. Tousart,Stade Brestois 29,2030,185.0,83.0,3700000.0,21000.0,24.25,50000.0
,23,74,78,252541,Right,64,64,83,66,73,76,75,72,64,11,6,14,4,3,,,,J. Chotard,CDM CM,CDM,J. Chotard,Stade Brestois 29,2029,179.0,70.0,5500000.0,17000.0,21.85,74324.32
,31,74,74,211381,Right,77,71,57,61,23,73,77,42,35,9,16,14,4,4,,,,S. Boufal,CAM LM ST CM,CAM,S. Boufal,Le Havre AC,2029,175.0,70.0,3500000.0,15000.0,22.86,47297.3
,29,74,74,222286,Left,36,38,71,84,75,49,69,75,72,11,9,10,3,2,,,,G. Lloris,CB,CB,G. Lloris,Le Havre AC,2030,191.0,87.0,3500000.0,14000.0,23.85,47297.3
,23,74,80,262237,Right,52,58,70,81,72,59,70,77,74,13,13,10,3,2,,,,A. Sangante,CB RB CDM,CB,A. Sangante,Le Havre AC,2029,189.0,76.0,6000000.0,11000.0,21.28,81081.08
,26,74,77,242195,Right,78,82,75,80,73,37,69,76,75,9,11,11,5,2,,,,M. McKenzie,CB,CB,M. McKenzie,Toulouse FC,2027,184.0,83.0,4900000.0,20000.0,24.52,66216.22
,22,74,82,255266,Right,31,28,20,47,11,39,36,10,14,74,71,72,2,1,,,,O. Nkambadio,GK,GK,O. Nkambadio,Paris FC,2027,190.0,86.0,8000000.0,18000.0,23.82,108108.11
,21,74,80,269181,Right,52,52,68,76,75,52,58,75,74,10,8,14,3,2,,,,D. Coppola,CB,CB,D. Coppola,"Paris FC Jun 30, 2026 On loan",,192.0,78.0,6000000.0,43000.0,21.16,81081.08
,23,74,79,275070,Left,72,73,70,80,75,43,68,71,71,14,12,5,2,2,,,,Otávio,CB,CB,Otavio,Paris FC,2030,187.0,83.0,6000000.0,31000.0,23.74,81081.08
,27,74,75,235407,Right,75,66,73,78,76,64,70,76,73,13,7,9,3,2,,,,S. Özcan,CDM CM CB,CDM,S. Ozcan,Borussia Dortmund,2028,182.0,79.0,4300000.0,33000.0,23.85,58108.11
,34,74,74,241050,Right,39,45,19,79,8,36,37,10,9,72,71,74,3,1,,,,A. Meyer,GK,GK,A. Meyer,Borussia Dortmund,2028,195.0,88.0,725000.0,22000.0,23.14,9797.3
,31,74,74,204497,Left,60,50,66,63,68,73,72,66,59,15,12,10,3,3,,,,K. Stöger,CAM CM LM,CAM,K. Stoger,Borussia Mönchengladbach,2027,175.0,74.0,3500000.0,25000.0,24.16,47297.3
,21,74,81,264194,Right,79,80,79,62,66,72,66,69,67,11,14,8,3,3,,,,J. Castrop,CAM LM RM CM,CAM,J. Castrop,Borussia Mönchengladbach,2029,177.0,71.0,8500000.0,18000.0,22.66,114864.86
,25,74,75,250931,Left,72,83,84,71,78,59,70,77,76,12,5,6,3,3,,,,P. Osterhage,CDM CM,CDM,P. Osterhage,SC Freiburg,2029,187.0,80.0,4500000.0,22000.0,22.88,60810.81
,22,74,78,259750,Right,61,68,61,84,32,59,69,24,27,13,8,10,4,2,,,,I. Matanović,ST,ST,I. Matanovic,SC Freiburg,2029,194.0,93.0,6000000.0,23000.0,24.71,81081.08
,24,74,77,262666,Right,79,83,93,54,68,63,66,67,68,7,7,8,3,3,,,,P. Treu,RB LB RM,RB,P. Treu,SC Freiburg,2029,173.0,72.0,5500000.0,20000.0,24.06,74324.32
,29,74,74,224970,Right,84,72,78,50,39,73,73,44,42,11,7,11,3,4,,,,J. Dompé,LW LM,LW,J. Dompe,Hamburger SV,2027,170.0,65.0,4099999.9999999995,24000.0,22.49,55405.41
,27,74,74,236947,Left,79,84,72,89,73,54,71,73,73,5,7,5,2,2,,,,J. Torunarigha,CB,CB,J. Torunarigha,Hamburger SV,2028,191.0,80.0,3900000.0,21000.0,21.93,52702.7
,36,74,74,186148,Right,46,50,32,55,21,42,61,12,13,72,71,77,3,1,,,,R. Zieler,GK,GK,R. Zieler,1. FC Köln,2027,187.0,82.0,475000.0,9000.0,23.45,6418.92
,26,74,75,235360,Right,79,81,70,86,17,54,69,19,22,6,12,12,3,3,,,,R. Ache,ST,ST,R. Ache,1. FC Köln,2029,183.0,81.0,5000000.0,23000.0,24.19,67567.57
,22,74,81,246814,Left,72,72,90,63,65,76,72,63,63,14,7,13,3,3,,,,Í. Jóhannesson,CM CAM CDM,CM,I. Johannesson,1. FC Köln,2030,184.0,72.0,8500000.0,19000.0,21.27,114864.86
,24,74,77,251392,Right,74,69,78,75,71,67,67,76,74,7,11,12,3,2,,,,T. Krauß,CDM CM,CDM,T. Krauß,"1. FC Köln Jun 30, 2026 On loan",,183.0,76.0,5000000.0,20000.0,22.69,67567.57
,34,74,74,204092,Right,47,38,31,74,19,46,54,15,13,76,68,76,3,1,,,,J. Blaswich,GK,GK,J. Blaswich,Bayer 04 Leverkusen,2027,193.0,89.0,725000.0,34000.0,23.89,9797.3
,26,74,77,238476,Left,34,55,76,92,72,59,68,76,69,9,13,14,3,2,,,,D. Zagadou,CB,CB,D. Zagadou,VfB Stuttgart,2028,196.0,90.0,4900000.0,29000.0,23.43,66216.22
,23,74,79,251829,Left,75,85,66,76,74,47,62,84,73,12,13,6,4,2,,,,R. Hendriks,CB LB LM,CB,R. Hendriks,VfB Stuttgart,2028,189.0,83.0,6000000.0,25000.0,23.24,81081.08
,20,74,82,270465,Left,72,69,70,59,28,75,68,34,30,10,7,14,3,3,,,,B. Bouanani,RM RW CAM,RM,B. Bouanani,VfB Stuttgart,2030,177.0,68.0,9500000.0,22000.0,21.71,128378.38
,18,74,87,278780,Right,63,73,67,76,73,58,68,79,75,9,12,6,4,2,,,,F. Jeltsch,CB,CB,F. Jeltsch,VfB Stuttgart,2030,187.0,86.0,9000000.0,18000.0,24.59,121621.62
,21,74,85,74566,Right,75,82,73,46,31,61,61,33,35,14,10,15,3,4,,,,S. Mbangula,LM LW,LM,S. Mbangula,SV Werder Bremen,2030,179.0,65.0,9500000.0,18000.0,20.29,128378.38
,30,74,74,212977,Right,73,84,75,81,73,68,69,72,72,7,15,15,3,2,,,,N. Stark,CB,CB,N. Stark,SV Werder Bremen,2027,190.0,88.0,3500000.0,24000.0,24.38,47297.3
,27,74,75,231838,Left,62,65,62,77,74,60,67,75,75,13,13,14,2,2,,,,M. Wöber,CB LB CDM,CB,M. Wober,"SV Werder Bremen Jun 30, 2026 On loan",,188.0,85.0,4200000.0,43000.0,24.05,56756.76
,26,74,74,256548,Right,84,74,75,72,29,71,69,28,30,7,9,10,4,3,,,,M. Grüll,LM ST RM LW,LM,M. Grull,SV Werder Bremen,2027,182.0,74.0,4600000.0,24000.0,22.34,62162.16
,28,74,75,228518,Right,68,72,68,80,74,45,76,75,71,10,13,6,3,2,,,,A. Hanche-Olsen,CB,CB,A. Hanche-Olsen,1. FSV Mainz 05,2028,185.0,79.0,4000000.0,24000.0,23.08,54054.05
,31,74,74,208375,Right,25,38,35,75,14,51,30,13,11,74,73,75,2,1,,,,M. Müller,GK,GK,M. Muller,VfL Wolfsburg,2027,192.0,93.0,2200000.0,23000.0,25.23,29729.73
,31,74,74,212245,Left,66,64,70,76,73,73,72,68,65,13,13,11,3,3,,,,Y. Gerhardt,CM CDM,CM,Y. Gerhardt,VfL Wolfsburg,2030,184.0,81.0,3500000.0,37000.0,23.92,47297.3
,25,74,75,245741,Right,84,80,68,51,40,74,70,44,39,11,12,13,3,3,,,,J. Lindstrøm,RM LM RB,RM,J. Lindstrøm,"VfL Wolfsburg Jun 30, 2026 On loan",,182.0,63.0,5000000.0,60000.0,19.02,67567.57
,20,74,80,270013,Left,78,71,86,55,73,74,63,67,71,12,14,10,4,3,,,,A. Zehnter,LB LM,LB,A. Zehnter,VfL Wolfsburg,2030,180.0,70.0,6000000.0,25000.0,21.6,81081.08
,31,74,74,204529,Right,72,72,62,78,29,64,75,31,22,9,10,7,5,3,,,,M. Batshuayi,ST,ST,M. Batshuayi,Eintracht Frankfurt,2027,185.0,88.0,3600000.0,29000.0,25.71,48648.65
,21,74,83,256500,Right,83,88,71,79,73,65,70,76,68,12,8,10,3,2,,,,N. Collins,CB RB RM,CB,N. Collins,Eintracht Frankfurt,2030,188.0,81.0,9000000.0,18000.0,22.92,121621.62
,21,74,80,270846,Right,71,65,44,90,68,35,65,74,69,12,6,13,3,2,,,,A. Amenda,CB RB,CB,A. Amenda,Eintracht Frankfurt,2029,197.0,90.0,6000000.0,18000.0,23.19,81081.08
,20,74,84,274952,Right,76,81,74,70,76,73,75,75,74,9,10,8,3,3,,,,O. Højlund,CM CDM,CM,O. Højlund,Eintracht Frankfurt,2029,184.0,76.0,9000000.0,19000.0,22.45,121621.62
,31,74,74,211879,Right,61,61,74,67,73,76,71,64,58,14,16,15,3,3,,,,J. Haberer,CM RM CDM,CM,J. Haberer,1. FC Union Berlin,2027,186.0,79.0,3500000.0,30000.0,22.84,47297.3
,26,74,75,247026,Right,73,70,85,63,73,69,71,67,57,13,14,10,4,4,,,,A. Schäfer,CM CAM CDM,CM,A. Schafer,1. FC Union Berlin,2027,178.0,72.0,4900000.0,28000.0,22.72,66216.22
,20,74,79,271659,Right,66,39,76,69,73,74,77,75,67,9,8,14,3,3,,,,A. Kemlein,CM CDM,CM,A. Kemlein,1. FC Union Berlin,2030,185.0,78.0,6000000.0,21000.0,22.79,81081.08
,25,74,76,277799,Right,70,71,65,84,21,64,67,30,18,6,15,13,3,2,,,,A. Ilić,ST,ST,A. Ilic,1. FC Union Berlin,2027,189.0,86.0,5500000.0,30000.0,24.08,74324.32
,31,74,74,216258,Right,83,80,45,68,31,69,73,35,33,10,11,11,3,4,,,,I. Bebou,ST RW RM CAM,ST,I. Bebou,TSG 1899 Hoffenheim,2030,185.0,80.0,3600000.0,32000.0,23.37,48648.65
,25,74,78,245863,Right,82,70,78,70,72,45,63,77,69,12,10,10,2,3,,,,V. Gendrey,RB RM,RB,V. Gendrey,TSG 1899 Hoffenheim,2028,179.0,75.0,5500000.0,26000.0,23.41,74324.32
,24,74,79,74871,Right,74,81,79,70,75,35,54,79,77,8,10,6,4,2,,,,Arthur Chaves,CB,CB,Arthur Chaves,"FC Augsburg Jun 30, 2026 On loan",,188.0,80.0,6000000.0,23000.0,22.63,81081.08
,27,74,76,236369,Left,56,74,72,90,73,54,69,72,69,5,14,10,3,2,,,,C. Zesiger,CB,CB,C. Zesiger,FC Augsburg,2029,194.0,92.0,4500000.0,27000.0,24.44,60810.81
,23,74,81,259306,Left,75,73,75,59,54,79,74,59,53,13,9,13,3,3,,,,F. Rieder,CAM CM RM,CAM,F. Rieder,FC Augsburg,2030,179.0,74.0,8500000.0,25000.0,23.1,114864.86
,27,74,74,269305,Right,72,86,90,70,73,65,72,74,72,13,10,8,3,2,,,,R. Fellhauer,CDM CM RM,CDM,R. Fellhauer,FC Augsburg,2027,182.0,78.0,4000000.0,27000.0,23.55,54054.05
,32,74,74,211378,Right,64,67,90,76,78,75,72,71,74,7,13,9,3,3,,,,J. Irvine,CM CDM,CM,J. Irvine,FC St. Pauli,2029,189.0,74.0,3300000.0,22000.0,20.72,44594.59
,28,74,74,222369,Right,61,71,77,82,77,70,70,69,66,12,12,7,3,2,,,,E. Smith,CB CDM CM,CB,E. Smith,FC St. Pauli,2030,192.0,86.0,3600000.0,22000.0,23.33,48648.65
,31,74,74,230855,Right,41,64,79,79,78,59,71,75,68,15,14,13,3,2,,,,H. Wahl,CB,CB,H. Wahl,FC St. Pauli,2028,189.0,85.0,2900000.0,22000.0,23.8,39189.19
,27,74,74,231227,Right,73,68,69,68,71,74,72,72,70,12,9,9,3,3,,,,N. Dorsch,CM CDM,CM,N. Dorsch,1. FC Heidenheim 1846,2028,178.0,76.0,4500000.0,26000.0,23.99,60810.81
,19,74,87,276602,Right,76,76,67,77,58,76,77,56,45,8,10,11,4,4,,,,A. Ouédraogo,CM CAM CDM,CM,A. Ouedraogo,RB Leipzig,2029,191.0,89.0,10000000.0,27000.0,24.4,135135.14
,24,74,79,251870,Left,73,73,54,74,72,62,55,77,81,10,7,6,3,3,,,,J. Cabal,LB CB,LB,J. Cabal,Juventus,2029,186.0,79.0,6000000.0,61000.0,22.84,81081.08
,26,74,75,243237,Left,77,66,66,46,69,47,69,76,76,6,9,6,4,3,,,,L. Pellegrini,LB LM,LB,L. Pellegrini,Lazio,2027,178.0,72.0,4500000.0,25000.0,22.72,60810.81
,23,74,81,255611,Right,69,74,69,69,35,73,72,50,40,12,12,13,4,3,,,,D. Maldini,CAM ST CM,CAM,D. Maldini,"Lazio Jun 30, 2026 On loan",,188.0,83.0,8500000.0,41000.0,23.48,114864.86
,23,74,79,263929,Left,79,87,66,68,33,65,72,42,41,11,15,6,3,4,,,,M. Cancellieri,RW LW LM RM,RW,M. Cancellieri,Lazio,2027,180.0,79.0,6500000.0,25000.0,24.38,87837.84
,25,74,77,264257,Right,79,77,59,69,42,65,77,42,39,10,12,11,4,4,,,,T. Noslin,ST RM LM CAM,ST,T. Noslin,Lazio,2029,178.0,73.0,5500000.0,28000.0,23.04,74324.32
,22,74,80,255981,Right,55,58,23,78,7,46,39,16,13,73,72,74,3,1,,,,Z. Suzuki,GK,GK,Z. Suzuki,Parma,2029,190.0,91.0,5500000.0,9000.0,25.21,74324.32
,23,74,78,259150,Left,60,72,63,80,72,54,66,75,72,12,9,10,2,2,,,,A. Ndiaye,CB,CB,A. Ndiaye,Parma,2029,185.0,75.0,5500000.0,15000.0,21.91,74324.32
,30,74,74,211515,Right,46,48,40,68,18,40,63,12,19,74,72,74,2,1,,,,P. Gollini,GK,GK,P. Gollini,Roma,2027,194.0,94.0,2800000.0,26000.0,24.98,37837.84
,22,74,79,258826,Right,75,74,70,61,72,66,69,74,72,10,8,13,4,3,,,,D. Rensch,RB CB RM CM,RB,D. Rensch,Roma,2029,179.0,73.0,6000000.0,33000.0,22.78,81081.08
,20,74,82,259608,Right,67,69,66,78,13,63,72,13,13,9,8,12,3,3,,,,E. Ferguson,ST,ST,E. Ferguson,"Roma Jun 30, 2026 On loan",,188.0,78.0,9500000.0,51000.0,22.07,128378.38
,31,74,74,213242,Right,76,75,67,69,75,68,78,77,75,13,16,15,3,3,,,,A. Tameze,CDM CM CB,CDM,A. Tameze,Torino,2030,182.0,78.0,3000000.0,31000.0,23.55,40540.54
,25,74,77,248564,Left,84,81,87,72,20,73,68,44,34,10,6,5,5,4,,,,Z. Aboukhlal,CAM RM LM CM,CAM,Z. Aboukhlal,Torino,2029,179.0,74.0,5500000.0,30000.0,23.1,74324.32
,28,74,74,258782,Right,66,68,72,66,77,38,67,78,74,9,14,12,3,2,,,,A. Ismajli,CB,CB,A. Ismajli,Torino,2027,185.0,76.0,3600000.0,31000.0,22.21,48648.65
,27,74,74,231743,Left,66,69,60,81,40,58,73,38,23,7,14,9,3,3,,,,K. Davis,ST CAM,ST,K. Davis,Udinese,2027,189.0,68.0,4600000.0,18000.0,19.04,62162.16
,25,74,77,243249,Right,69,73,76,75,66,76,74,66,64,13,6,14,3,3,,,,J. Ekkelenkamp,CM LM CAM,CM,J. Ekkelenkamp,Udinese,2029,188.0,83.0,5500000.0,16000.0,23.48,74324.32
,25,74,78,257288,Right,23,26,34,75,18,45,37,16,16,73,72,74,3,1,,,,M. Okoye,GK,GK,M. Okoye,Udinese,2028,197.0,94.0,4600000.0,9000.0,24.22,62162.16
,22,74,82,272783,Right,70,74,74,72,66,75,76,68,62,8,13,14,3,3,,,,A. Atta,CM CAM,CM,A. Atta,Udinese,2029,189.0,77.0,9500000.0,14000.0,21.56,128378.38
,27,74,76,239770,Right,70,75,67,77,75,63,74,75,72,14,8,13,3,2,,,,N. Casale,CB,CB,N. Casale,Bologna,2028,192.0,88.0,4500000.0,35000.0,23.87,60810.81
,24,74,79,244634,Right,77,74,83,80,71,74,67,70,68,11,10,13,3,3,,,,S. Sohm,CM CDM CAM,CM,S. Sohm,"Bologna Jun 30, 2026 On loan",,188.0,85.0,6500000.0,32000.0,24.05,87837.84
,26,74,76,248342,Left,70,75,79,82,72,61,68,75,73,13,6,9,5,2,,,,T. Heggem,CB LB,CB,T. Heggem,Bologna,2027,192.0,90.0,4600000.0,35000.0,24.41,62162.16
,25,74,76,252060,Right,73,74,75,72,76,68,71,78,74,6,10,13,4,3,,,,T. Pobega,CM CDM,CM,T. Pobega,Bologna,2028,189.0,87.0,5500000.0,35000.0,24.36,74324.32
,22,74,80,259748,Right,71,75,63,81,73,66,67,75,74,15,12,8,3,2,,,,M. Vitík,CB,CB,M. Vitik,Bologna,2029,193.0,84.0,6000000.0,31000.0,22.55,81081.08
,26,74,76,235658,Right,60,62,68,79,76,59,73,78,76,10,6,7,2,2,,,,V. Nelsson,CB,CB,V. Nelsson,"Hellas Verona FC Jun 30, 2026 On loan",,185.0,78.0,4600000.0,37000.0,22.79,62162.16
,22,74,81,273564,Right,78,74,60,67,17,63,80,17,10,10,6,12,3,3,,,,G. Orban,ST,ST,G. Orban,"Hellas Verona FC Jun 30, 2026 On loan",,178.0,82.0,8500000.0,27000.0,25.88,114864.86
,29,74,74,230107,Right,67,71,80,69,72,67,72,73,72,9,12,8,3,3,,,,L. Coulibaly,CDM CM,CDM,L. Coulibaly,Lecce,2027,183.0,77.0,3600000.0,12000.0,22.99,48648.65
,26,74,75,246431,Right,90,87,53,45,30,72,68,35,39,12,13,5,3,4,,,,R. Sottil,LM LW,LM,R. Sottil,"Lecce Jun 30, 2026 On loan",,180.0,70.0,5000000.0,37000.0,21.6,67567.57
,20,74,84,70966,Right,57,60,64,79,75,48,65,76,72,10,10,13,3,2,,,,Jacobo Ramón,CB,CB,Jacobo Ramon,Como,2030,196.0,80.0,8500000.0,43000.0,20.82,114864.86
,21,74,84,273875,Left,83,82,75,66,70,69,66,70,70,6,14,12,3,3,,,,Álex Valle,LB LM,LB,Alex Valle,Como,2029,178.0,72.0,9000000.0,43000.0,22.72,121621.62
,31,74,74,208596,Right,66,67,68,78,31,59,74,27,32,13,7,14,4,2,,,,A. Belotti,ST,ST,A. Belotti,Cagliari,2029,181.0,72.0,3600000.0,13000.0,21.98,48648.65
,27,74,74,268683,Right,68,76,79,79,71,71,70,72,69,14,12,12,4,3,,,,M. Folorunsho,CM CAM ST,CM,M. Folorunsho,"Cagliari Jun 30, 2026 On loan",,190.0,92.0,4500000.0,63000.0,25.48,60810.81
,19,74,81,274616,Right,75,71,69,75,26,65,69,29,26,12,6,8,4,4,,,,S. Kılıçsoy,ST LW LM CAM,ST,S. Kılıcsoy,"Cagliari Jun 30, 2026 On loan",,178.0,68.0,8500000.0,24000.0,21.46,114864.86
,28,74,74,236295,Left,69,50,82,57,72,68,74,72,70,11,14,12,3,3,,,,Aarón Martín,LB LM,LB,Aaron Martin,Genoa,2028,178.0,70.0,3800000.0,21000.0,22.09,51351.35
,21,74,80,260653,Right,80,84,76,69,69,57,68,70,70,7,12,11,3,3,,,,B. Norton-Cuffy,RB RM,RB,B. Norton-Cuffy,Genoa,2029,181.0,70.0,6500000.0,14000.0,21.37,87837.84
,22,74,80,269312,Left,78,75,65,41,33,78,69,41,48,12,9,12,3,3,,,,T. Baldanzi,CAM CM,CAM,T. Baldanzi,"Genoa Jun 30, 2026 On loan",,170.0,63.0,7000000.0,35000.0,21.8,94594.59
,28,74,74,236898,Right,73,61,72,69,76,73,72,77,74,10,9,9,4,3,,,,M. Aebischer,CM CDM,CM,M. Aebischer,"Pisa Jun 30, 2026 On loan",,183.0,78.0,4200000.0,39000.0,23.29,56756.76
,25,74,77,240797,Right,90,88,80,59,50,72,74,58,54,11,11,10,3,3,,,,M. Tramoni,CAM ST CM,CAM,M. Tramoni,Pisa,2028,175.0,72.0,5500000.0,10000.0,23.51,74324.32
,29,74,74,223143,Left,78,79,79,76,70,61,68,70,73,8,13,12,2,3,,,,U. Garcia,LB CB LM,LB,U. Garcia,"Sassuolo Jun 30, 2026 On loan",,182.0,73.0,3700000.0,31000.0,22.04,50000.0
,26,74,76,233164,Right,44,46,29,71,18,60,66,17,18,74,71,73,2,1,,,,A. Murić,GK,GK,A. Muric,"Sassuolo Jun 30, 2026 On loan",,197.0,80.0,4000000.0,28000.0,20.61,54054.05
,22,74,80,262027,Left,55,67,67,76,75,52,60,76,74,11,10,6,3,2,,,,T. Muharemović,CB,CB,T. Muharemovic,Sassuolo,2030,187.0,76.0,6000000.0,15000.0,21.73,81081.08
,19,74,85,265600,Left,75,76,62,55,23,74,69,31,24,8,14,14,4,4,,,,R. Bardghji,RW RM,RW,R. Bardghji,FC Barcelona,2029,173.0,73.0,9000000.0,46000.0,24.39,121621.62
,21,74,84,278399,Right,74,73,71,74,44,67,66,40,50,6,13,7,4,3,,,,Gonzalo,ST,ST,Gonzalo,Real Madrid,2030,182.0,81.0,9500000.0,86000.0,24.45,128378.38
,28,74,74,241184,Left,80,75,73,73,71,75,73,74,71,7,7,14,3,3,,,,Junior Firpo,LB LM,LB,Junior Firpo,Real Betis Balompié,2028,184.0,78.0,3800000.0,23000.0,23.04,51351.35
,23,74,81,72426,Right,86,88,72,62,70,72,68,67,73,5,13,10,2,2,,,,Javi Rueda,RB RM,RB,Javi Rueda,RC Celta,2029,177.0,74.0,8000000.0,19000.0,23.62,108108.11
,21,74,81,264095,Right,74,65,72,65,69,78,75,71,63,14,9,9,3,3,,,,Hugo Sotelo,CM CDM,CM,Hugo Sotelo,RC Celta,2028,180.0,75.0,8500000.0,17000.0,23.15,114864.86
,24,74,78,272453,Right,71,72,72,67,33,65,73,28,26,7,9,9,3,3,,,,Pablo Durán,ST LW CAM,ST,Pablo Duran,RC Celta,2027,176.0,72.0,6000000.0,22000.0,23.24,81081.08
,22,74,80,277029,Right,62,64,73,58,73,79,72,74,69,12,7,12,3,3,,,,Miguel Román,CM CDM,CM,Miguel Roman,RC Celta,2028,178.0,70.0,6500000.0,20000.0,22.09,87837.84
,35,74,74,192678,Right,43,50,55,80,40,72,76,40,21,7,9,13,4,3,,,,Kike García,ST,ST,Kike Garcia,RCD Espanyol,2027,186.0,79.0,1800000.0,17000.0,22.84,24324.32
,23,74,79,257063,Right,85,78,76,52,50,74,74,62,48,5,9,6,3,4,,,,T. Dolan,RW RM LM,RW,T. Dolan,RCD Espanyol,2028,168.0,63.0,6500000.0,18000.0,22.32,87837.84
,24,74,77,259521,Left,65,63,69,68,72,76,74,72,68,8,9,14,3,3,,,,Terrats,RM LM CM RW,RM,Terrats,"RCD Espanyol Jun 30, 2026 On loan",,181.0,71.0,6000000.0,26000.0,21.67,81081.08
,22,74,80,263676,Right,75,82,82,75,55,69,70,56,35,12,13,13,3,3,,,,Roberto Fernández,ST,ST,Roberto Fernandez,RCD Espanyol,2031,186.0,78.0,7000000.0,19000.0,22.55,94594.59
,30,74,74,232610,Right,86,81,75,73,31,67,73,32,30,15,7,9,4,3,,,,T. Asano,RW RM ST,RW,T. Asano,RCD Mallorca,2028,173.0,71.0,4099999.9999999995,29000.0,23.72,55405.41
,22,74,82,267976,Right,76,68,71,48,45,76,70,48,46,15,10,10,4,4,,,,Pablo Torre,CAM CM LM,CAM,Pablo Torre,RCD Mallorca,2029,173.0,63.0,9500000.0,23000.0,21.05,128378.38
,28,74,74,225263,Right,54,62,60,84,73,60,72,74,71,8,9,10,4,2,,,,D. Ćaleta-Car,CB,CB,D. Caleta-Car,"Real Sociedad Jun 30, 2026 On loan",,193.0,89.0,3600000.0,18000.0,23.89,48648.65
,31,74,74,226221,Right,55,67,68,75,73,32,75,73,73,7,10,15,3,2,,,,Aritz Elustondo,CB RB,CB,Aritz Elustondo,Real Sociedad,2030,180.0,71.0,2900000.0,30000.0,21.91,39189.19
,27,74,74,246748,Left,76,75,74,62,71,66,74,73,70,10,9,15,3,3,,,,Aihen Muñoz,LB LM,LB,Aihen Munoz,Real Sociedad,2027,175.0,68.0,4099999.9999999995,29000.0,22.2,55405.41
,20,74,80,269186,Right,73,74,72,76,26,65,66,25,25,14,14,15,3,2,,,,O. Óskarsson,ST,ST,O. Oskarsson,Real Sociedad,2030,186.0,76.0,6500000.0,25000.0,21.97,87837.84
,29,74,74,241463,Left,74,68,56,71,47,75,73,42,38,12,11,12,3,4,,,,Dani Raba,RW ST CAM RM,RW,Dani Raba,Valencia CF,2027,184.0,76.0,4099999.9999999995,33000.0,22.45,55405.41
,25,74,77,247729,Right,72,68,67,59,76,77,78,69,65,6,9,8,3,3,,,,André Almeida,CAM LM ST CM,CAM,Andre Almeida,Valencia CF,2029,176.0,62.0,5500000.0,29000.0,20.02,74324.32
,26,74,74,247832,Right,88,90,72,68,70,69,70,72,70,10,15,6,4,3,,,,Thierry Correia,RB LB RM,RB,Thierry Correia,Valencia CF,2028,176.0,69.0,4200000.0,29000.0,22.28,56756.76
,25,74,78,263396,Left,58,55,65,73,76,50,62,76,74,11,13,13,2,2,,,,Copete,CB,CB,Copete,Valencia CF,2029,192.0,73.0,5500000.0,27000.0,19.8,74324.32
,31,74,74,205192,Right,60,67,59,58,66,77,74,66,49,10,14,7,3,3,,,,Denis Suárez,CM LM CDM,CM,Denis Suarez,Deportivo Alavés,2027,176.0,69.0,3500000.0,25000.0,22.28,47297.3
,27,74,74,233113,Left,66,67,68,61,67,75,77,59,54,12,9,8,2,4,,,,Aleñá,LM CM RM LB,LM,Alena,Deportivo Alavés,2029,180.0,73.0,4500000.0,24000.0,22.53,60810.81
,27,74,75,240458,Right,50,35,77,68,73,73,76,75,71,14,12,14,3,3,,,,Ander Guevara,CDM CM,CDM,Ander Guevara,Deportivo Alavés,2027,180.0,73.0,4300000.0,23000.0,22.53,58108.11
,24,74,81,255854,Left,47,49,65,73,74,42,60,76,74,14,13,14,3,2,,,,Pacheco,CB LB,CB,Pacheco,"Deportivo Alavés Jun 30, 2026 On loan",,184.0,77.0,8000000.0,25000.0,22.74,108108.11
,27,74,74,246113,Left,88,86,86,62,67,65,70,68,67,14,14,10,3,3,,,,Adrià Pedrosa,LB LM LW,LB,Adria Pedrosa,"Elche CF Jun 30, 2026 On loan",,176.0,69.0,4099999.9999999995,25000.0,22.28,55405.41
,24,74,79,253416,Right,67,71,63,74,15,68,70,31,28,12,15,6,3,3,,,,Raúl García,ST,ST,Raul Garcia,CA Osasuna,2028,192.0,70.0,6500000.0,26000.0,18.99,87837.84
,22,74,79,271373,Right,79,78,66,55,48,70,67,41,31,9,13,9,3,4,,,,Fran Pérez,RM LM RB,RM,Fran Perez,Rayo Vallecano,2029,175.0,68.0,6500000.0,18000.0,22.2,87837.84
,27,74,74,276895,Right,70,76,77,87,25,70,72,30,18,12,14,12,5,3,,,,Alemão,ST,ST,Alemao,Rayo Vallecano,2030,182.0,85.0,4600000.0,22000.0,25.66,62162.16
,25,74,77,69967,Left,81,84,76,74,22,65,66,12,10,5,12,8,3,3,,,,Isaac Romero,ST,ST,Isaac Romero,Sevilla FC,2028,184.0,70.0,5500000.0,27000.0,20.68,74324.32
,34,74,74,185427,Right,45,45,33,70,21,40,39,11,12,73,73,73,4,1,,,,Ø. Nyland,GK,GK,Ø. Nyland,Sevilla FC,2028,192.0,78.0,725000.0,17000.0,21.16,9797.3
,28,74,74,211784,Right,72,67,65,68,26,69,74,55,33,11,12,8,3,3,,,,N. Maupay,ST,ST,N. Maupay,"Sevilla FC Jun 30, 2026 On loan",,174.0,65.0,4300000.0,35000.0,21.47,58108.11
,31,74,74,213917,Right,62,53,76,82,75,41,68,73,71,7,14,15,2,2,,,,Fábio Cardoso,CB,CB,Fabio Cardoso,Sevilla FC,2028,187.0,82.0,2900000.0,26000.0,23.45,39189.19
,30,74,74,224309,Right,50,52,75,74,73,75,73,74,59,13,12,12,4,3,,,,Joan Jordán,CM CDM,CM,Joan Jordan,Sevilla FC,2027,185.0,74.0,4000000.0,27000.0,21.62,54054.05
,27,74,74,229649,Left,76,73,80,73,72,72,73,73,73,14,7,12,2,3,,,,G. Suazo,LB LM,LB,G. Suazo,Sevilla FC,2028,178.0,72.0,4099999.9999999995,25000.0,22.72,55405.41
,29,74,74,234426,Left,56,61,67,81,70,54,70,73,72,8,8,10,3,2,,,,Marcão,CB,CB,Marcao,Sevilla FC,2027,185.0,80.0,3500000.0,26000.0,23.37,47297.3
,22,74,81,270301,Right,79,76,72,45,27,73,73,48,40,13,8,12,4,3,,,,Peque,CAM LM ST CM,CAM,Peque,Sevilla FC,2028,172.0,66.0,8500000.0,23000.0,22.31,114864.86
,20,74,83,278659,Right,59,65,67,63,77,63,61,79,75,9,9,10,3,2,,,,Pau Navarro,CB RB,CB,Pau Navarro,Villarreal CF,2030,185.0,72.0,8500000.0,21000.0,21.04,114864.86
,30,74,74,214622,Right,84,83,78,70,70,66,65,73,70,10,13,11,5,3,,,,J. Toljan,RB CM,RB,J. Toljan,Levante UD,2027,182.0,74.0,3600000.0,24000.0,22.34,48648.65
,26,74,77,245290,Right,69,75,76,76,74,66,66,75,73,15,6,10,3,2,,,,Dela,CB RB,CB,Dela,Levante UD,2028,179.0,77.0,4900000.0,23000.0,24.03,66216.22
,24,74,77,262500,Left,63,60,83,68,72,74,71,75,69,14,13,8,3,2,,,,Olasagasti,CM CDM LM,CM,Olasagasti,Levante UD,2028,176.0,74.0,5500000.0,21000.0,23.89,74324.32
,27,74,75,267873,Right,63,69,83,84,75,63,65,75,69,12,15,10,2,2,,,,K. Arriaga,CDM CM,CDM,K. Arriaga,Levante UD,2027,191.0,82.0,4300000.0,23000.0,22.48,58108.11
,34,74,74,189860,Right,68,68,72,61,74,67,63,76,74,16,15,15,3,3,,,,Kiko Femenía,RB RM,RB,Kiko Femenia,Getafe CF,2027,174.0,61.0,1500000.0,27000.0,20.15,20270.27
,30,74,74,226157,Right,71,72,84,74,76,76,69,74,71,6,10,7,4,3,,,,Javi Muñoz,CM CAM RM,CM,Javi Munoz,Getafe CF,2028,175.0,69.0,4000000.0,28000.0,22.53,54054.05
,30,74,74,234835,Right,50,52,69,78,77,44,64,75,73,9,9,14,3,2,,,,Domingos Duarte,CB,CB,Domingos Duarte,Getafe CF,2028,190.0,80.0,3500000.0,27000.0,22.16,47297.3
,26,74,77,245628,Right,52,56,65,79,74,43,58,74,73,9,10,12,3,2,,,,A. Abqar,CB,CB,A. Abqar,Getafe CF,2028,188.0,80.0,4900000.0,26000.0,22.63,66216.22
,21,74,82,274555,Right,64,69,81,70,71,74,69,75,74,11,11,9,3,3,,,,Mario Martín,CM CDM CAM,CM,Mario Martin,Getafe CF,2027,178.0,74.0,9500000.0,20000.0,23.36,128378.38
,22,74,82,279026,Right,82,84,82,73,70,66,66,71,68,14,11,10,2,2,,,,Hugo Rincón,RB RM,RB,Hugo Rincon,"Girona FC Jun 30, 2026 On loan",,183.0,75.0,9000000.0,27000.0,22.4,121621.62
,25,74,78,251616,Left,53,63,73,82,76,61,70,75,72,10,7,14,2,2,,,,David Carmo,CB,CB,David Carmo,"Real Oviedo Jun 30, 2026 On loan",,196.0,84.0,5500000.0,57000.0,21.87,74324.32
,21,74,81,275205,Right,87,81,68,49,48,70,70,56,54,13,6,8,2,3,,,,T. Fernández,LW LM,LW,T. Fernandez,"Real Oviedo Jun 30, 2026 On loan",,175.0,68.0,8500000.0,24000.0,22.2,114864.86
,27,74,74,275985,Right,64,74,81,66,69,75,72,68,64,13,8,15,3,3,,,,Alberto Reina,CM CDM CAM,CM,Alberto Reina,Real Oviedo,2027,179.0,71.0,4500000.0,27000.0,22.16,60810.81
,22,73,81,275468,Right,77,77,74,63,72,67,69,71,67,11,12,11,4,3,,,,Andrés García,RB RM,RB,Andres Garcia,Aston Villa,2029,183.0,82.0,6500000.0,54000.0,24.49,89041.1
,18,73,85,74413,Right,66,71,77,69,69,73,75,70,72,8,7,12,3,2,,,,H. Armstrong,CM CDM CAM,CM,H. Armstrong,Everton,2027,185.0,70.0,7000000.0,20000.0,20.45,95890.41
,20,73,82,271975,Right,67,79,68,68,74,70,73,73,73,6,12,13,3,3,,,,Stefan Bajcetic,CDM CM CB,CDM,Stefan Bajcetic,Liverpool,2027,185.0,77.0,6500000.0,42000.0,22.5,89041.1
,21,73,81,270519,Right,86,89,59,76,18,57,67,16,18,13,6,9,4,3,,,,W. Osula,ST,ST,W. Osula,Newcastle United,2028,192.0,81.0,7000000.0,57000.0,21.97,95890.41
,34,73,73,202750,Right,34,34,34,88,72,61,79,74,73,7,8,10,4,2,,,,W. Boly,CB,CB,W. Boly,Nottingham Forest,2029,195.0,97.0,1000000.0,56000.0,25.51,13698.63
,22,73,77,256781,Left,76,70,68,65,67,62,67,72,70,7,11,9,3,2,,,,L. Netz,LB LM,LB,L. Netz,Nottingham Forest,2030,184.0,83.0,4099999.9999999995,47000.0,24.52,56164.38
,22,73,81,264349,Left,72,72,65,62,33,71,72,42,43,12,6,10,3,3,,,,J. McAtee,RM CAM RW,RM,J. McAtee,Nottingham Forest,2030,180.0,72.0,7000000.0,49000.0,22.22,95890.41
,21,73,81,264290,Right,75,73,73,70,34,67,72,31,25,14,10,7,3,3,,,,Pablo,ST,ST,Pablo,West Ham United,2030,184.0,74.0,7000000.0,37000.0,21.86,95890.41
,21,73,80,264579,Right,67,65,78,67,71,71,70,72,72,10,12,14,3,2,,,,F. Potts,CDM CM,CDM,F. Potts,West Ham United,2029,183.0,79.0,6000000.0,31000.0,23.59,82191.78
,21,73,80,275102,Right,51,57,68,77,72,67,69,74,72,7,10,15,3,2,,,,S. Magassa,CDM CM CB,CDM,S. Magassa,West Ham United,2031,190.0,75.0,6000000.0,31000.0,20.78,82191.78
,28,73,73,221841,Right,84,70,68,63,41,67,66,23,25,10,13,12,4,3,,,,A. Armstrong,ST CAM,ST,A. Armstrong,Wolverhampton Wanderers,2029,173.0,69.0,3100000.0,51000.0,23.05,42465.75
,21,73,82,259170,Right,80,80,67,42,63,68,72,59,52,10,13,14,3,3,,,,Rodrigo Gomes,LW LM RM,LW,Rodrigo Gomes,Wolverhampton Wanderers,2029,175.0,67.0,7000000.0,36000.0,21.88,95890.41
,23,73,78,262135,Left,77,79,78,76,68,63,66,68,71,8,9,10,2,2,,,,D. Wolfe,LB LM,LB,D. Wolfe,Wolverhampton Wanderers,2030,185.0,78.0,4300000.0,37000.0,22.79,58904.11
,30,73,73,217826,Right,76,80,90,87,70,63,70,72,70,14,8,14,3,3,,,,J. Laurent,CDM CM CB,CDM,J. Laurent,Burnley,2030,188.0,76.0,2500000.0,41000.0,21.5,34246.58
,26,73,73,227503,Right,83,74,64,68,59,68,66,54,44,14,6,11,5,3,,,,J. Bruun Larsen,LM RM LW,LM,J. Bruun Larsen,Burnley,2029,183.0,77.0,3300000.0,41000.0,22.99,45205.48
,28,73,73,230708,Right,42,44,65,83,73,30,63,74,75,11,11,9,2,2,,,,J. Worrall,CB,CB,J. Worrall,Burnley,2028,190.0,90.0,2600000.0,41000.0,24.93,35616.44
,27,73,73,231485,Right,74,77,68,76,73,63,73,72,71,5,8,13,3,3,,,,A. Tuanzebe,CB RB,CB,A. Tuanzebe,Burnley,2027,185.0,75.0,2800000.0,39000.0,21.91,38356.16
,24,73,75,241173,Right,79,82,71,77,24,63,68,33,31,5,6,9,3,3,,,,L. Foster,ST LM LW,ST,L. Foster,Burnley,2028,185.0,70.0,4000000.0,39000.0,20.45,54794.52
,25,73,75,242660,Right,69,75,44,77,73,55,73,73,72,7,7,11,3,2,,,,J. Beyer,CB,CB,J. Beyer,Burnley,2027,187.0,80.0,3400000.0,37000.0,22.88,46575.34
,26,73,73,253150,Right,80,81,51,52,45,72,72,35,32,14,9,11,3,4,,,,M. Trésor,LM LW,LM,M. Tresor,Burnley,2028,172.0,66.0,3300000.0,41000.0,22.31,45205.48
,18,73,85,73885,Right,84,87,69,79,34,63,71,41,34,10,13,7,3,3,,,,C. Kostoulas,ST CAM RM,ST,C. Kostoulas,Brighton & Hove Albion,2030,185.0,75.0,7000000.0,42000.0,21.91,95890.41
,34,73,73,188836,Right,41,36,29,55,11,45,70,18,14,74,72,73,2,1,,,,J. Steele,GK,GK,J. Steele,Brighton & Hove Albion,2027,188.0,79.0,525000.0,37000.0,22.35,7191.78
,20,73,85,263640,Right,74,74,78,60,60,75,74,65,58,15,5,7,3,4,,,,A. Milambo,CM CAM,CM,A. Milambo,Brentford,2030,179.0,68.0,7500000.0,35000.0,21.22,102739.73
,34,73,73,190885,Right,54,65,64,68,71,68,70,75,73,8,9,9,3,3,,,,A. Smith,RB RM,RB,A. Smith,AFC Bournemouth,2027,180.0,78.0,1100000.0,48000.0,24.07,15068.49
,27,73,74,238392,Right,62,50,76,68,73,68,68,75,71,12,10,12,3,2,,,,E. Owusu,CDM CM,CDM,E. Owusu,AJ Auxerre,2027,182.0,72.0,3100000.0,18000.0,21.74,42465.75
,24,73,76,239631,Right,81,79,72,76,20,71,67,15,19,9,11,9,3,3,,,,D. Namaso,LM ST CAM LW,LM,D. Namaso,"AJ Auxerre Jun 30, 2026 On loan",,182.0,76.0,4200000.0,10000.0,22.94,57534.25
,24,73,77,257204,Right,52,71,68,78,70,59,73,75,72,13,7,10,3,2,,,,S. Diomandé,CB,CB,S. Diomande,AJ Auxerre,2027,184.0,74.0,3900000.0,16000.0,21.86,53424.66
,24,73,77,259816,Right,84,89,71,74,35,68,71,38,40,9,8,7,4,3,,,,A. Sima,LW LM,LW,A. Sima,RC Lens,2029,188.0,74.0,4400000.0,19000.0,20.94,60273.97
,27,73,75,237525,Right,58,50,20,55,25,54,63,12,18,73,70,73,3,1,,,,A. Bodart,GK,GK,A. Bodart,Lille OSC,2027,186.0,80.0,2800000.0,13000.0,23.12,38356.16
,21,73,79,256970,Left,68,73,76,64,38,73,74,36,38,14,14,7,3,3,,,,A. Karabec,RM RW,RM,A. Karabec,"Olympique Lyonnais Jun 30, 2026 On loan",,187.0,74.0,4900000.0,14000.0,21.16,67123.29
,22,73,79,258619,Right,67,65,85,66,72,71,67,73,72,6,13,6,3,3,,,,J. Lepenant,CM CAM CDM,CM,J. Lepenant,FC Nantes,2029,176.0,69.0,4900000.0,13000.0,22.28,67123.29
,19,73,81,75148,Right,58,73,66,81,73,48,67,75,68,12,11,14,2,2,,,,A. Bah,CB,CB,A. Bah,"OGC Nice Jun 30, 2026 On loan",,195.0,82.0,6000000.0,45000.0,21.56,82191.78
,28,73,73,235569,Right,57,56,45,75,64,81,77,71,64,8,10,8,3,4,,,,T. Ndombele,CM CDM,CM,T. Ndombele,OGC Nice,2028,181.0,76.0,3000000.0,21000.0,23.2,41095.89
,24,73,79,268868,Right,84,82,64,50,46,74,73,48,41,12,13,8,3,3,,,,Tiago Gouveia,RW LW LM RM,RW,Tiago Gouveia,"OGC Nice Jun 30, 2026 On loan",,176.0,73.0,4800000.0,14000.0,23.57,65753.42
,26,73,76,269164,Right,61,59,56,77,71,57,74,74,72,14,14,14,3,2,,,,M. Abdelmonem,CB,CB,M. Abdelmonem,OGC Nice,2028,183.0,78.0,3500000.0,19000.0,23.29,47945.21
,22,73,81,278187,Right,73,68,72,52,61,68,64,66,62,13,6,14,4,3,,,,T. Louchet,RM CM LM RW,RM,T. Louchet,OGC Nice,2027,178.0,66.0,7000000.0,18000.0,20.83,95890.41
,21,73,83,71114,Right,65,64,75,70,69,69,71,73,65,5,14,9,3,3,,,,D. Cissé,CM CDM,CM,D. Cisse,Stade Rennais FC,2030,188.0,73.0,7000000.0,15000.0,20.65,95890.41
,29,73,73,213654,Right,73,75,81,72,73,69,76,69,62,8,14,11,4,3,,,,G. Kamara,CDM CM,CDM,G. Kamara,Stade Rennais FC,2028,178.0,75.0,2600000.0,20000.0,23.67,35616.44
,27,73,73,236518,Left,78,75,66,67,34,70,68,32,38,14,6,10,5,3,,,,A. Nordin,RM LM LW RW,RM,A. Nordin,"Stade Rennais FC Jun 30, 2026 On loan",,170.0,70.0,3200000.0,21000.0,24.22,43835.62
,23,73,78,261647,Right,65,72,67,81,73,58,68,75,71,8,10,8,3,2,,,,A. Omobamidele,CB,CB,A. Omobamidele,RC Strasbourg Alsace,2029,188.0,74.0,4200000.0,30000.0,20.94,57534.25
,19,73,82,276377,Right,65,68,65,74,74,53,70,76,72,6,12,13,3,2,,,,L. Høgsberg,CB,CB,L. Høgsberg,RC Strasbourg Alsace,2030,187.0,70.0,6000000.0,24000.0,20.02,82191.78
,20,73,81,278455,Right,67,67,62,70,74,60,67,75,75,10,7,5,4,3,,,,A. Anselmino,CB,CB,A. Anselmino,"RC Strasbourg Alsace Jun 30, 2026 On loan",,186.0,83.0,6000000.0,48000.0,23.99,82191.78
,19,73,82,279702,Left,58,62,78,64,75,73,72,73,68,12,14,13,2,3,,,,S. El Mourabet,CM CDM,CM,S. El Mourabet,RC Strasbourg Alsace,2030,186.0,75.0,6500000.0,25000.0,21.68,89041.1
,22,73,80,265544,Right,78,75,76,39,64,71,74,67,65,8,11,8,3,3,,,,T. Le Bris,RM LM RB,RM,T. Le Bris,FC Lorient,2027,170.0,65.0,6000000.0,14000.0,22.49,82191.78
,22,73,81,266099,Right,71,66,81,60,15,68,75,33,21,9,8,6,3,3,,,,P. Pagis,CAM LM CM,CAM,P. Pagis,FC Lorient,2027,180.0,70.0,7000000.0,14000.0,21.6,95890.41
,21,73,77,263602,Left,59,53,69,63,65,76,71,67,53,8,12,7,3,3,,,,B. Nadir,CM CAM CDM,CM,B. Nadir,Olympique de Marseille,2029,179.0,65.0,4400000.0,21000.0,20.29,60273.97
,29,73,73,237960,Right,85,90,75,75,47,65,66,52,48,6,12,13,3,3,,,,Mama Baldé,LW ST LM,LW,Mama Balde,Stade Brestois 29,2027,176.0,69.0,3000000.0,21000.0,22.28,41095.89
,22,73,80,274692,Right,75,77,69,62,20,69,71,23,23,13,11,5,3,3,,,,R. Labeau Lascary,LM ST RM LW,LM,R. Labeau Lascary,"Stade Brestois 29 Jun 30, 2026 On loan",,184.0,72.0,6000000.0,18000.0,21.27,82191.78
,22,73,78,258439,Right,44,58,59,88,72,59,64,76,68,6,13,7,3,2,,,,O. Camara,CB,CB,O. Camara,Angers SCO,2029,197.0,90.0,4200000.0,10000.0,23.19,57534.25
,24,73,76,253121,Right,83,83,69,62,25,69,70,21,19,13,7,10,2,3,,,,I. Soumaré,LM ST LW,LM,I. Soumare,Le Havre AC,2029,182.0,78.0,4200000.0,11000.0,23.55,57534.25
,23,73,80,263468,Left,60,56,79,53,70,74,74,71,66,7,6,12,3,3,,,,Y. Kechta,CM CAM,CM,Y. Kechta,Le Havre AC,2029,174.0,68.0,6000000.0,11000.0,22.46,82191.78
,25,73,76,247248,Right,64,75,74,82,71,44,67,75,70,6,5,14,2,2,,,,M. Mbow,CB,CB,M. Mbow,Paris FC,2028,192.0,82.0,3600000.0,31000.0,22.24,49315.07
,27,73,73,256731,Left,65,65,69,83,12,69,72,18,14,6,15,12,3,3,,,,J. Krasso,ST CAM,ST,J. Krasso,Paris FC,2027,187.0,80.0,3300000.0,36000.0,22.88,45205.48
,36,73,73,186569,Right,41,40,29,63,14,42,45,18,14,74,69,73,2,1,,,,S. Ulreich,GK,GK,S. Ulreich,FC Bayern München,2028,192.0,87.0,350000.0,15000.0,23.6,4794.52
,22,73,78,245541,Right,71,63,63,72,39,72,71,37,37,10,13,12,2,4,,,,G. Reyna,CAM LM RM CM,CAM,G. Reyna,Borussia Mönchengladbach,2028,185.0,79.0,4700000.0,19000.0,23.08,64383.56
,25,73,76,245622,Right,74,87,80,75,34,70,67,35,33,14,10,7,4,3,,,,S. Machino,ST CAM,ST,S. Machino,Borussia Mönchengladbach,2029,185.0,84.0,4099999.9999999995,22000.0,24.54,56164.38
,24,73,76,262906,Right,68,63,78,66,73,67,63,77,72,9,14,13,3,2,,,,Y. Engelhardt,CDM CM,CDM,Y. Engelhardt,"Borussia Mönchengladbach Jun 30, 2026 On loan",,184.0,74.0,3800000.0,46000.0,21.86,52054.79
,21,73,79,271119,Left,70,72,75,68,72,64,69,75,70,9,9,5,2,2,,,,L. Ullrich,LB LM LW,LB,L. Ullrich,Borussia Mönchengladbach,2029,180.0,73.0,4600000.0,15000.0,22.53,63013.7
,22,73,79,263022,Right,74,87,62,68,73,55,66,77,75,10,10,10,3,3,,,,M. Rosenfelder,CB RB,CB,M. Rosenfelder,SC Freiburg,2029,186.0,76.0,4400000.0,18000.0,21.97,60273.97
,22,73,78,269705,Right,82,87,67,66,28,64,66,24,26,5,11,6,3,4,,,,D. Scherhant,LM ST LW,LM,D. Scherhant,SC Freiburg,2030,186.0,82.0,4700000.0,19000.0,23.7,64383.56
,26,73,74,246885,Right,77,75,90,72,68,69,74,72,69,8,6,12,2,3,,,,N. Capaldo,CM CDM CB,CM,N. Capaldo,Hamburger SV,2028,177.0,73.0,3600000.0,20000.0,23.3,49315.07
,24,73,78,256949,Right,76,74,78,65,64,75,76,64,62,8,12,6,3,4,,,,A. Grønbæk,CAM CM LM ST,CAM,A. Grønbæk,"Hamburger SV Jun 30, 2026 On loan",,181.0,65.0,4600000.0,18000.0,19.84,63013.7
,26,73,73,266395,Right,89,89,74,73,21,57,65,26,23,5,12,8,5,3,,,,P. Otele,LM LW ST,LM,P. Otele,"Hamburger SV Jun 30, 2026 On loan",,178.0,80.0,3300000.0,18000.0,25.25,45205.48
,25,73,76,276119,Right,68,61,89,85,74,69,73,76,75,11,11,14,3,2,,,,N. Remberg,CM CDM,CM,N. Remberg,Hamburger SV,2028,187.0,88.0,4000000.0,19000.0,25.17,54794.52
,29,73,73,220085,Left,73,63,67,61,28,72,70,19,18,14,10,9,2,3,,,,L. Waldschmidt,CAM ST CM,CAM,L. Waldschmidt,1. FC Köln,2027,181.0,74.0,3000000.0,21000.0,22.59,41095.89
,26,73,74,242997,Right,89,92,81,48,31,67,63,28,25,14,12,7,4,3,,,,L. Maina,LM ST CAM LW,LM,L. Maina,1. FC Köln,2028,173.0,70.0,3600000.0,20000.0,23.39,49315.07
,25,73,76,254638,Right,84,87,86,73,65,65,69,69,67,13,14,5,2,2,,,,S. Sebulonsen,RB CB RM CM,RB,S. Sebulonsen,1. FC Köln,2028,187.0,78.0,3700000.0,18000.0,22.31,50684.93
,31,73,73,223550,Right,52,51,35,69,25,42,45,21,24,74,72,71,3,1,,,,J. Omlin,GK,GK,J. Omlin,"Bayer 04 Leverkusen Jun 30, 2026 On loan",,190.0,85.0,1600000.0,14000.0,23.55,21917.81
,22,73,78,275028,Right,80,85,68,49,65,67,62,67,64,12,5,10,3,4,,,,Arthur,RM RB,RM,Arthur,Bayer 04 Leverkusen,2028,174.0,69.0,4700000.0,40000.0,22.79,64383.56
,20,73,82,75056,Right,57,59,66,69,82,68,72,72,62,9,6,10,3,3,,,,Chema Andrés,CDM CM,CDM,Chema Andres,VfB Stuttgart,2030,190.0,82.0,6500000.0,19000.0,22.71,89041.1
,25,73,76,238379,Left,69,67,60,75,71,76,72,73,61,13,9,6,3,3,,,,N. Nartey,CM CAM LB,CM,N. Nartey,VfB Stuttgart,2028,187.0,82.0,4000000.0,26000.0,23.45,54794.52
,31,73,73,203106,Right,75,72,73,46,57,69,74,59,62,15,11,14,4,3,,,,L. Bittencourt,CAM CM,CAM,L. Bittencourt,SV Werder Bremen,2029,171.0,63.0,2500000.0,23000.0,21.55,34246.58
,23,73,81,248732,Right,33,38,40,62,12,41,26,16,15,72,71,73,3,1,,,,K. Hein,GK,GK,K. Hein,"SV Werder Bremen Jun 30, 2026 On loan",,193.0,76.0,6000000.0,35000.0,20.4,82191.78
,33,73,73,198352,Right,33,50,49,84,77,47,76,76,66,7,16,13,2,2,,,,S. Bell,CB,CB,S. Bell,1. FSV Mainz 05,2029,192.0,88.0,1500000.0,21000.0,23.87,20547.95
,32,73,73,216158,Right,72,74,67,76,73,69,76,70,66,10,8,5,3,3,,,,S. Widmer,RB RM LB,RB,S. Widmer,1. FSV Mainz 05,2030,183.0,80.0,2100000.0,21000.0,23.89,28767.12
,30,73,73,223790,Right,90,93,72,73,43,69,71,35,28,6,14,16,3,3,,,,S. Becker,ST LM RM LW,ST,S. Becker,1. FSV Mainz 05,2030,180.0,78.0,3000000.0,24000.0,24.07,41095.89
,27,73,73,233216,Right,64,54,77,84,25,63,72,36,23,10,7,11,3,3,,,,P. Tietz,ST,ST,P. Tietz,1. FSV Mainz 05,2028,190.0,90.0,3300000.0,23000.0,24.93,45205.48
,26,73,73,245940,Right,86,89,64,77,54,59,67,50,39,8,13,9,2,5,,,,Silas,RM RW ST,RM,Silas,1. FSV Mainz 05,2028,189.0,82.0,3300000.0,21000.0,22.96,45205.48
,22,73,82,255272,Left,85,79,48,34,58,68,57,63,60,8,11,9,3,4,,,,K. Paredes,LM LW LB,LM,K. Paredes,VfL Wolfsburg,2029,175.0,61.0,7000000.0,28000.0,19.92,95890.41
,24,73,76,256281,Right,83,84,84,69,69,59,58,65,70,7,13,13,3,2,,,,K. Fischer,RB CB,RB,K. Fischer,VfL Wolfsburg,2027,182.0,77.0,3800000.0,27000.0,23.25,52054.79
,29,73,73,218339,Right,74,54,70,59,72,74,72,59,58,14,7,12,4,4,,,,M. Dahoud,CM CDM,CM,M. Dahoud,Eintracht Frankfurt,2030,178.0,68.0,3000000.0,24000.0,21.46,41095.89
,29,73,73,215449,Left,77,74,66,68,68,70,71,67,66,15,16,13,3,3,,,,R. Skov,LB RB RM LM,LB,R. Skov,1. FC Union Berlin,2030,185.0,81.0,2700000.0,26000.0,23.67,36986.3
,28,73,73,225632,Right,90,95,69,80,36,68,69,40,31,13,11,7,3,3,,,,O. Burke,ST RM CAM,ST,O. Burke,1. FC Union Berlin,2029,188.0,82.0,3100000.0,29000.0,23.2,42465.75
,28,73,73,229286,Right,86,87,71,68,47,58,67,49,43,7,14,13,3,3,,,,T. Skarke,ST RM CAM,ST,T. Skarke,1. FC Union Berlin,2030,181.0,79.0,3100000.0,29000.0,24.11,42465.75
,25,73,76,239138,Right,78,74,75,54,30,72,65,32,36,12,6,7,4,3,,,,Jeong Woo Yeong,CAM ST CM,CAM,Jeong Woo Yeong,1. FC Union Berlin,2028,179.0,71.0,4000000.0,25000.0,22.16,54794.52
,27,73,73,247028,Right,69,73,81,76,73,75,75,74,74,11,13,11,3,3,,,,A. Král,CM CAM CDM,CM,A. Kral,1. FC Union Berlin,2028,187.0,80.0,3200000.0,26000.0,22.88,43835.62
,29,73,73,257771,Right,84,75,65,61,69,72,71,72,69,12,9,15,4,3,,,,J. Juranović,RB RM,RB,J. Juranovic,1. FC Union Berlin,2027,173.0,68.0,2700000.0,26000.0,22.72,36986.3
,20,73,81,268116,Left,66,56,77,79,73,66,68,68,69,8,9,9,3,3,,,,T. Rothe,LB LM CB,LB,T. Rothe,1. FC Union Berlin,2030,192.0,85.0,6500000.0,18000.0,23.06,89041.1
,20,73,83,276372,Right,82,83,74,80,23,66,58,21,18,6,6,13,3,4,,,,I. Ansah,ST CAM LW,ST,I. Ansah,1. FC Union Berlin,2030,197.0,84.0,6500000.0,21000.0,21.64,89041.1
,30,73,73,211856,Right,76,76,65,80,72,46,60,75,70,14,13,12,4,3,,,,K. Akpoguma,CB RB,CB,K. Akpoguma,TSG 1899 Hoffenheim,2029,192.0,85.0,2500000.0,26000.0,23.06,34246.58
,30,73,73,224425,Right,75,74,80,76,68,71,75,72,70,12,15,16,4,2,,,,M. Wolf,RB RM,RB,M. Wolf,FC Augsburg,2027,188.0,81.0,2600000.0,26000.0,22.92,35616.44
,27,73,73,240193,Left,63,57,75,70,67,71,65,73,68,14,11,8,3,2,,,,E. Rexhbeçaj,CM CDM CAM,CM,E. Rexhbecaj,FC Augsburg,2028,182.0,78.0,3200000.0,26000.0,23.55,43835.62
,21,73,80,266433,Right,77,75,66,69,29,63,60,35,31,9,15,11,3,3,,,,A. Kade,RM LM CAM RW,RM,A. Kade,FC Augsburg,2029,185.0,72.0,6000000.0,19000.0,21.04,82191.78
,27,73,73,225266,Left,76,70,82,64,62,70,70,68,63,14,15,12,3,3,,,,M. Rasmussen,CM CAM CDM,CM,M. Rasmussen,FC St. Pauli,2029,180.0,71.0,3200000.0,20000.0,21.91,43835.62
,28,73,73,233061,Right,78,89,86,64,64,75,68,62,61,9,15,11,3,4,,,,M. Pereira Lage,ST LW CAM LM,ST,M. Pereira Lage,FC St. Pauli,2028,180.0,69.0,3100000.0,22000.0,21.3,42465.75
,23,73,79,258316,Right,84,85,78,59,27,72,75,28,19,7,15,9,3,4,,,,E. Dinkçi,CAM RM LM CM,CAM,E. Dinkci,"1. FC Heidenheim 1846 Jun 30, 2026 On loan",,188.0,76.0,4800000.0,19000.0,21.5,65753.42
,25,73,74,260290,Right,63,66,77,83,30,67,75,27,23,10,10,6,3,3,,,,M. Pieringer,ST CAM CM,ST,M. Pieringer,1. FC Heidenheim 1846,2027,191.0,83.0,3700000.0,24000.0,22.75,50684.93
,20,73,85,276216,Right,67,66,74,74,66,70,65,69,64,14,5,6,3,2,,,,E. Banzuzi,CM CDM CAM,CM,E. Banzuzi,RB Leipzig,2030,191.0,80.0,7500000.0,26000.0,21.93,102739.73
,22,73,81,253177,Right,85,91,78,71,70,72,76,72,67,15,6,6,3,4,,,,Y. Musah,CM CDM RM CAM,CM,Y. Musah,"Atalanta Jun 30, 2026 On loan",,178.0,71.0,7000000.0,28000.0,22.41,95890.41
,23,73,76,256035,Right,90,86,62,60,26,70,70,25,25,6,13,12,4,4,,,,K. Sulemana,CAM LM ST CM,CAM,K. Sulemana,Atalanta,2029,175.0,70.0,4200000.0,37000.0,22.86,57534.25
,24,73,77,258890,Right,79,89,71,81,66,66,74,68,65,6,8,11,3,3,,,,F. Dele-Bashiru,CAM CM,CAM,F. Dele-Bashiru,Lazio,2028,186.0,80.0,4400000.0,21000.0,23.12,60273.97
,22,73,79,255460,Right,78,77,58,56,46,70,62,47,43,8,14,10,4,4,,,,J. Ondrejka,LW LM,LW,J. Ondrejka,Parma,2029,180.0,70.0,4900000.0,16000.0,21.6,67123.29
,23,73,79,261539,Right,78,76,79,74,72,73,70,73,71,11,11,6,3,3,,,,M. Keita,CDM CM CB,CDM,M. Keita,Parma,2029,181.0,78.0,4400000.0,14000.0,23.81,60273.97
,22,73,79,269276,Left,83,86,69,60,53,65,70,49,47,6,8,8,4,3,,,,G. Oristanio,CAM ST RW CM,CAM,G. Oristanio,"Parma Jun 30, 2026 On loan",,174.0,62.0,4900000.0,4000.0,20.48,67123.29
,22,73,78,275401,Left,80,79,76,76,24,56,62,38,27,6,7,8,4,2,,,,M. Frigan,ST,ST,M. Frigan,Parma,2030,185.0,78.0,4700000.0,16000.0,22.79,64383.56
,24,73,75,243481,Right,88,89,78,62,67,67,65,70,69,10,7,15,4,3,,,,M. Pedersen,RB RM,RB,M. Pedersen,Torino,2027,184.0,76.0,3600000.0,23000.0,22.45,49315.07
,24,73,76,255150,Left,82,84,69,73,68,66,61,66,64,11,10,7,2,3,,,,N. Nkounkou,LM LB,LM,N. Nkounkou,"Torino Jun 30, 2026 On loan",,180.0,77.0,4200000.0,20000.0,23.77,57534.25
,23,73,78,278013,Right,52,67,48,76,71,42,60,75,72,11,8,12,3,2,,,,S. Sazonov,CB,CB,S. Sazonov,Torino,2030,194.0,84.0,4200000.0,23000.0,22.32,57534.25
,34,73,73,190324,Right,52,55,73,78,74,40,64,74,73,14,11,14,3,2,,,,C. Kabasele,CB,CB,C. Kabasele,Udinese,2028,187.0,84.0,1000000.0,15000.0,24.02,13698.63
,23,73,81,261573,Right,60,64,71,78,73,48,66,75,71,13,5,13,3,2,,,,T. Kristensen,CB,CB,T. Kristensen,Udinese,2028,198.0,85.0,6500000.0,12000.0,21.68,89041.1
,24,73,77,268656,Right,78,82,74,68,69,59,68,74,70,14,7,10,3,3,,,,A. Zanoli,RB RM,RB,A. Zanoli,"Udinese Jun 30, 2026 On loan",,188.0,76.0,4099999.9999999995,47000.0,21.5,56164.38
,31,73,73,210381,Left,70,80,67,79,72,58,64,71,69,9,7,14,3,2,,,,C. Lykogiannis,LB LM,LB,C. Lykogiannis,Bologna,2029,191.0,90.0,2200000.0,34000.0,24.67,30136.99
,26,73,74,252440,Right,77,77,78,73,69,68,71,67,66,7,11,7,4,3,,,,N. Zortea,RB RM,RB,N. Zortea,Bologna,2029,186.0,86.0,3300000.0,32000.0,24.86,45205.48
,21,73,83,269558,Right,83,84,74,42,48,70,65,41,36,12,6,6,3,4,,,,B. Domínguez,LM LW,LM,B. Dominguez,Bologna,2029,173.0,73.0,7000000.0,25000.0,24.39,95890.41
,27,73,73,223866,Right,62,62,68,61,68,76,72,68,66,11,10,13,3,3,,,,S. Lovrič,CM CDM,CM,S. Lovric,"Hellas Verona FC Jun 30, 2026 On loan",,180.0,70.0,3200000.0,15000.0,21.6,43835.62
,27,73,73,235875,Right,70,73,73,61,69,65,67,71,68,12,12,9,3,3,,,,Pol Lirola,RB CB CM,RB,Pol Lirola,Hellas Verona FC,2028,183.0,70.0,2900000.0,10000.0,20.9,39726.03
,24,73,79,267681,Left,72,72,77,72,74,60,70,75,75,13,5,10,3,2,,,,N. Valentini,CB,CB,N. Valentini,"Hellas Verona FC Jun 30, 2026 On loan",,185.0,77.0,4400000.0,28000.0,22.5,60273.97
,23,73,81,255900,Left,49,42,34,62,17,58,32,16,14,71,71,75,2,1,,,,N. Törnqvist,GK,GK,N. Tornqvist,Como,2029,195.0,82.0,6000000.0,27000.0,21.56,82191.78
,29,73,73,221331,Right,45,40,56,69,70,75,73,68,66,12,7,8,4,3,,,,L. Mazzitelli,CM CDM,CM,L. Mazzitelli,"Cagliari Jun 30, 2026 On loan",,184.0,76.0,3000000.0,58000.0,22.45,41095.89
,26,73,76,237586,Right,50,48,67,76,74,43,74,76,71,11,8,14,3,2,,,,A. Dossena,CB,CB,A. Dossena,"Cagliari Jun 30, 2026 On loan",,195.0,85.0,3500000.0,53000.0,22.35,47945.21
,25,73,76,246877,Right,69,60,58,56,64,75,77,58,52,12,12,10,3,3,,,,G. Gaetano,CAM CDM CM,CAM,G. Gaetano,Cagliari,2029,180.0,80.0,4000000.0,10000.0,24.69,54794.52
,25,73,76,252964,Right,67,81,84,64,72,62,69,70,68,14,13,10,2,2,,,,G. Zappa,RB CB CDM,RB,G. Zappa,Cagliari,2030,183.0,78.0,3700000.0,10000.0,23.29,50684.93
,24,73,76,254982,Right,67,73,79,76,74,71,68,73,69,12,12,11,3,3,,,,M. Adopo,CM CDM,CM,M. Adopo,Cagliari,2029,187.0,85.0,4099999.9999999995,9000.0,24.31,56164.38
,22,73,79,266636,Left,69,66,69,68,75,62,64,73,71,6,7,10,2,2,,,,A. Obert,LB CB CDM,LB,A. Obert,Cagliari,2029,187.0,82.0,4600000.0,9000.0,23.45,63013.7
,22,73,80,271577,Right,76,67,79,67,75,65,68,73,73,7,9,10,3,2,,,,I. Sulemana,CDM CM,CDM,I. Sulemana,"Cagliari Jun 30, 2026 On loan",,180.0,78.0,6000000.0,34000.0,24.07,82191.78
,28,73,75,278668,Right,69,68,68,72,74,58,67,74,72,8,13,7,2,2,,,,Zé Pedro,CB,CB,Ze Pedro,Cagliari,2028,187.0,84.0,3100000.0,11000.0,24.02,42465.75
,28,73,73,232080,Left,74,77,76,62,44,75,72,39,39,11,8,6,3,3,,,,J. Harrison,RW LW LM RM,RW,J. Harrison,"Fiorentina Jun 30, 2026 On loan",,175.0,70.0,3100000.0,45000.0,22.86,42465.75
,27,73,73,235866,Right,74,79,64,63,36,68,70,38,32,15,13,7,4,3,,,,C. Kouamé,ST LM LW,ST,C. Kouame,Fiorentina,2027,185.0,70.0,3300000.0,36000.0,20.45,45205.48
,27,73,75,238370,Right,56,65,63,82,70,54,69,76,72,6,6,8,3,2,,,,M. Pongračić,CB,CB,M. Pongracic,Fiorentina,2027,190.0,95.0,3200000.0,32000.0,26.32,43835.62
,24,73,76,242418,Right,89,80,61,34,71,59,69,71,73,15,13,5,2,2,,,,T. Lamptey,RB LB RM,RB,T. Lamptey,Fiorentina,2028,163.0,62.0,3800000.0,28000.0,23.34,52054.79
,22,73,82,271019,Right,70,65,64,55,68,73,71,65,64,8,9,7,4,3,,,,G. Fabbian,CM CAM CDM,CM,G. Fabbian,"Fiorentina Jun 30, 2026 On loan",,189.0,87.0,7000000.0,29000.0,24.36,95890.41
,32,73,73,201299,Right,33,32,27,65,25,45,60,15,20,76,73,69,2,1,,,,N. Leali,GK,GK,N. Leali,Genoa,2029,195.0,80.0,1500000.0,12000.0,21.04,20547.95
,28,73,73,215798,Right,82,86,57,64,66,69,67,67,63,16,13,12,4,3,,,,M. Cornet,LM ST LW,LM,M. Cornet,"Genoa Jun 30, 2026 On loan",,179.0,69.0,3100000.0,47000.0,21.53,42465.75
,24,73,76,71230,Right,66,67,82,75,73,71,71,73,70,9,11,7,3,2,,,,F. Loyola,CM CDM RB CAM,CM,F. Loyola,"Pisa Jun 30, 2026 On loan",,185.0,76.0,4099999.9999999995,10000.0,22.21,56164.38
,26,73,73,237669,Right,74,75,80,66,68,66,68,74,72,5,6,10,3,3,,,,A. Zerbin,RM LM LB RB,RM,A. Zerbin,"Cremonese Jun 30, 2026 On loan",,182.0,80.0,3300000.0,57000.0,24.15,45205.48
,26,73,73,240970,Right,70,70,69,72,66,75,76,66,62,6,6,7,2,3,,,,M. Payero,CM CAM,CM,M. Payero,"Cremonese Jun 30, 2026 On loan",,182.0,80.0,3300000.0,15000.0,24.15,45205.48
,28,73,73,240452,Left,81,84,62,92,29,60,69,24,28,12,14,13,4,2,,,,M. Nzola,ST,ST,M. Nzola,"Sassuolo Jun 30, 2026 On loan",,185.0,91.0,3100000.0,38000.0,26.59,42465.75
,23,73,78,255561,Left,75,82,86,63,67,63,60,70,70,15,6,10,5,3,,,,J. Doig,LB LM,LB,J. Doig,Sassuolo,2028,189.0,71.0,4300000.0,14000.0,19.88,58904.11
,25,73,77,262396,Right,62,43,86,80,69,53,61,74,73,13,6,12,3,2,,,,J. Idzes,CB,CB,J. Idzes,Sassuolo,2029,190.0,80.0,3800000.0,15000.0,22.16,52054.79
,23,73,80,70344,Left,79,77,76,75,70,61,65,71,69,12,9,12,3,3,,,,A. Boiro,LB LM,LB,A. Boiro,Athletic Club,2029,183.0,75.0,6000000.0,24000.0,22.4,82191.78
,32,73,73,193352,Left,56,56,74,71,70,75,77,74,72,14,13,14,3,2,,,,R. Rodríguez,LB LM,LB,R. Rodriguez,Real Betis Balompié,2028,182.0,83.0,2100000.0,21000.0,25.06,28767.12
,31,73,73,228520,Right,70,76,72,78,57,72,68,46,41,11,6,10,5,3,,,,Chimy Ávila,ST RM RW CAM,ST,Chimy Avila,Real Betis Balompié,2027,172.0,81.0,2600000.0,24000.0,27.38,35616.44
,21,73,82,75628,Left,64,70,52,56,25,74,75,43,44,8,7,5,2,3,,,,Fer López,RW CAM CM RM,RW,Fer Lopez,"RC Celta Jun 30, 2026 On loan",,186.0,76.0,7000000.0,36000.0,21.97,95890.41
,29,73,73,230021,Right,64,70,63,84,71,23,63,73,71,11,6,13,3,2,,,,J. Aidoo,CB,CB,J. Aidoo,RC Celta,2030,184.0,80.0,2500000.0,21000.0,23.63,34246.58
,24,73,78,262140,Left,56,68,58,79,72,47,68,76,70,5,14,9,3,2,,,,Carlos Domínguez,CB,CB,Carlos Dominguez,RC Celta,2028,187.0,81.0,4200000.0,17000.0,23.16,57534.25
,24,73,75,258949,Right,82,80,63,59,41,73,67,39,32,10,14,10,3,3,,,,Jofre,RW RM LM,RW,Jofre,RCD Espanyol,2029,175.0,68.0,4000000.0,17000.0,22.2,54794.52
,22,73,76,263133,Right,82,81,62,58,40,70,70,44,33,11,6,15,3,3,,,,Antoniu Roca,RM LM RW,RM,Antoniu Roca,RCD Espanyol,2028,180.0,65.0,4200000.0,15000.0,20.06,57534.25
,27,73,73,232008,Left,76,76,65,56,67,66,64,70,71,7,10,9,4,3,,,,Toni Lato,LB LM,LB,Toni Lato,RCD Mallorca,2027,171.0,64.0,2900000.0,22000.0,21.89,39726.03
,25,73,76,248820,Right,75,75,68,51,75,62,63,69,73,6,13,7,3,3,,,,Mateu Morey,RB RM LB,RB,Mateu Morey,RCD Mallorca,2027,173.0,67.0,3700000.0,21000.0,22.39,50684.93
,28,73,73,252909,Right,71,72,83,75,72,73,71,68,64,15,13,14,3,3,,,,Antonio Sánchez,RM CM RB,RM,Antonio Sanchez,RCD Mallorca,2027,179.0,78.0,3100000.0,24000.0,24.34,42465.75
,29,73,73,234035,Right,73,76,64,64,71,63,67,71,70,11,12,5,3,3,,,,Odriozola,RB,RB,Odriozola,Real Sociedad,2029,176.0,66.0,2700000.0,27000.0,21.31,36986.3
,22,73,81,264701,Right,79,77,68,53,51,73,70,54,44,11,14,13,4,3,,,,A. Zakharyan,RM CM LM RW,RM,A. Zakharyan,Real Sociedad,2029,182.0,73.0,7000000.0,24000.0,22.04,95890.41
,21,73,82,272455,Right,69,67,63,59,70,74,66,72,55,7,7,15,3,3,,,,Pablo Marín,CM CDM RM CAM,CM,Pablo Marin,Real Sociedad,2029,178.0,71.0,7000000.0,20000.0,22.41,95890.41
,27,73,74,233885,Right,61,70,75,77,72,62,62,73,70,6,8,7,4,2,,,,E. Cömert,CB CDM CM,CB,E. Comert,Valencia CF,2028,183.0,80.0,3100000.0,26000.0,23.89,42465.75
,30,73,73,238126,Left,61,62,60,57,71,73,69,72,58,12,8,11,3,3,,,,Guridi,CAM CM ST,CAM,Guridi,Deportivo Alavés,2028,179.0,70.0,2900000.0,23000.0,21.85,39726.03
,27,73,74,244948,Right,67,64,69,69,71,65,73,72,73,14,9,12,3,2,,,,C. Protesoni,CDM CM CB,CDM,C. Protesoni,Deportivo Alavés,2028,185.0,76.0,3100000.0,21000.0,22.21,42465.75
,26,73,74,264160,Right,68,74,75,62,72,73,59,71,72,12,13,10,3,2,,,,Pablo Ibáñez,CM CDM,CM,Pablo Ibanez,Deportivo Alavés,2030,179.0,74.0,3600000.0,22000.0,23.1,49315.07
,25,73,78,246809,Right,61,69,76,64,71,74,72,71,70,12,14,9,3,2,,,,Marc Aguado,CDM CM,CDM,Marc Aguado,Elche CF,2027,178.0,68.0,4099999.9999999995,17000.0,21.46,56164.38
,25,73,78,259173,Right,68,73,60,75,74,50,68,74,73,7,9,14,5,2,,,,Víctor Chust,CB,CB,Victor Chust,"Elche CF Jun 30, 2026 On loan",,182.0,77.0,4000000.0,8000.0,23.25,54794.52
,32,73,73,206219,Left,72,69,71,69,72,57,60,74,73,14,11,11,3,2,,,,Juan Cruz,LB CB CDM,LB,Juan Cruz,CA Osasuna,2029,180.0,79.0,2100000.0,25000.0,24.38,28767.12
,28,73,73,225200,Right,76,73,63,60,33,72,69,35,31,6,12,15,3,3,,,,Kike Barja,LW LM RW,LW,Kike Barja,CA Osasuna,2030,178.0,69.0,3100000.0,27000.0,21.78,42465.75
,28,73,75,236033,Right,45,43,26,52,6,34,42,13,12,72,71,73,3,1,,,,Dani Cárdenas,GK,GK,Dani Cardenas,Rayo Vallecano,2027,186.0,80.0,2600000.0,12000.0,23.12,35616.44
,24,73,78,248805,Right,76,76,73,58,35,75,75,36,23,13,8,11,4,4,,,,Sergio Camello,ST,ST,Sergio Camello,Rayo Vallecano,2027,177.0,69.0,4700000.0,18000.0,22.02,64383.56
,30,73,73,208330,Left,69,70,55,59,36,75,75,23,22,15,10,12,4,4,,,,A. Januzaj,RW RM LM,RW,A. Januzaj,Sevilla FC,2029,186.0,76.0,2900000.0,26000.0,21.97,39726.03
,20,73,81,267920,Right,83,82,75,77,65,65,63,71,70,12,11,10,3,2,,,,A. Freeman,RB CM,RB,A. Freeman,Villarreal CF,2032,188.0,78.0,6500000.0,19000.0,22.07,89041.1
,37,73,73,216475,Right,75,76,69,66,58,71,76,54,45,14,13,16,4,4,,,,Morales,ST LM CAM,ST,Morales,Levante UD,2030,180.0,70.0,1000000.0,19000.0,21.6,13698.63
,28,73,73,241591,Left,88,85,82,61,40,63,70,48,44,12,5,7,3,3,,,,Brugui,ST LM RM LW,ST,Brugui,Levante UD,2028,173.0,68.0,3100000.0,25000.0,22.72,42465.75
,27,73,73,242279,Left,55,59,85,73,73,76,72,75,64,6,13,6,3,2,,,,Oriol Rey,CM CDM,CM,Oriol Rey,Levante UD,2027,177.0,71.0,3200000.0,22000.0,22.66,43835.62
,21,73,79,276820,Right,55,56,66,80,73,50,56,73,74,14,9,6,2,2,,,,M. Moreno,CB,CB,M. Moreno,"Levante UD Jun 30, 2026 On loan",,193.0,81.0,4400000.0,23000.0,21.75,60273.97
,28,73,73,275986,Right,78,79,77,62,25,68,53,26,27,9,6,13,5,3,,,,Álex Sancris,RM LM RW,RM,Alex Sancris,Getafe CF,2028,181.0,77.0,3100000.0,26000.0,23.5,42465.75
,29,73,74,211101,Right,54,52,44,35,22,37,57,11,11,76,72,70,3,1,,,,Rubén Blanco,GK,GK,Ruben Blanco,Girona FC,2029,188.0,70.0,2300000.0,15000.0,19.81,31506.85
,20,73,82,272718,Right,85,82,65,61,46,70,66,45,42,8,14,11,3,3,,,,Joel Roca,LW LM,LW,Joel Roca,Girona FC,2029,176.0,72.0,6500000.0,19000.0,23.24,89041.1
,19,73,85,276528,Right,88,84,59,45,39,70,72,44,37,9,12,13,3,3,,,,C. Echeverri,CAM CM LM ST,CAM,C. Echeverri,"Girona FC Jun 30, 2026 On loan",,170.0,65.0,7000000.0,49000.0,22.49,95890.41
,31,73,73,225508,Right,60,65,50,77,74,59,73,71,73,14,14,9,3,3,,,,E. Bailly,CB,CB,E. Bailly,Real Oviedo,2027,187.0,77.0,2100000.0,25000.0,22.02,28767.12
,23,73,79,245870,Left,92,90,69,59,20,64,68,31,25,12,10,8,3,3,,,,H. Hassan,RW RM,RW,H. Hassan,Real Oviedo,2027,178.0,71.0,4800000.0,23000.0,22.41,65753.42
,23,73,79,256097,Left,72,73,73,69,71,66,63,72,70,11,13,14,3,2,,,,Javi López,LB LM,LB,Javi Lopez,"Real Oviedo Jun 30, 2026 On loan",,184.0,80.0,4500000.0,23000.0,23.63,61643.84
,24,73,76,262300,Right,80,80,73,65,46,71,66,36,39,12,15,6,3,4,,,,I. Chaira,LW RM LM,LW,I. Chaira,Real Oviedo,2028,183.0,70.0,4200000.0,23000.0,20.9,57534.25
,26,72,75,232284,Right,41,38,30,60,13,47,47,15,14,73,69,72,2,1,,,,M. Travers,GK,GK,M. Travers,Everton,2029,191.0,82.0,2400000.0,17000.0,22.48,33333.33
,16,72,88,80376,Right,92,89,62,54,36,71,74,39,30,11,9,9,3,4,,,,R. Ngumoha,LM LW,LM,R. Ngumoha,Liverpool,2028,170.0,68.0,6000000.0,29000.0,23.53,83333.33
,30,72,72,207650,Right,53,53,55,72,74,62,72,76,74,8,13,14,3,2,,,,E. Krafth,RB CB,RB,E. Krafth,Newcastle United,2029,184.0,83.0,2000000.0,63000.0,24.52,27777.78
,29,72,73,216325,Right,48,49,31,66,18,49,48,16,14,73,71,70,3,1,,,,A. Gunn,GK,GK,A. Gunn,Nottingham Forest,2030,196.0,77.0,1800000.0,34000.0,20.04,25000.0
,19,72,80,274102,Left,74,73,68,66,70,59,64,71,69,14,6,13,3,2,,,,O. Scarles,LB,LB,O. Scarles,West Ham United,2028,180.0,75.0,4800000.0,27000.0,23.15,66666.67
,30,72,72,215700,Right,69,67,87,75,70,65,69,71,73,9,14,14,4,2,,,,L. O'Nien,CB,CB,L. O'Nien,Sunderland,2027,179.0,74.0,1900000.0,37000.0,23.1,26388.89
,23,72,78,256831,Left,77,78,75,57,67,60,66,68,68,7,8,11,3,3,,,,D. Cirkin,LB,LB,D. Cirkin,Sunderland,2029,182.0,72.0,3500000.0,31000.0,21.74,48611.11
,20,72,82,271248,Left,85,85,67,69,30,61,65,30,30,10,15,8,2,2,,,,E. Mayenda,ST RM LM RW,ST,E. Mayenda,Sunderland,2030,180.0,75.0,5000000.0,31000.0,23.15,69444.44
,18,72,84,273459,Left,70,73,73,47,61,73,72,62,58,7,8,6,3,3,,,,C. Rigg,CAM CM RM,CAM,C. Rigg,Sunderland,2030,177.0,67.0,5500000.0,25000.0,21.39,76388.89
,24,72,78,256666,Right,78,83,63,78,70,45,65,72,71,8,7,10,3,2,,,,Y. Mosquera,CB,CB,Y. Mosquera,Wolverhampton Wanderers,2030,188.0,84.0,3400000.0,34000.0,23.77,47222.22
,30,72,72,205990,Right,55,52,43,66,74,69,70,74,72,7,12,10,3,2,,,,H. Reed,CDM CM,CDM,H. Reed,Fulham FC,2027,176.0,74.0,2000000.0,48000.0,23.89,27777.78
,23,72,76,256268,Right,61,76,59,78,20,57,70,35,20,9,7,8,3,3,,,,A. Broja,ST,ST,A. Broja,Burnley,2030,191.0,83.0,3400000.0,35000.0,22.75,47222.22
,21,72,78,264880,Left,84,81,62,77,32,69,70,36,33,14,12,8,3,3,,,,L. Tchaouna,RM ST RW,RM,L. Tchaouna,Burnley,2029,180.0,67.0,3800000.0,27000.0,20.68,52777.78
,27,72,72,243388,Left,68,70,69,68,68,74,72,70,70,10,6,8,3,3,,,,B. Sosa,LB LM,LB,B. Sosa,Crystal Palace,2028,187.0,79.0,2300000.0,46000.0,22.59,31944.44
,22,72,81,258490,Left,56,64,59,78,68,58,62,75,73,10,12,8,3,2,,,,C. Riad,CB,CB,C. Riad,Crystal Palace,2029,190.0,78.0,4900000.0,40000.0,21.61,68055.56
,19,72,81,274699,Right,79,74,69,76,28,49,68,27,26,13,7,10,3,3,,,,S. Tzimas,ST,ST,S. Tzimas,Brighton & Hove Albion,2030,186.0,78.0,5000000.0,40000.0,22.55,69444.44
,26,72,73,231445,Left,67,68,52,68,62,73,75,66,65,11,13,10,3,3,,,,J. Dasilva,CM CDM,CM,J. Dasilva,Brentford,2028,184.0,75.0,2700000.0,43000.0,22.15,37500.0
,19,72,85,70903,Right,71,67,68,58,65,73,58,69,66,9,8,12,3,2,,,,A. Tóth,CM CDM,CM,A. Toth,AFC Bournemouth,2031,181.0,70.0,5500000.0,30000.0,21.37,76388.89
,37,72,72,172203,Right,26,29,29,80,22,48,49,13,12,70,71,73,5,1,,,,F. Forster,GK,GK,F. Forster,AFC Bournemouth,2030,201.0,93.0,250000.0,17000.0,23.02,3472.22
,19,72,82,77633,Right,83,88,59,64,34,55,67,31,25,13,9,14,3,3,,,,R. Fofana,ST,ST,R. Fofana,RC Lens,2027,182.0,75.0,5000000.0,15000.0,22.64,69444.44
,28,72,72,227794,Left,74,78,69,75,68,66,70,70,71,10,7,9,2,2,,,,C. Verdonk,LB CB LM,LB,C. Verdonk,Lille OSC,2028,174.0,69.0,2100000.0,20000.0,22.79,29166.67
,18,72,82,278172,Left,75,79,68,48,62,69,70,65,58,9,8,12,2,3,,,,E. Mbappé,RM CM RW,RM,E. Mbappe,Lille OSC,2027,180.0,70.0,4900000.0,13000.0,21.6,68055.56
,33,72,72,210372,Left,58,64,48,57,32,75,72,29,23,12,6,7,3,4,,,,R. Ghezzal,RM RW,RM,R. Ghezzal,Olympique Lyonnais,2029,182.0,70.0,1500000.0,15000.0,21.13,20833.33
,23,72,78,70118,Left,42,46,31,73,14,57,35,13,10,71,69,72,3,1,,,,J. Fischer,GK,GK,J. Fischer,FC Metz,2029,197.0,85.0,3000000.0,6000.0,21.9,41666.67
,34,72,72,198200,Right,42,48,64,70,72,70,73,72,67,8,13,15,4,2,,,,B. Stambouli,CDM CM,CDM,B. Stambouli,FC Metz,2029,180.0,80.0,800000.0,11000.0,24.69,11111.11
,30,72,72,225293,Right,69,73,71,81,19,61,61,17,17,13,14,15,3,3,,,,H. Diallo,ST,ST,H. Diallo,FC Metz,2028,186.0,79.0,2300000.0,13000.0,22.84,31944.44
,28,72,72,236723,Left,84,77,52,68,69,64,63,71,70,14,14,11,2,3,,,,F. Ballo-Touré,LB LM,LB,F. Ballo-Toure,FC Metz,2028,182.0,70.0,2100000.0,11000.0,21.13,29166.67
,27,72,72,241238,Left,68,72,88,68,65,73,63,66,61,11,13,11,3,3,,,,J. Deminguet,CM CDM,CM,J. Deminguet,FC Metz,2028,178.0,74.0,2500000.0,11000.0,23.36,34722.22
,24,72,75,245131,Left,90,83,70,32,29,68,64,35,37,9,9,13,4,4,,,,G. Tsitaishvili,LM RM LW,LM,G. Tsitaishvili,"FC Metz Jun 30, 2026 On loan",,171.0,63.0,3200000.0,14000.0,21.55,44444.44
,20,72,80,273933,Left,76,78,75,65,65,59,69,70,69,9,10,8,2,3,,,,K. Ouattara,LB LM,LB,K. Ouattara,AS Monaco,2028,176.0,73.0,4900000.0,15000.0,23.57,68055.56
,34,72,72,189271,Right,49,57,50,66,74,75,74,76,72,9,9,10,4,3,,,,F. Coquelin,CM CDM,CM,F. Coquelin,FC Nantes,2028,177.0,74.0,1100000.0,14000.0,23.62,15277.78
,38,72,72,194209,Right,50,55,45,78,40,68,69,30,42,6,16,6,4,3,,,,Y. El Arabi,ST CAM,ST,Y. El Arabi,FC Nantes,2028,182.0,84.0,800000.0,12000.0,25.36,11111.11
,27,72,72,231235,Right,77,77,81,77,72,54,67,72,72,7,8,14,3,2,,,,K. Amian,RB CB RM,RB,K. Amian,FC Nantes,2028,180.0,78.0,2300000.0,13000.0,24.07,31944.44
,28,72,73,232693,Right,70,73,72,77,68,44,69,75,70,12,5,14,3,2,,,,C. Awaziem,CB,CB,C. Awaziem,FC Nantes,2028,189.0,78.0,2200000.0,14000.0,21.84,30555.56
,25,72,74,252059,Right,56,56,74,73,71,67,70,71,70,11,14,11,2,2,,,,S. Abdul Samed,CDM CM,CDM,S. Abdul Samed,OGC Nice,2028,179.0,69.0,2600000.0,17000.0,21.53,36111.11
,21,72,81,272515,Right,65,69,69,74,70,38,67,74,72,15,8,11,3,2,,,,A. Mendy,CB RB CDM,CB,A. Mendy,OGC Nice,2028,187.0,75.0,4900000.0,13000.0,21.45,68055.56
,21,72,79,273948,Right,73,74,73,77,73,32,61,74,71,13,14,9,3,2,,,,K. Oppong,CB,CB,K. Oppong,OGC Nice,2029,185.0,78.0,4400000.0,13000.0,22.79,61111.11
,22,72,80,260942,Right,85,80,65,78,17,57,70,22,18,14,6,14,4,3,,,,D. Fofana,ST,ST,D. Fofana,"RC Strasbourg Alsace Jun 30, 2026 On loan",,182.0,76.0,5500000.0,60000.0,22.94,76388.89
,22,72,76,269184,Right,66,65,78,74,71,72,73,73,69,14,6,9,3,2,,,,J. Mwanga,CDM CM,CDM,J. Mwanga,RC Strasbourg Alsace,2027,184.0,79.0,3100000.0,27000.0,23.33,43055.56
,27,72,73,230686,Left,68,64,72,67,67,72,69,75,71,8,9,8,3,3,,,,J. Makengo,CAM CM ST,CAM,J. Makengo,FC Lorient,2027,177.0,75.0,2700000.0,15000.0,23.94,37500.0
,27,72,73,253181,Right,87,88,74,80,37,60,66,37,38,12,11,11,4,3,,,,A. Tosin,ST CAM,ST,A. Tosin,FC Lorient,2027,179.0,75.0,2700000.0,16000.0,23.41,37500.0
,24,72,77,257978,Right,71,70,58,61,23,59,58,22,20,5,12,11,3,3,,,,S. Soumano,ST CAM,ST,S. Soumano,FC Lorient,2029,182.0,77.0,3600000.0,14000.0,23.25,50000.0
,24,72,75,248573,Right,80,79,66,76,74,71,78,71,61,6,11,12,3,3,,,,J. Dina Ebimbe,RM LM RW,RM,J. Dina Ebimbe,"Stade Brestois 29 Jun 30, 2026 On loan",,184.0,80.0,3200000.0,19000.0,23.63,44444.44
,21,72,80,261495,Left,82,87,69,81,71,38,65,71,66,5,14,10,3,2,,,,S. Coulibaly,CB,CB,S. Coulibaly,"Stade Brestois 29 Jun 30, 2026 On loan",,191.0,73.0,4900000.0,23000.0,20.01,68055.56
,21,72,80,271691,Right,75,82,71,81,68,45,54,77,73,13,9,6,2,2,,,,J. Diaz,CB,CB,J. Diaz,"Stade Brestois 29 Jun 30, 2026 On loan",,193.0,78.0,4900000.0,4000.0,20.94,68055.56
,29,72,72,228591,Right,73,77,79,75,65,63,66,73,68,8,10,15,2,2,,,,C. Arcus,RB RM,RB,C. Arcus,Angers SCO,2030,180.0,73.0,2100000.0,11000.0,22.53,29166.67
,29,72,72,229158,Right,49,30,64,73,54,78,75,66,65,6,13,8,4,3,,,,B. van den Boomen,CM CDM CAM,CM,B. van den Boomen,"Angers SCO Jun 30, 2026 On loan",,188.0,73.0,2300000.0,14000.0,20.65,31944.44
,25,72,75,240209,Right,73,76,60,78,38,59,68,29,15,11,9,15,3,3,,,,G. Koyalipou,ST RM RW,ST,G. Koyalipou,"Angers SCO Jun 30, 2026 On loan",,184.0,82.0,3100000.0,19000.0,24.22,43055.56
,23,72,79,269725,Right,72,67,85,70,63,74,73,67,61,8,8,10,3,3,,,,L. Mouton,CAM CM,CAM,L. Mouton,Angers SCO,2028,180.0,75.0,4700000.0,10000.0,23.15,65277.78
,23,72,79,269729,Right,57,55,92,62,70,71,69,72,70,12,14,14,3,2,,,,Y. Belkhdim,CM CDM RM CAM,CM,Y. Belkhdim,Angers SCO,2028,175.0,70.0,4700000.0,10000.0,22.86,65277.78
,21,72,79,271061,Left,76,72,73,64,66,42,59,72,69,12,13,11,3,2,,,,J. Ekomié,LB LM,LB,J. Ekomie,Angers SCO,2027,179.0,73.0,4500000.0,8000.0,22.78,62500.0
,24,72,74,273666,Right,74,78,69,56,26,73,69,33,29,9,12,9,3,3,,,,A. Sbaï,LM RM ST LW,LM,A. Sbai,Angers SCO,2027,175.0,68.0,3000000.0,10000.0,22.2,41666.67
,32,72,72,220820,Right,44,42,29,72,18,42,33,19,18,72,70,71,2,1,,,,M. Diaw,GK,GK,M. Diaw,Le Havre AC,2027,197.0,98.0,1200000.0,8000.0,25.25,16666.67
,25,72,77,247264,Right,67,65,90,73,73,58,69,70,68,12,7,14,2,2,,,,A. Seko,CDM CB CM,CDM,A. Seko,Le Havre AC,2027,186.0,78.0,3100000.0,10000.0,22.55,43055.56
,19,72,82,74491,Left,84,91,77,78,67,58,63,70,67,9,14,14,3,3,,,,D. Methalie,LB LM,LB,D. Methalie,Toulouse FC,2030,186.0,70.0,4800000.0,11000.0,20.23,66666.67
,20,72,81,76803,Right,78,84,71,78,21,59,70,28,23,7,8,13,3,3,,,,Emersonn,ST,ST,Emersonn,Toulouse FC,2029,186.0,77.0,5000000.0,14000.0,22.26,69444.44
,24,72,77,257970,Right,79,83,75,62,67,66,68,70,68,12,6,13,3,3,,,,W. Kamanzi,RB RM,RB,W. Kamanzi,Toulouse FC,2029,177.0,70.0,3300000.0,14000.0,22.34,45833.33
,25,72,75,266299,Right,78,77,72,69,14,58,66,19,16,15,6,10,3,2,,,,F. Magri,ST LW RW LM,ST,F. Magri,Toulouse FC,2030,178.0,75.0,3100000.0,18000.0,23.67,43055.56
,28,72,72,231236,Right,79,69,80,59,48,70,68,50,45,6,10,10,3,4,,,,M. Cafaro,LW RW LM,LW,M. Cafaro,Paris FC,2027,178.0,74.0,2400000.0,34000.0,23.36,33333.33
,23,72,77,241266,Right,77,81,73,70,21,63,70,21,19,5,13,15,3,3,,,,W. Geubbels,ST,ST,W. Geubbels,Paris FC,2030,185.0,81.0,3600000.0,29000.0,23.67,50000.0
,20,72,79,266041,Right,89,88,67,40,26,67,64,30,26,14,11,13,4,3,,,,L. Koleosho,RW LW RM,RW,L. Koleosho,"Paris FC Jun 30, 2026 On loan",,175.0,68.0,4600000.0,30000.0,22.2,63888.89
,29,72,72,222493,Right,54,62,55,79,72,59,68,75,74,10,13,15,2,2,,,,M. Friedrich,CB,CB,M. Friedrich,Borussia Mönchengladbach,2030,193.0,84.0,2000000.0,20000.0,22.55,27777.78
,25,72,73,250724,Right,83,94,70,67,17,64,67,31,34,9,11,12,2,3,,,,N. Ngoumou,RM RW LM,RM,N. Ngoumou,Borussia Mönchengladbach,2027,183.0,74.0,2800000.0,19000.0,22.1,38888.89
,20,72,79,264702,Right,55,68,55,76,71,57,66,73,71,15,13,12,3,3,,,,K. Takai,CB,CB,K. Takai,"Borussia Mönchengladbach Jun 30, 2026 On loan",,192.0,90.0,4300000.0,39000.0,24.41,59722.22
,27,72,73,234833,Left,43,43,34,67,19,42,38,11,12,72,67,68,4,1,,,,F. Müller,GK,GK,F. Muller,SC Freiburg,2028,191.0,88.0,2000000.0,12000.0,24.12,27777.78
,30,72,72,234875,Right,63,71,80,80,41,58,59,54,39,8,7,10,2,2,,,,L. Höler,ST CAM CM,ST,L. Holer,SC Freiburg,2028,184.0,82.0,2300000.0,22000.0,24.22,31944.44
,23,72,76,262668,Left,78,84,67,76,70,56,59,72,69,11,14,14,3,2,,,,J. Makengo,LB LM,LB,J. Makengo,SC Freiburg,2029,191.0,81.0,3100000.0,16000.0,22.2,43055.56
,31,72,72,207791,Right,66,65,76,80,54,72,73,59,34,6,11,14,3,3,,,,Y. Poulsen,ST,ST,Y. Poulsen,Hamburger SV,2027,192.0,87.0,2000000.0,20000.0,23.6,27777.78
,31,72,72,236533,Right,63,50,65,85,24,48,69,28,25,10,11,13,4,2,,,,R. Glatzel,ST,ST,R. Glatzel,Hamburger SV,2027,193.0,85.0,2000000.0,20000.0,22.82,27777.78
,24,72,77,251961,Left,88,92,84,67,20,59,68,17,22,9,13,11,2,3,,,,R. Philippe,ST RW CAM,ST,R. Philippe,Hamburger SV,2029,182.0,78.0,3600000.0,17000.0,23.55,50000.0
,25,72,76,256854,Right,56,64,63,77,72,51,68,74,72,9,7,10,3,2,,,,W. Omari,CB,CB,W. Omari,Hamburger SV,2030,188.0,76.0,2900000.0,16000.0,21.5,40277.78
,28,72,73,269962,Right,67,64,84,76,75,44,65,72,72,11,14,10,3,2,,,,D. Elfadli,CB CDM CM,CB,D. Elfadli,Hamburger SV,2028,188.0,78.0,2200000.0,18000.0,22.07,30555.56
,31,72,72,206198,Left,50,53,55,83,72,61,68,73,71,14,15,9,2,2,,,,D. Heintz,CB,CB,D. Heintz,1. FC Köln,2029,188.0,89.0,1600000.0,18000.0,25.18,22222.22
,28,72,73,234727,Right,71,67,69,75,73,53,66,73,72,14,11,9,3,2,,,,T. Hübers,CB,CB,T. Hubers,1. FC Köln,2028,190.0,82.0,2200000.0,18000.0,22.71,30555.56
,23,72,77,254660,Right,84,78,82,58,61,68,62,45,60,15,7,11,3,3,,,,J. Thielmann,RM RW RB,RM,J. Thielmann,1. FC Köln,2028,178.0,72.0,3500000.0,16000.0,22.72,48611.11
,26,72,74,258412,Right,64,78,55,79,68,27,55,76,78,6,7,13,2,2,,,,J. Schmied,CB,CB,J. Schmied,1. FC Köln,2029,188.0,84.0,2600000.0,17000.0,23.77,36111.11
,23,72,79,261313,Left,82,86,87,63,65,63,60,66,64,14,15,11,3,3,,,,K. Lund,LB LM,LB,K. Lund,"1. FC Köln Jun 30, 2026 On loan",,185.0,73.0,4500000.0,4000.0,21.33,62500.0
,23,72,77,269922,Right,67,67,77,67,67,73,72,65,62,10,5,9,3,2,,,,D. Huseinbašić,CM CDM CAM,CM,D. Huseinbasic,1. FC Köln,2027,184.0,76.0,3500000.0,16000.0,22.45,48611.11
,21,72,80,270033,Right,71,89,75,79,68,39,55,76,72,6,14,8,2,2,,,,T. Oermann,CB RB CDM,CB,T. Oermann,Bayer 04 Leverkusen,2029,187.0,76.0,4900000.0,30000.0,21.73,68055.56
,23,72,79,263573,Right,69,68,68,76,71,47,70,73,71,9,14,10,3,2,,,,A. Al Dakhil,CB,CB,A. Al Dakhil,VfB Stuttgart,2028,188.0,81.0,4400000.0,21000.0,22.92,61111.11
,25,72,75,256776,Right,87,86,80,60,70,61,65,69,68,6,15,11,2,3,,,,I. Schmidt,LB CM RB LM,LB,I. Schmidt,"SV Werder Bremen Jun 30, 2026 On loan",,172.0,68.0,2900000.0,34000.0,22.99,40277.78
,24,72,77,266183,Right,90,86,74,62,33,68,60,25,18,12,9,7,3,3,,,,J. Njinmah,ST RM RW,ST,J. Njinmah,SV Werder Bremen,2027,184.0,75.0,3600000.0,19000.0,22.15,50000.0
,34,72,72,199803,Right,36,33,29,61,14,39,48,17,12,74,68,70,2,1,,,,D. Batz,GK,GK,D. Batz,1. FSV Mainz 05,2029,191.0,90.0,400000.0,13000.0,24.67,5555.56
,25,72,73,240669,Right,55,67,82,84,76,45,67,75,76,10,8,11,2,2,,,,L. Maloney,CDM CB CM,CDM,L. Maloney,1. FSV Mainz 05,2028,188.0,89.0,2500000.0,18000.0,25.18,34722.22
,27,72,72,241629,Left,78,67,50,50,72,67,66,70,71,11,7,8,3,3,,,,Rogério,LB LM,LB,Rogerio,VfL Wolfsburg,2027,178.0,70.0,2300000.0,28000.0,22.09,31944.44
,19,72,82,259522,Right,65,66,66,57,44,74,69,46,39,6,14,14,3,3,,,,B. Dárdai,CAM CM,CAM,B. Dardai,VfL Wolfsburg,2029,189.0,71.0,5000000.0,21000.0,19.88,69444.44
,19,72,80,268504,Left,86,89,66,68,52,62,65,53,51,9,10,10,4,3,,,,A. Daghim,RM ST RW,RM,A. Daghim,"VfL Wolfsburg Jun 30, 2026 On loan",,186.0,79.0,5000000.0,10000.0,22.84,69444.44
,20,72,79,270532,Left,67,67,55,68,24,63,68,30,24,6,8,15,3,3,,,,D. Pejčinović,ST,ST,D. Pejcinovic,VfL Wolfsburg,2029,188.0,78.0,4700000.0,24000.0,22.07,65277.78
,19,72,84,278228,Right,76,75,91,65,66,48,57,69,67,5,6,7,3,2,,,,E. Baum,RB RM LB,RB,E. Baum,Eintracht Frankfurt,2028,180.0,77.0,5500000.0,14000.0,23.77,76388.89
,21,72,80,271246,Right,67,68,69,63,31,74,69,36,37,9,5,6,4,4,,,,M. Damar,CAM LM CM,CAM,M. Damar,TSG 1899 Hoffenheim,2029,185.0,73.0,5500000.0,18000.0,21.33,76388.89
,21,72,80,263194,Right,81,75,70,50,40,71,68,45,38,7,9,15,4,3,,,,I. Gharbi,LM CAM LW,LM,I. Gharbi,"FC Augsburg Jun 30, 2026 On loan",,173.0,66.0,5500000.0,8000.0,22.05,76388.89
,25,72,73,271949,Right,41,39,28,78,15,43,41,18,19,73,67,72,2,1,,,,N. Labrović,GK,GK,N. Labrovic,FC Augsburg,2029,196.0,91.0,2100000.0,13000.0,23.69,29166.67
,19,72,82,274226,Right,70,66,65,49,26,71,64,35,42,11,7,5,4,3,,,,M. Kömür,CAM ST CM,CAM,M. Komur,FC Augsburg,2029,183.0,77.0,5000000.0,17000.0,22.99,69444.44
,28,72,72,222542,Right,77,62,83,61,68,57,65,66,73,15,8,14,4,3,,,,M. Saliakas,RB RM CM,RB,M. Saliakas,FC St. Pauli,2030,177.0,74.0,2100000.0,18000.0,23.62,29166.67
,24,72,75,242214,Right,48,49,74,70,73,64,60,73,68,10,7,12,3,2,,,,J. Sands,CDM CM,CDM,J. Sands,"FC St. Pauli Jun 30, 2026 On loan",,186.0,76.0,2900000.0,6000.0,21.97,40277.78
,23,72,77,260464,Right,78,59,79,69,72,77,67,62,56,12,8,7,3,3,,,,J. Fujita,CAM CDM CM,CAM,J. Fujita,FC St. Pauli,2029,175.0,70.0,3500000.0,16000.0,22.86,48611.11
,26,72,73,269264,Right,78,86,94,66,52,68,73,25,29,13,7,10,3,3,,,,M. Kaars,ST,ST,M. Kaars,FC St. Pauli,2027,183.0,74.0,2800000.0,19000.0,22.1,38888.89
,30,72,72,223633,Left,74,64,82,66,66,68,66,69,67,10,9,7,3,3,,,,L. Paçarada,LB LM,LB,L. Pacarada,1. FC Heidenheim 1846,2027,184.0,76.0,2000000.0,21000.0,22.45,27777.78
,30,72,72,224980,Right,84,85,73,74,64,50,65,71,68,9,6,16,2,2,,,,M. Busch,RB CB RM CDM,RB,M. Busch,1. FC Heidenheim 1846,2027,182.0,80.0,2000000.0,21000.0,24.15,27777.78
,28,72,72,232156,Left,85,83,67,71,60,68,70,62,51,5,9,11,4,3,,,,M. Honsak,LM LW ST LB,LM,M. Honsak,1. FC Heidenheim 1846,2027,188.0,80.0,2400000.0,22000.0,22.63,33333.33
,31,72,72,237633,Right,62,65,66,78,26,61,71,34,26,14,14,13,4,2,,,,B. Zivzivadze,ST,ST,B. Zivzivadze,1. FC Heidenheim 1846,2029,189.0,85.0,2000000.0,24000.0,23.8,27777.78
,26,72,74,256292,Right,61,69,90,77,73,62,67,74,70,12,6,9,3,2,,,,J. Schöppner,CDM CM,CDM,J. Schoppner,1. FC Heidenheim 1846,2028,190.0,78.0,2600000.0,20000.0,21.61,36111.11
,27,72,72,257136,Right,84,81,83,65,66,60,68,72,70,10,14,15,2,3,,,,O. Traoré,RB RM,RB,O. Traore,1. FC Heidenheim 1846,2029,187.0,78.0,2300000.0,20000.0,22.31,31944.44
,24,72,75,262754,Right,57,55,72,84,72,67,64,75,71,15,12,13,3,2,,,,J. Niehues,CDM CM,CDM,J. Niehues,1. FC Heidenheim 1846,2027,195.0,89.0,2900000.0,18000.0,23.41,40277.78
,19,72,83,266236,Right,69,79,69,47,24,70,57,30,38,12,12,10,3,3,,,,A. Ibrahimović,LM RM LW,LM,A. Ibrahimovic,"1. FC Heidenheim 1846 Jun 30, 2026 On loan",,176.0,69.0,5000000.0,25000.0,22.28,69444.44
,19,72,83,74207,Right,82,80,70,64,69,61,64,69,66,6,9,13,2,2,,,,K. Nedeljković,RB RM,RB,K. Nedeljkovic,"RB Leipzig Jun 30, 2026 On loan",,184.0,72.0,4800000.0,39000.0,21.27,66666.67
,17,72,81,74483,Left,69,70,64,60,74,50,65,79,70,7,8,9,3,2,,,,H. Ahanor,CB LB,CB,H. Ahanor,Atalanta,2027,184.0,79.0,4500000.0,18000.0,23.33,62500.0
,31,72,72,210864,Right,69,72,62,62,71,59,74,72,71,12,6,9,3,3,,,,E. Hysaj,LB RB LM,LB,E. Hysaj,Lazio,2029,182.0,75.0,1700000.0,22000.0,22.64,23611.11
,23,72,77,257972,Left,69,77,92,81,68,71,74,69,66,9,13,10,3,3,,,,O. Sørensen,CM CAM,CM,O. Sørensen,Parma,2030,184.0,78.0,3500000.0,13000.0,23.04,48611.11
,21,72,80,268913,Right,54,63,74,80,72,45,55,73,72,11,12,5,3,2,,,,A. Circati,CB,CB,A. Circati,Parma,2027,189.0,84.0,4900000.0,11000.0,23.52,68055.56
,20,72,84,275291,Right,71,67,70,61,73,65,74,72,71,7,6,15,3,2,,,,N. Pisilli,CM CAM,CM,N. Pisilli,Roma,2029,180.0,75.0,5500000.0,24000.0,23.15,76388.89
,22,72,80,277695,Right,52,64,71,72,76,39,52,78,72,11,6,7,2,2,,,,D. Ghilardi,CB,CB,D. Ghilardi,Roma,2030,189.0,80.0,4900000.0,27000.0,22.4,68055.56
,21,72,81,272725,Right,59,62,76,66,71,73,72,68,66,15,13,6,3,3,,,,M. Prati,CDM CM CB,CDM,M. Prati,"Torino Jun 30, 2026 On loan",,185.0,77.0,5000000.0,7000.0,22.5,69444.44
,31,72,72,220421,Left,85,80,75,61,69,65,72,70,68,8,9,9,3,3,,,,H. Kamara,LB LM,LB,H. Kamara,Udinese,2030,170.0,67.0,1700000.0,14000.0,23.18,23611.11
,28,72,72,224438,Left,63,56,70,80,24,62,71,23,31,7,13,6,4,3,,,,A. Buksa,ST,ST,A. Buksa,Udinese,2029,191.0,84.0,2400000.0,15000.0,23.03,33333.33
,27,72,72,229973,Right,66,72,76,78,70,71,69,70,67,8,5,8,4,3,,,,J. Piotrowski,CM CDM,CM,J. Piotrowski,Udinese,2029,188.0,79.0,2500000.0,14000.0,22.35,34722.22
,22,72,78,271475,Right,56,60,68,80,72,35,53,74,70,15,10,10,2,2,,,,N. Bertola,CB,CB,N. Bertola,Udinese,2030,192.0,79.0,3400000.0,11000.0,21.43,47222.22
,25,72,75,240657,Right,35,39,43,48,13,30,23,13,10,74,70,72,3,1,,,,F. Ravaglia,GK,GK,F. Ravaglia,Bologna,2028,197.0,94.0,2400000.0,17000.0,24.22,33333.33
,32,72,72,205343,Right,71,68,79,64,70,71,77,73,71,7,10,9,4,3,,,,J. Akpa Akpro,CM CDM,CM,J. Akpa Akpro,Hellas Verona FC,2029,180.0,77.0,1800000.0,10000.0,23.77,25000.0
,31,72,72,212153,Right,39,39,49,65,72,70,72,72,68,12,6,7,3,3,,,,R. Gagliardini,CDM CM,CDM,R. Gagliardini,Hellas Verona FC,2029,190.0,77.0,1600000.0,10000.0,21.33,22222.22
,26,72,73,234795,Right,73,68,77,64,68,71,69,71,70,9,15,6,4,3,,,,A. Bernede,CM CDM,CM,A. Bernede,Hellas Verona FC,2028,178.0,78.0,2700000.0,10000.0,24.62,37500.0
,27,72,72,238009,Left,75,79,66,65,68,68,65,72,70,9,10,7,3,3,,,,M. Frese,LB CB LM,LB,M. Frese,Hellas Verona FC,2027,179.0,75.0,2300000.0,9000.0,23.41,31944.44
,23,72,78,247497,Right,64,78,59,88,72,46,57,73,71,12,14,8,4,2,,,,A. Bella-Kotchap,CB,CB,A. Bella-Kotchap,Hellas Verona FC,2030,190.0,87.0,3400000.0,8000.0,24.1,47222.22
,25,72,74,252000,Left,76,72,72,55,68,65,67,70,69,11,10,13,3,3,,,,D. Bradarić,LB LM,LB,D. Bradaric,Hellas Verona FC,2028,178.0,69.0,2700000.0,9000.0,21.78,37500.0
,23,72,80,255233,Left,87,70,73,63,56,67,64,52,48,10,9,15,4,3,,,,T. Suslov,CAM CM,CAM,T. Suslov,Hellas Verona FC,2027,174.0,75.0,5000000.0,9000.0,24.77,69444.44
,24,72,76,265732,Right,65,65,72,77,66,68,73,75,72,10,11,9,3,2,,,,Àlex Sala,CDM CM,CDM,Alex Sala,Lecce,2028,185.0,77.0,3100000.0,8000.0,22.5,43055.56
,27,72,72,268511,Right,78,80,70,83,29,66,67,41,34,5,6,10,4,3,,,,W. Cheddira,ST,ST,W. Cheddira,"Lecce Jun 30, 2026 On loan",,187.0,80.0,2500000.0,56000.0,22.88,34722.22
,27,72,74,275783,Right,63,66,79,89,68,30,62,75,72,8,8,8,2,2,,,,Kialonda Gaspar,CB,CB,Kialonda Gaspar,Lecce,2027,193.0,88.0,2500000.0,9000.0,23.62,34722.22
,25,72,75,277840,Left,61,66,79,79,67,70,71,74,70,10,14,8,3,3,,,,O. Gandelman,CAM CM RM,CAM,O. Gandelman,Lecce,2029,188.0,84.0,3100000.0,9000.0,23.77,43055.56
,31,72,72,223524,Right,51,55,73,77,73,37,66,74,71,9,12,15,3,2,,,,E. Goldaniga,CB RB,CB,E. Goldaniga,Como,2030,193.0,87.0,1600000.0,51000.0,23.36,22222.22
,23,72,78,251464,Right,74,73,73,70,68,66,62,73,71,5,14,9,3,3,,,,I. Van der Brempt,RB RM,RB,I. Van der Brempt,Como,2028,187.0,76.0,3500000.0,42000.0,21.73,48611.11
,24,72,75,248857,Right,85,87,70,51,52,65,65,48,46,13,11,6,3,3,,,,M. Felici,LM LB,LM,M. Felici,Cagliari,2027,181.0,70.0,3200000.0,8000.0,21.37,44444.44
,28,72,72,237499,Right,68,51,74,76,56,73,70,65,58,8,6,8,4,3,,,,A. Sabiri,CAM CM ST,CAM,A. Sabiri,Fiorentina,2028,186.0,80.0,2400000.0,32000.0,23.12,33333.33
,25,72,75,257785,Left,61,64,69,73,67,71,69,68,63,6,14,7,3,2,,,,M. Brescianini,CM CAM,CM,M. Brescianini,"Fiorentina Jun 30, 2026 On loan",,188.0,80.0,3100000.0,36000.0,22.63,43055.56
,22,72,81,266596,Right,70,66,73,52,66,69,68,61,58,9,5,14,3,3,,,,J. Fazzini,CAM CM,CAM,J. Fazzini,Fiorentina,2030,178.0,62.0,5500000.0,27000.0,19.57,76388.89
,20,72,83,276682,Right,59,65,64,78,58,75,73,61,57,10,13,7,4,3,,,,C. Ndour,CM CAM CDM,CM,C. Ndour,Fiorentina,2029,190.0,84.0,5000000.0,23000.0,23.27,69444.44
,34,72,72,240938,Left,75,76,61,52,61,74,65,66,51,8,8,9,3,3,,,,Junior Messias,CM CAM,CM,Junior Messias,Genoa,2028,179.0,70.0,1100000.0,18000.0,21.85,15277.78
,23,72,79,256899,Left,62,70,65,69,18,54,69,30,20,9,6,6,3,2,,,,L. Colombo,ST,ST,L. Colombo,Genoa,2029,183.0,74.0,4700000.0,16000.0,22.1,65277.78
,32,72,72,222959,Right,69,83,84,84,46,71,70,51,33,13,7,13,3,3,,,,S. Moreo,ST CAM CM,ST,S. Moreo,Pisa,2027,191.0,85.0,1900000.0,10000.0,23.3,26388.89
,24,72,75,264480,Right,63,67,92,76,73,48,53,76,71,6,11,13,3,2,,,,S. Canestrelli,CB,CB,S. Canestrelli,Pisa,2027,192.0,85.0,2900000.0,7000.0,23.06,40277.78
,21,72,80,272379,Left,82,80,73,59,56,65,69,57,53,7,14,9,4,3,,,,S. Iling-Junior,LM LB RM,LM,S. Iling-Junior,"Pisa Jun 30, 2026 On loan",,182.0,75.0,5500000.0,44000.0,22.64,76388.89
,34,72,72,190745,Right,58,61,34,60,11,47,44,18,16,72,71,73,3,1,,,,M. Silvestri,GK,GK,M. Silvestri,Cremonese,2028,191.0,87.0,400000.0,6000.0,23.85,5555.56
,29,72,72,217338,Right,81,79,75,60,67,75,70,67,63,6,6,15,4,3,,,,J. Vandeputte,CM LM CAM,CM,J. Vandeputte,Cremonese,2030,177.0,69.0,2300000.0,10000.0,22.02,31944.44
,29,72,72,222475,Right,62,52,78,70,71,70,73,73,66,13,14,7,3,2,,,,M. Thorsby,CM CAM,CM,M. Thorsby,Cremonese,2030,189.0,79.0,2300000.0,10000.0,22.12,31944.44
,28,72,72,223137,Left,68,63,62,69,26,55,66,22,29,8,13,8,3,3,,,,F. Bonazzoli,ST CAM,ST,F. Bonazzoli,Cremonese,2028,185.0,79.0,2400000.0,11000.0,23.08,33333.33
,27,72,72,233732,Right,79,86,70,67,17,64,68,17,15,11,14,8,4,3,,,,D. Okereke,ST LM LW,ST,D. Okereke,Cremonese,2028,181.0,77.0,2500000.0,10000.0,23.5,34722.22
,25,72,76,256669,Left,82,87,65,84,25,56,69,25,21,8,12,8,3,2,,,,F. Moumbagna,ST,ST,F. Moumbagna,"Cremonese Jun 30, 2026 On loan",,185.0,78.0,3300000.0,27000.0,22.79,45833.33
,25,72,75,268576,Right,67,73,87,74,70,72,67,71,69,8,5,11,3,2,,,,M. Collocolo,CM CDM CAM,CM,M. Collocolo,Cremonese,2027,188.0,79.0,3100000.0,9000.0,22.35,43055.56
,25,72,76,243497,Right,60,59,70,75,74,48,69,73,73,10,14,15,2,2,,,,S. Walukiewicz,CB RB,CB,S. Walukiewicz,"Sassuolo Jun 30, 2026 On loan",,188.0,80.0,2900000.0,23000.0,22.63,40277.78
,26,72,73,251335,Right,73,79,67,77,69,64,61,68,71,6,8,13,3,2,,,,W. Coulibaly,RB LB RM,RB,W. Coulibaly,"Sassuolo Jun 30, 2026 On loan",,185.0,84.0,2500000.0,29000.0,24.54,34722.22
,22,72,77,252027,Right,67,48,76,74,70,69,71,71,69,9,14,12,5,3,,,,A. Vranckx,CM CDM,CM,A. Vranckx,"Sassuolo Jun 30, 2026 On loan",,183.0,78.0,3600000.0,25000.0,23.29,50000.0
,23,72,79,254502,Right,37,31,30,54,12,45,34,15,15,73,69,72,2,1,,,,S. Turati,GK,GK,S. Turati,Sassuolo,2028,188.0,85.0,4000000.0,7000.0,24.05,55555.56
,26,72,72,268462,Right,58,60,82,73,67,73,68,70,68,7,14,12,3,3,,,,D. Boloca,CM CDM,CM,D. Boloca,Sassuolo,2028,188.0,80.0,2500000.0,15000.0,22.63,34722.22
,19,72,83,263701,Right,75,73,78,55,72,72,70,70,62,6,9,7,3,3,,,,O. Vargas,CDM CM RM,CDM,O. Vargas,Atlético Madrid,2030,175.0,68.0,4800000.0,24000.0,22.2,66666.67
,24,72,77,76945,Right,68,70,69,91,41,64,64,22,21,10,9,5,3,3,,,,Maroan,ST,ST,Maroan,Athletic Club,2029,192.0,78.0,3600000.0,25000.0,21.16,50000.0
,22,72,81,78550,Right,58,65,71,76,72,71,66,74,71,12,7,8,3,2,,,,Rego,CDM CM,CDM,Rego,Athletic Club,2028,192.0,79.0,5000000.0,22000.0,21.43,69444.44
,32,72,72,146947,Left,44,53,74,76,74,70,67,69,66,12,11,6,3,3,,,,Vesga,CDM CM,CDM,Vesga,Athletic Club,2027,191.0,83.0,1600000.0,27000.0,22.75,22222.22
,32,72,72,225523,Right,73,73,76,70,69,68,62,71,69,15,16,13,3,3,,,,Lekue,RB LB CB CDM,RB,Lekue,Athletic Club,2030,180.0,70.0,1600000.0,27000.0,21.6,22222.22
,22,72,78,277708,Left,77,77,72,70,35,74,66,51,42,9,13,7,3,3,,,,Unai Gómez,CAM LM CM,CAM,Unai Gomez,Athletic Club,2028,183.0,75.0,3800000.0,24000.0,22.4,52777.78
,27,72,75,222572,Right,32,33,30,52,18,45,46,15,15,71,70,71,2,1,,,,Iván Villar,GK,GK,Ivan Villar,RC Celta,2027,186.0,76.0,2300000.0,12000.0,21.97,31944.44
,29,72,72,240223,Left,72,73,76,66,68,61,67,68,69,7,8,14,3,3,,,,M. Ristić,LB LM LW,LB,M. Ristic,RC Celta,2028,180.0,75.0,2100000.0,19000.0,23.15,29166.67
,25,72,73,246457,Left,82,77,57,58,40,63,66,35,35,15,7,7,3,4,,,,C. Ngonge,RW RM ST,RW,C. Ngonge,"RCD Espanyol Jun 30, 2026 On loan",,179.0,67.0,2800000.0,53000.0,20.91,38888.89
,24,72,76,258684,Left,75,77,79,58,69,66,65,69,68,15,6,13,2,2,,,,Salinas,LB LM,LB,Salinas,RCD Espanyol,2028,179.0,69.0,3100000.0,13000.0,21.53,43055.56
,32,72,72,202716,Left,60,68,59,75,25,45,65,23,18,10,11,15,3,3,,,,Abdón Prats,ST CAM,ST,Abdon Prats,RCD Mallorca,2028,181.0,81.0,1900000.0,24000.0,24.72,26388.89
,21,72,82,270206,Right,79,84,73,73,43,61,66,46,23,6,14,8,3,2,,,,Mateo Joseph,ST RM RW,ST,Mateo Joseph,"RCD Mallorca Jun 30, 2026 On loan",,185.0,74.0,5500000.0,31000.0,21.62,76388.89
,23,72,79,265520,Right,32,29,24,59,9,42,40,10,10,73,72,70,3,1,,,,Unai Marrero,GK,GK,Unai Marrero,Real Sociedad,2027,189.0,82.0,4000000.0,12000.0,22.96,55555.56
,32,72,72,203177,Right,73,74,76,74,71,62,68,72,69,11,7,10,3,3,,,,D. Foulquier,RB CB CDM,RB,D. Foulquier,Valencia CF,2027,183.0,72.0,1600000.0,25000.0,21.5,22222.22
,32,72,72,215256,Right,79,78,70,69,70,60,67,71,68,12,12,12,2,3,,,,R. Saravia,RB RM,RB,R. Saravia,Valencia CF,2026,176.0,75.0,1600000.0,25000.0,24.21,22222.22
,37,72,72,186680,Right,35,42,32,75,21,44,54,11,11,71,73,74,2,1,,,,Raúl Fernández,GK,GK,Raul Fernandez,Deportivo Alavés,2028,195.0,92.0,250000.0,8000.0,24.19,3472.22
,25,72,74,259747,Right,83,84,71,83,31,58,60,26,22,7,8,13,3,2,,,,I. Diabate,ST,ST,I. Diabate,"Deportivo Alavés Jun 30, 2026 On loan",,185.0,78.0,3000000.0,5000.0,22.79,41666.67
,26,72,72,270834,Right,77,82,74,73,57,69,57,57,51,14,6,9,3,3,,,,A. Rebbach,LW LM,LW,A. Rebbach,Deportivo Alavés,2028,176.0,70.0,2600000.0,21000.0,22.6,36111.11
,22,72,81,71013,Left,83,81,75,79,45,58,65,50,47,6,13,15,2,3,,,,L. Cepeda,LW LM CM,LW,L. Cepeda,Elche CF,2030,177.0,73.0,5500000.0,16000.0,23.3,76388.89
,35,72,72,229667,Right,79,80,61,32,65,66,66,69,65,7,11,12,3,4,,,,Josan,RM RB RW,RM,Josan,Elche CF,2030,175.0,68.0,950000.0,13000.0,22.2,13194.44
,27,72,72,244393,Right,50,59,71,67,70,74,73,71,69,12,11,8,3,3,,,,Gonzalo Villar,CM CAM CDM,CM,Gonzalo Villar,Elche CF,2029,181.0,74.0,2500000.0,17000.0,22.59,34722.22
,22,72,81,270109,Right,77,76,77,63,60,75,69,64,57,12,15,6,3,3,,,,Martim Neto,CM CDM CAM,CM,Martim Neto,Elche CF,2028,185.0,82.0,5000000.0,15000.0,23.96,69444.44
,20,72,83,272445,Left,78,82,70,79,36,64,61,35,30,11,14,7,3,3,,,,Álvaro Rodríguez,ST,ST,Alvaro Rodriguez,Elche CF,2029,192.0,81.0,5000000.0,14000.0,21.97,69444.44
,30,72,72,214944,Left,43,44,65,71,70,74,67,75,72,10,14,12,3,3,,,,Gumbau,CM CDM CAM,CM,Gumbau,"Rayo Vallecano Jun 30, 2026 On loan",,187.0,77.0,2200000.0,7000.0,22.02,30555.56
,33,72,72,247131,Left,78,78,80,78,68,63,68,72,68,15,6,12,3,3,,,,Pacha Espino,LB LM CM,LB,Pacha Espino,Rayo Vallecano,2028,172.0,71.0,1200000.0,17000.0,24.0,16666.67
,21,72,80,78367,Left,79,77,70,56,69,70,61,70,68,14,6,7,2,2,,,,Oso,LB LM,LB,Oso,Sevilla FC,2027,183.0,68.0,5000000.0,15000.0,20.31,69444.44
,22,72,81,267960,Right,63,66,66,78,72,48,57,73,68,6,15,14,3,2,,,,Andrés Castrín,CB,CB,Andres Castrin,Sevilla FC,2027,188.0,83.0,4900000.0,18000.0,23.48,68055.56
,20,72,81,268414,Right,62,70,56,78,69,47,66,74,71,11,5,13,3,2,,,,W. Kambwala,CB,CB,W. Kambwala,Villarreal CF,2029,192.0,85.0,4800000.0,17000.0,23.06,66666.67
,24,72,75,247328,Right,69,55,77,73,69,72,73,70,68,15,6,6,4,3,,,,Unai Vencedor,CDM CM,CDM,Unai Vencedor,"Levante UD Jun 30, 2026 On loan",,176.0,71.0,2900000.0,22000.0,22.92,40277.78
,23,72,77,252865,Right,73,72,55,61,53,72,67,28,21,8,10,12,3,3,,,,Iker Losada,CAM LM CM,CAM,Iker Losada,"Levante UD Jun 30, 2026 On loan",,175.0,70.0,3500000.0,17000.0,22.86,48611.11
,32,72,72,197891,Right,74,72,65,56,26,65,70,32,25,11,6,12,3,3,,,,Juanmi,ST LM LW,ST,Juanmi,Getafe CF,2027,172.0,69.0,1900000.0,25000.0,23.32,26388.89
,24,72,76,251651,Right,70,69,77,83,39,65,69,36,35,12,5,6,4,3,,,,L. Vázquez,ST,ST,L. Vazquez,"Getafe CF Jun 30, 2026 On loan",,190.0,85.0,3400000.0,20000.0,23.55,47222.22
,21,72,77,273850,Right,70,77,79,77,71,65,68,72,73,8,6,9,3,2,,,,S. Boselli,CB RB CDM,CB,S. Boselli,Getafe CF,2026,183.0,81.0,3300000.0,16000.0,24.19,45833.33
,20,72,83,277269,Left,82,84,73,75,34,65,63,40,31,9,6,5,3,3,,,,Adrián Liso,ST LM RM CAM,ST,Adrian Liso,"Getafe CF Jun 30, 2026 On loan",,182.0,72.0,5000000.0,7000.0,21.74,69444.44
,25,72,75,239250,Right,71,76,79,73,24,76,70,38,20,6,10,10,3,4,,,,Abel Ruiz,ST,ST,Abel Ruiz,Girona FC,2029,180.0,75.0,3100000.0,22000.0,23.15,43055.56
,30,72,72,212501,Right,41,69,70,83,74,72,75,76,72,14,8,14,4,2,,,,L. Dendoncker,CM CDM CB,CM,L. Dendoncker,Real Oviedo,2027,188.0,83.0,2200000.0,23000.0,23.48,30555.56
,31,72,72,219180,Right,46,51,75,84,74,42,68,73,70,11,7,13,3,2,,,,Dani Calvo,CB,CB,Dani Calvo,Real Oviedo,2030,190.0,82.0,1600000.0,22000.0,22.71,22222.22
,28,72,72,232770,Left,65,68,83,74,70,70,71,70,70,7,12,12,2,3,,,,S. Colombatto,CDM CM,CDM,S. Colombatto,Real Oviedo,2027,180.0,71.0,2100000.0,22000.0,21.91,29166.67
,26,72,72,266608,Right,67,70,78,67,71,70,66,74,71,11,8,9,2,2,,,,N. Fonseca,CDM CM,CDM,N. Fonseca,Real Oviedo,2028,181.0,74.0,2300000.0,21000.0,22.59,31944.44
,19,71,84,278813,Right,73,78,66,76,29,55,70,31,27,5,6,14,4,3,,,,Marc Guiu,ST,ST,Marc Guiu,Chelsea,2029,187.0,82.0,4500000.0,45000.0,23.45,63380.28
,19,71,84,71998,Right,80,78,67,50,35,69,68,35,25,5,7,12,4,4,,,,T. George,LM RM ST LW,LM,T. George,"Everton Jun 30, 2026 On loan",,185.0,80.0,4400000.0,40000.0,23.37,61971.83
,23,71,76,257896,Right,68,73,62,68,69,54,58,74,72,7,13,7,2,2,,,,N. Patterson,RB RM,RB,N. Patterson,Everton,2027,183.0,80.0,2600000.0,20000.0,23.89,36619.72
,31,71,71,208892,Right,66,64,64,65,70,65,71,74,71,10,9,16,4,3,,,,S. Byram,LB RB LM,LB,S. Byram,Leeds United,2029,183.0,72.0,1400000.0,33000.0,21.5,19718.31
,25,71,74,242656,Left,37,39,40,51,19,61,65,17,19,69,70,70,3,1,,,,I. Meslier,GK,GK,I. Meslier,Leeds United,2028,196.0,74.0,1900000.0,19000.0,19.26,26760.56
,28,71,71,222514,Right,45,50,34,46,26,45,54,21,20,72,69,68,2,1,,,,F. Woodman,GK,GK,F. Woodman,Liverpool,2030,188.0,83.0,1300000.0,32000.0,23.48,18309.86
,29,71,71,234724,Right,19,28,19,69,9,38,23,10,11,74,67,68,1,1,,,,John Victor,GK,GK,John Victor,Nottingham Forest,2028,196.0,91.0,1300000.0,30000.0,23.69,18309.86
,22,71,81,264205,Right,79,80,68,58,39,64,64,35,39,11,14,15,4,4,,,,N. Angulo,LM RM LW,LM,N. Angulo,Sunderland,2030,184.0,65.0,4200000.0,29000.0,19.2,59154.93
,22,71,79,268903,Right,83,78,67,56,31,67,68,44,30,8,10,7,3,3,,,,R. Mundle,LW LM RW,LW,R. Mundle,Sunderland,2028,172.0,61.0,4200000.0,31000.0,20.62,59154.93
,17,71,84,77593,Right,81,82,66,62,40,71,72,45,33,10,7,5,3,3,,,,Mateus Mané,CAM CM RW,CAM,Mateus Mane,Wolverhampton Wanderers,2029,175.0,71.0,4300000.0,20000.0,23.18,60563.38
,31,71,71,198350,Right,48,43,31,67,22,50,55,11,13,71,67,70,3,1,,,,D. Bentley,GK,GK,D. Bentley,Wolverhampton Wanderers,2027,193.0,73.0,1000000.0,24000.0,19.6,14084.51
,26,71,73,252316,Right,49,56,67,79,70,55,72,73,71,5,12,6,2,2,,,,H. Ekdal,CB,CB,H. Ekdal,Burnley,2027,188.0,76.0,2000000.0,32000.0,21.5,28169.01
,21,71,78,73895,Left,60,66,69,62,64,72,72,70,62,11,10,8,2,3,,,,J. Devenny,CM RW LM CAM,CM,J. Devenny,Crystal Palace,2027,184.0,80.0,3800000.0,32000.0,23.63,53521.13
,18,71,84,81319,Right,52,54,64,83,70,54,63,72,71,8,6,9,2,2,,,,V. Milosavljević,CB,CB,V. Milosavljevic,AFC Bournemouth,2030,192.0,87.0,4099999.9999999995,24000.0,23.6,57746.48
,19,71,84,266815,Right,89,89,65,57,28,66,71,30,25,13,6,5,4,4,,,,B. Gannon-Doak,RM RW,RM,B. Gannon-Doak,AFC Bournemouth,2030,175.0,67.0,4400000.0,27000.0,21.88,61971.83
,23,71,76,260943,Right,80,84,75,68,45,64,67,39,37,8,5,9,3,3,,,,J. Casimir,RM ST RB,RM,J. Casimir,AJ Auxerre,2028,180.0,72.0,2800000.0,13000.0,22.22,39436.62
,22,71,79,263028,Left,72,78,66,84,63,46,56,72,73,5,9,15,5,2,,,,B. Okoh,CB,CB,B. Okoh,AJ Auxerre,2029,188.0,89.0,3900000.0,13000.0,25.18,54929.58
,18,71,81,77105,Right,65,71,76,57,68,70,70,68,58,9,11,13,3,3,,,,A. Bulatović,CM CDM,CM,A. Bulatovic,RC Lens,2028,180.0,71.0,3900000.0,11000.0,21.91,54929.58
,29,71,71,214947,Right,65,73,56,80,68,66,69,71,66,11,13,14,3,3,,,,J. Gbamin,CB CDM CM,CB,J. Gbamin,FC Metz,2030,186.0,83.0,1600000.0,10000.0,23.99,22535.21
,27,71,71,239919,Right,74,83,80,70,64,40,66,70,72,11,12,11,3,2,,,,K. Kouao,RB RM,RB,K. Kouao,FC Metz,2028,173.0,65.0,1800000.0,10000.0,21.72,25352.11
,23,71,76,252975,Right,65,67,63,77,66,69,71,69,68,12,10,11,2,2,,,,B. Traoré,CDM CM,CDM,B. Traore,"FC Metz Jun 30, 2026 On loan",,183.0,67.0,2600000.0,30000.0,20.01,36619.72
,21,71,82,279700,Left,66,73,72,70,70,70,72,67,62,11,8,8,2,3,,,,M. Coulibaly,CM CDM,CM,M. Coulibaly,AS Monaco,2028,183.0,67.0,4200000.0,14000.0,20.01,59154.93
,19,71,80,74473,Left,71,64,82,53,64,68,69,71,69,5,10,12,2,3,,,,L. Leroux,CM LB CDM,CM,L. Leroux,FC Nantes,2030,184.0,75.0,4000000.0,9000.0,22.15,56338.03
,18,71,80,74475,Right,85,90,56,52,25,69,63,31,26,11,11,10,3,3,,,,B. Guirassy,LW RW LM,LW,B. Guirassy,FC Nantes,2028,186.0,70.0,4000000.0,9000.0,20.23,56338.03
,33,71,71,216750,Right,42,42,34,64,20,66,58,14,14,71,65,66,3,1,,,,P. Carlgren,GK,GK,P. Carlgren,FC Nantes,2030,188.0,84.0,600000.0,8000.0,23.77,8450.7
,26,71,72,241130,Right,79,80,56,75,45,56,70,17,14,9,10,8,3,3,,,,I. Ganago,ST LM LW,ST,I. Ganago,FC Nantes,2027,176.0,78.0,2200000.0,13000.0,25.18,30985.92
,27,71,71,254247,Right,68,72,69,84,38,57,63,31,27,13,7,14,5,3,,,,M. Mohamed,ST,ST,M. Mohamed,FC Nantes,2027,185.0,78.0,2000000.0,13000.0,22.79,28169.01
,24,71,76,252386,Right,64,67,75,91,20,60,55,21,26,13,7,6,3,2,,,,Kevin Carlos,ST,ST,Kevin Carlos,OGC Nice,2030,186.0,98.0,2900000.0,16000.0,28.33,40845.07
,23,71,76,252960,Right,84,84,84,63,38,63,63,43,42,7,8,14,3,3,,,,I. Jansson,LW ST CAM LM,LW,I. Jansson,OGC Nice,2029,174.0,71.0,2800000.0,16000.0,23.45,39436.62
,19,71,82,73192,Right,66,78,61,81,66,41,61,73,68,10,5,10,3,2,,,,A. Ait Boudlal,CB,CB,A. Ait Boudlal,Stade Rennais FC,2028,190.0,75.0,3800000.0,11000.0,20.78,53521.13
,19,71,79,70020,Right,67,69,70,65,72,73,73,72,67,5,8,12,3,3,,,,M. Amougou,CM CDM,CM,M. Amougou,RC Strasbourg Alsace,2030,177.0,65.0,4000000.0,21000.0,20.75,56338.03
,19,71,80,75318,Right,77,76,65,64,46,69,67,52,43,5,5,8,2,3,,,,A. Ouattara,RM CM RW,RM,A. Ouattara,RC Strasbourg Alsace,2029,178.0,68.0,4000000.0,21000.0,21.46,56338.03
,28,71,71,242054,Right,74,77,75,58,69,58,58,70,64,11,12,6,2,3,,,,Igor Silva,RB CB RM,RB,Igor Silva,FC Lorient,2028,173.0,66.0,1700000.0,13000.0,22.05,23943.66
,24,71,75,253490,Left,81,87,78,69,66,56,61,70,68,7,11,14,3,3,,,,D. Yongwa,LB CB LM,LB,D. Yongwa,FC Lorient,2029,177.0,65.0,2500000.0,11000.0,20.75,35211.27
,22,71,79,258972,Left,62,67,65,92,68,54,66,70,66,14,7,5,3,2,,,,I. Touré,CB,CB,I. Toure,FC Lorient,2028,206.0,98.0,3900000.0,11000.0,23.09,54929.58
,26,71,74,276594,Right,67,67,90,89,68,58,69,68,65,12,14,8,2,2,,,,N. Cadiou,CDM CM,CDM,N. Cadiou,FC Lorient,2029,191.0,84.0,2200000.0,12000.0,23.03,30985.92
,35,71,71,194846,Left,72,73,73,71,72,66,69,70,66,6,11,11,3,2,,,,F. Hanin,LB LM,LB,F. Hanin,Angers SCO,2029,177.0,73.0,575000.0,8000.0,23.3,8098.59
,25,71,75,273835,Right,73,78,66,57,65,53,67,75,72,9,11,14,3,2,,,,L. Raolisoa,RB RM,RB,L. Raolisoa,Angers SCO,2028,178.0,70.0,2400000.0,9000.0,22.09,33802.82
,34,71,71,188537,Right,74,74,68,65,70,59,72,68,66,12,12,11,3,3,,,,L. Négo,RB RM,RB,L. Nego,Le Havre AC,2028,181.0,71.0,700000.0,10000.0,21.67,9859.15
,32,71,71,218066,Right,73,75,67,74,28,61,66,34,33,12,14,7,4,3,,,,A. Samatta,ST,ST,A. Samatta,Le Havre AC,2030,183.0,75.0,1500000.0,12000.0,22.4,21126.76
,23,71,76,251926,Right,74,64,76,70,69,70,69,70,65,10,6,14,3,2,,,,R. Ndiaye,CM CDM CAM,CM,R. Ndiaye,Le Havre AC,2028,179.0,70.0,2800000.0,9000.0,21.85,39436.62
,23,71,77,260558,Right,84,85,53,72,41,69,72,56,47,10,14,9,3,3,,,,R. Khadra,CAM LM ST CM,CAM,R. Khadra,"Le Havre AC Jun 30, 2026 On loan",,175.0,72.0,3000000.0,6000.0,23.51,42253.52
,23,71,77,264449,Right,51,59,63,90,69,46,64,73,70,9,8,6,3,2,,,,É. Youté Kinkoué,CB,CB,E. Youte Kinkoue,Le Havre AC,2029,195.0,91.0,2700000.0,9000.0,23.93,38028.17
,27,71,75,224322,Right,43,49,27,59,17,40,31,14,20,71,68,71,2,1,,,,K. Haug,GK,GK,K. Haug,Toulouse FC,2030,191.0,83.0,2000000.0,9000.0,22.75,28169.01
,27,71,71,237331,Left,63,68,74,68,67,53,65,71,70,6,6,8,3,2,,,,T. De Smet,LB LM,LB,T. De Smet,Paris FC,2027,183.0,65.0,1800000.0,26000.0,19.41,25352.11
,28,71,71,276398,Right,72,73,75,70,69,71,74,71,69,12,5,10,3,3,,,,A. Camara,CM RB CDM,CM,A. Camara,Paris FC,2027,180.0,70.0,1900000.0,29000.0,21.6,26760.56
,32,71,71,210772,Right,30,29,41,77,21,39,47,15,16,73,70,71,2,1,,,,P. Drewes,GK,GK,P. Drewes,Borussia Dortmund,2027,194.0,90.0,925000.0,17000.0,23.91,13028.17
,21,71,77,272931,Right,78,74,74,50,38,65,64,58,46,6,14,6,3,3,,,,H. Bolin,LM RM CAM LW,LM,H. Bolin,"Borussia Mönchengladbach Jun 30, 2026 On loan",,179.0,64.0,3000000.0,6000.0,19.97,42253.52
,35,71,71,199897,Right,51,51,63,70,75,60,72,73,69,6,13,10,3,2,,,,N. Höfler,CDM CM CB,CDM,N. Hofler,SC Freiburg,2029,181.0,80.0,525000.0,13000.0,24.42,7394.37
,33,71,71,207897,Left,54,69,70,77,70,57,66,74,74,11,13,11,3,2,,,,A. Jung,CB,CB,A. Jung,SC Freiburg,2029,186.0,90.0,900000.0,18000.0,26.01,12676.06
,24,71,76,258396,Left,55,59,55,81,68,59,64,73,70,11,8,9,3,2,,,,C. Özkacar,CB,CB,C. Ozkacar,"1. FC Köln Jun 30, 2026 On loan",,190.0,85.0,2600000.0,19000.0,23.55,36619.72
,20,71,82,259442,Right,67,64,68,76,71,47,68,71,71,13,9,9,3,2,,,,R. van den Berg,CB,CB,R. van den Berg,1. FC Köln,2030,190.0,73.0,3800000.0,11000.0,20.22,53521.13
,30,71,71,223603,Left,41,36,20,62,14,38,45,12,10,71,67,68,4,1,,,,F. Bredlow,GK,GK,F. Bredlow,VfB Stuttgart,2027,190.0,87.0,1200000.0,15000.0,24.1,16901.41
,22,71,79,266685,Right,60,68,59,79,71,43,59,73,67,14,15,10,3,2,,,,L. Jaquez,CB,CB,L. Jaquez,VfB Stuttgart,2029,187.0,80.0,3900000.0,19000.0,22.88,54929.58
,18,71,85,77636,Left,61,68,60,69,72,34,67,77,75,15,10,6,3,2,,,,K. Coulibaly,CB CDM CM,CB,K. Coulibaly,SV Werder Bremen,2029,191.0,83.0,4099999.9999999995,11000.0,22.75,57746.48
,25,71,74,247771,Left,73,57,84,66,67,71,63,64,66,10,15,10,3,3,,,,O. Deman,LB LM CM,LB,O. Deman,SV Werder Bremen,2028,181.0,70.0,2300000.0,16000.0,21.37,32394.37
,27,71,71,234843,Left,75,68,36,75,73,40,65,74,72,12,14,7,2,2,,,,M. Leitsch,CB,CB,M. Leitsch,1. FSV Mainz 05,2028,189.0,83.0,1700000.0,17000.0,23.24,23943.66
,22,71,78,256127,Right,81,81,74,61,28,68,65,28,28,6,8,9,4,4,,,,W. Bøving,ST CAM LM,ST,W. Bøving,1. FSV Mainz 05,2029,178.0,72.0,3800000.0,17000.0,22.72,53521.13
,22,71,79,259162,Right,84,82,67,70,24,64,64,18,11,13,10,11,4,3,,,,A. Sieb,ST CAM,ST,A. Sieb,"1. FSV Mainz 05 Jun 30, 2026 On loan",,175.0,79.0,4200000.0,31000.0,25.8,59154.93
,23,71,75,266061,Right,79,65,83,52,67,67,72,56,58,12,12,10,4,3,,,,S. Kawasaki,CM CDM CAM,CM,S. Kawasaki,1. FSV Mainz 05,2028,172.0,70.0,2700000.0,15000.0,23.66,38028.17
,37,71,71,199909,Right,32,27,22,54,15,34,30,21,19,71,72,67,4,1,,,,P. Pervan,GK,GK,P. Pervan,VfL Wolfsburg,2027,194.0,88.0,210000.0,10000.0,23.38,2957.75
,19,71,81,71672,Left,86,84,85,54,60,40,52,72,68,10,9,9,2,3,,,,K. Kosugi,LB LM,LB,K. Kosugi,Eintracht Frankfurt,2031,172.0,69.0,3900000.0,13000.0,23.32,54929.58
,22,71,81,277929,Right,34,42,24,64,8,33,29,14,13,76,65,62,1,1,,,,Kauã Santos,GK,GK,Kaua Santos,Eintracht Frankfurt,2030,196.0,85.0,3600000.0,9000.0,22.13,50704.23
,26,71,74,241941,Left,70,84,72,78,69,63,64,72,71,8,12,9,2,2,,,,S. Nsoki,CB LB CDM,CB,S. Nsoki,"1. FC Union Berlin Jun 30, 2026 On loan",,184.0,83.0,2200000.0,20000.0,24.52,30985.92
,18,71,83,73731,Right,59,63,64,77,68,52,58,75,65,15,9,15,3,2,,,,N. Banks,CB,CB,N. Banks,FC Augsburg,2027,193.0,80.0,4099999.9999999995,13000.0,21.48,57746.48
,28,71,71,229640,Left,81,74,69,58,69,66,58,68,67,8,8,9,3,3,,,,M. Pedersen,LB LM RB CM,LB,M. Pedersen,FC Augsburg,2027,174.0,72.0,1700000.0,21000.0,23.78,23943.66
,25,71,74,256118,Right,63,63,65,73,68,65,64,74,67,13,8,10,4,2,,,,Y. Keitel,CDM CM CB,CDM,Y. Keitel,"FC Augsburg Jun 30, 2026 On loan",,186.0,84.0,2200000.0,20000.0,24.28,30985.92
,32,71,71,226506,Left,54,74,74,85,69,47,63,72,65,12,15,12,3,2,,,,K. Mets,CB,CB,K. Mets,FC St. Pauli,2030,191.0,79.0,1200000.0,16000.0,21.66,16901.41
,28,71,71,258626,Left,67,56,60,70,44,75,65,43,42,10,14,10,3,3,,,,D. Sinani,CAM RM ST CM,CAM,D. Sinani,FC St. Pauli,2029,185.0,70.0,1900000.0,17000.0,20.45,26760.56
,28,71,72,228883,Left,65,55,74,78,69,61,64,71,68,7,16,7,2,2,,,,B. Gimber,CB CDM CM,CB,B. Gimber,1. FC Heidenheim 1846,2028,187.0,84.0,1800000.0,19000.0,24.02,25352.11
,29,71,71,229277,Left,64,72,75,72,70,55,65,71,71,10,11,13,2,2,,,,J. Föhrenbach,LB LM CB,LB,J. Fohrenbach,1. FC Heidenheim 1846,2027,184.0,81.0,1600000.0,19000.0,23.92,22535.21
,23,71,78,247360,Right,77,78,74,77,71,55,64,71,67,7,8,6,3,2,,,,L. Stergiou,RB CB CM,RB,L. Stergiou,"1. FC Heidenheim 1846 Jun 30, 2026 On loan",,180.0,75.0,3600000.0,19000.0,23.15,50704.23
,28,71,71,253133,Right,65,61,79,74,66,72,76,72,65,13,14,12,3,2,,,,A. Beck,CAM CM RM,CAM,A. Beck,1. FC Heidenheim 1846,2028,185.0,80.0,1900000.0,20000.0,23.37,26760.56
,25,71,74,258812,Left,59,72,56,81,71,40,60,72,69,6,11,9,1,2,,,,T. Siersleben,CB,CB,T. Siersleben,1. FC Heidenheim 1846,2028,187.0,84.0,2200000.0,18000.0,24.02,30985.92
,18,71,81,79107,Left,70,71,71,65,42,71,70,31,30,10,9,5,3,4,,,,A. Maksimović,RW CAM CM RM,RW,A. Maksimovic,RB Leipzig,2030,182.0,70.0,4000000.0,21000.0,21.13,56338.03
,19,71,81,278237,Left,74,74,69,75,68,53,66,71,68,8,13,14,2,2,,,,D. Bartesaghi,LB LM,LB,D. Bartesaghi,AC Milan,2030,193.0,84.0,3900000.0,17000.0,22.55,54929.58
,29,71,71,239679,Right,75,76,60,64,69,66,66,70,69,12,14,8,3,3,,,,P. Mazzocchi,RB RM,RB,P. Mazzocchi,Napoli,2027,180.0,74.0,1600000.0,47000.0,22.84,22535.21
,25,71,72,236706,Left,84,83,57,45,39,60,66,35,39,8,7,5,4,4,,,,P. Almqvist,RM RW CAM,RM,P. Almqvist,Parma,2027,183.0,67.0,2200000.0,13000.0,20.01,30985.92
,29,71,71,240992,Right,70,66,69,58,66,71,68,69,64,14,12,12,3,3,,,,N. Estévez,CDM CM,CDM,N. Estevez,Parma,2027,181.0,77.0,1600000.0,14000.0,23.5,22535.21
,20,71,81,273884,Right,80,81,85,77,65,70,59,70,71,12,6,6,3,2,,,,C. Ordoñez,CDM CM,CDM,C. Ordonez,Parma,2030,177.0,65.0,3900000.0,10000.0,20.75,54929.58
,30,71,71,225669,Right,82,88,75,71,65,62,65,67,66,13,10,11,2,3,,,,K. Ehizibue,RB RM,RB,K. Ehizibue,Udinese,2030,189.0,78.0,1600000.0,12000.0,21.84,22535.21
,26,71,71,258615,Right,74,65,63,58,66,72,72,68,62,12,8,11,3,3,,,,Oier Zarraga,CM CDM,CM,Oier Zarraga,Udinese,2027,175.0,76.0,2000000.0,12000.0,24.82,28169.01
,25,71,73,259634,Left,80,69,73,50,67,60,66,69,67,11,10,8,3,2,,,,J. Zemura,LB LM,LB,J. Zemura,Udinese,2027,179.0,63.0,2200000.0,11000.0,19.66,30985.92
,23,71,81,266803,Right,23,29,28,58,9,30,36,15,16,71,70,71,2,1,,,,R. Sava,GK,GK,R. Sava,Udinese,2029,197.0,83.0,3600000.0,6000.0,21.39,50704.23
,37,71,71,170320,Right,52,64,64,76,68,66,72,67,71,15,11,14,3,2,,,,L. De Silvestri,RB RM,RB,L. De Silvestri,Bologna,2030,187.0,89.0,425000.0,20000.0,25.45,5985.92
,27,71,71,241937,Right,72,66,74,66,68,74,72,71,66,9,5,12,4,3,,,,A. Harroui,CM CDM CAM,CM,A. Harroui,Hellas Verona FC,2028,182.0,76.0,2000000.0,9000.0,22.94,28169.01
,25,71,76,248661,Right,63,59,75,72,72,60,66,72,73,5,15,7,3,2,,,,C. Niasse,CDM CM,CDM,C. Niasse,Hellas Verona FC,2029,188.0,77.0,2500000.0,8000.0,21.79,35211.27
,24,71,76,256453,Right,86,84,67,71,22,63,65,32,28,8,9,5,4,3,,,,A. Sarr,ST CAM,ST,A. Sarr,Hellas Verona FC,2029,188.0,83.0,2900000.0,8000.0,23.48,40845.07
,25,71,74,266585,Right,64,73,59,82,23,48,70,23,22,9,8,9,4,3,,,,D. Mosquera,ST,ST,D. Mosquera,Hellas Verona FC,2028,183.0,85.0,2500000.0,9000.0,25.38,35211.27
,20,71,78,78037,Left,58,55,65,79,69,47,62,71,69,9,6,8,2,2,,,,J. Rodríguez,CB,CB,J. Rodriguez,Cagliari,2030,190.0,80.0,3400000.0,6000.0,22.16,47887.32
,26,71,74,236758,Right,45,43,42,64,13,62,45,15,13,72,69,69,2,1,,,,O. Christensen,GK,GK,O. Christensen,Fiorentina,2028,190.0,82.0,1900000.0,17000.0,22.71,26760.56
,32,71,71,206159,Right,68,71,78,55,69,54,69,69,71,10,9,7,3,3,,,,S. Sabelli,RB RM,RB,S. Sabelli,Genoa,2028,176.0,70.0,1300000.0,15000.0,22.6,18309.86
,25,71,74,255934,Right,53,54,64,83,72,72,72,70,66,9,14,12,3,3,,,,J. Onana,CM CDM,CM,J. Onana,"Genoa Jun 30, 2026 On loan",,189.0,85.0,2500000.0,22000.0,23.8,35211.27
,23,71,76,264436,Left,68,73,78,63,66,65,68,71,67,11,11,13,3,3,,,,M. Ellertsson,CM RM LM CAM,CM,M. Ellertsson,Genoa,2029,182.0,74.0,2800000.0,13000.0,22.34,39436.62
,35,71,71,199174,Right,57,47,71,82,74,34,70,71,69,7,13,11,3,2,,,,A. Caracciolo,CB,CB,A. Caracciolo,Pisa,2029,185.0,83.0,500000.0,6000.0,24.25,7042.25
,29,71,72,220048,Right,50,50,40,65,20,35,61,24,18,70,70,70,2,1,,,,S. Scuffet,GK,GK,S. Scuffet,Pisa,2028,190.0,87.0,1400000.0,5000.0,24.1,19718.31
,27,71,71,233396,Right,74,71,83,77,62,70,68,64,60,12,13,15,3,3,,,,I. Touré,RM RB,RM,I. Toure,Pisa,2027,188.0,76.0,2000000.0,8000.0,21.5,28169.01
,27,71,74,244274,Right,30,32,21,51,11,65,25,14,17,72,68,70,2,1,,,,A. Šemper,GK,GK,A. Semper,Pisa,2027,194.0,89.0,1800000.0,5000.0,23.65,25352.11
,21,71,78,270658,Left,72,71,75,57,65,64,64,67,65,15,14,8,3,3,,,,S. Angori,LM LB,LM,S. Angori,Pisa,2027,184.0,72.0,3800000.0,6000.0,21.27,53521.13
,32,71,71,205363,Right,50,52,70,75,72,45,64,71,71,7,10,5,3,2,,,,M. Bianchetti,CB,CB,M. Bianchetti,Cremonese,2029,189.0,81.0,1200000.0,9000.0,22.68,16901.41
,33,71,71,210964,Right,63,62,61,72,74,51,67,73,72,8,13,10,4,2,,,,F. Ceccherini,CB,CB,F. Ceccherini,Cremonese,2029,187.0,72.0,900000.0,9000.0,20.59,12676.06
,27,71,71,230681,Left,67,69,80,67,66,60,63,72,67,11,14,7,3,3,,,,G. Pezzella,LM LB,LM,G. Pezzella,Cremonese,2028,187.0,81.0,2000000.0,9000.0,23.16,28169.01
,26,71,72,236838,Left,66,53,75,56,68,72,73,68,66,6,15,5,3,3,,,,Y. Maleh,CM CDM,CM,Y. Maleh,"Cremonese Jun 30, 2026 On loan",,177.0,74.0,2200000.0,9000.0,23.62,30985.92
,21,71,78,257353,Right,75,73,79,53,66,69,69,68,64,14,7,7,2,3,,,,W. Bondo,CM CDM,CM,W. Bondo,"Cremonese Jun 30, 2026 On loan",,177.0,63.0,3800000.0,19000.0,20.11,53521.13
,22,71,80,271579,Right,81,78,65,60,72,64,60,74,71,11,12,12,4,3,,,,F. Terracciano,CB LB RB,CB,F. Terracciano,"Cremonese Jun 30, 2026 On loan",,186.0,68.0,3900000.0,22000.0,19.66,54929.58
,22,71,76,275162,Right,82,82,75,59,66,58,56,67,65,6,12,12,3,2,,,,T. Barbieri,RB RM,RB,T. Barbieri,Cremonese,2028,181.0,72.0,2700000.0,7000.0,21.98,38028.17
,27,71,73,256856,Left,79,81,85,73,71,56,70,72,67,9,12,13,2,2,,,,Fali Candé,CB,CB,Fali Cande,Sassuolo,2028,184.0,82.0,2000000.0,13000.0,24.22,28169.01
,23,71,77,263882,Right,80,83,70,67,49,65,69,65,57,9,11,11,4,3,,,,A. Fadera,LW LM,LW,A. Fadera,"Sassuolo Jun 30, 2026 On loan",,182.0,80.0,3000000.0,43000.0,24.15,42253.52
,20,71,84,278523,Right,65,70,70,65,67,73,66,68,66,14,6,11,3,3,,,,Rodri Mendoza,CM RM CAM CDM,CM,Rodri Mendoza,Atlético Madrid,2031,182.0,72.0,4500000.0,25000.0,21.74,63380.28
,25,71,74,74317,Right,72,65,71,79,18,65,59,25,23,6,8,13,3,2,,,,Izeta,ST LW LM,ST,Izeta,Athletic Club,2027,175.0,70.0,2500000.0,25000.0,22.86,35211.27
,22,71,79,259422,Left,84,82,74,46,22,59,66,32,20,14,8,11,2,3,,,,Nico Serrano,LW LM RM,LW,Nico Serrano,Athletic Club,2028,181.0,72.0,4200000.0,23000.0,21.98,59154.93
,38,71,71,194911,Right,44,42,38,63,25,32,57,19,14,68,75,74,2,1,,,,Adrián,GK,GK,Adrian,Real Betis Balompié,2029,190.0,80.0,210000.0,7000.0,22.16,2957.75
,21,71,78,72425,Right,56,66,64,75,72,49,68,75,67,7,8,8,3,2,,,,Yoel Lago,CB,CB,Yoel Lago,RC Celta,2029,185.0,70.0,3500000.0,12000.0,20.45,49295.77
,31,71,71,223061,Left,77,77,68,31,50,70,71,64,52,12,8,11,3,4,,,,F. Cervi,LM LW,LM,F. Cervi,RC Celta,2030,166.0,67.0,1600000.0,18000.0,24.31,22535.21
,24,71,76,262479,Right,83,83,82,65,66,65,63,66,61,14,13,8,3,3,,,,Rubén Sánchez,RB RM,RB,Ruben Sanchez,RCD Espanyol,2027,185.0,73.0,2600000.0,12000.0,21.33,36619.72
,21,71,81,263575,Right,55,64,60,73,72,65,65,72,69,7,15,11,3,2,,,,C. Riedel,CB RB,CB,C. Riedel,RCD Espanyol,2029,186.0,83.0,3900000.0,10000.0,23.99,54929.58
,23,71,78,259011,Left,89,83,70,68,45,67,60,42,40,6,9,12,2,3,,,,Zito Luvumbo,ST LM RM CAM,ST,Zito Luvumbo,"RCD Mallorca Jun 30, 2026 On loan",,171.0,70.0,3800000.0,8000.0,23.94,53521.13
,22,71,77,260082,Left,78,75,69,63,65,63,63,71,70,15,10,11,2,2,,,,Jesús Vázquez,LB LM,LB,Jesus Vazquez,Valencia CF,2028,182.0,76.0,2800000.0,19000.0,22.94,39436.62
,25,71,72,264842,Left,74,76,68,55,58,71,70,66,62,12,13,13,2,3,,,,Calebe,RM CM RW,RM,Calebe,Deportivo Alavés,2029,173.0,67.0,2200000.0,17000.0,22.39,30985.92
,28,71,71,239671,Right,80,77,72,64,54,61,65,35,31,13,9,11,3,3,,,,Tete Morente,LM LW RM,LM,Tete Morente,Elche CF,2028,184.0,78.0,1900000.0,16000.0,23.04,26760.56
,28,71,71,248559,Left,64,66,78,80,71,48,55,72,73,15,8,11,2,2,,,,L. Pétrot,CB LB,CB,L. Petrot,Elche CF,2029,188.0,80.0,1600000.0,15000.0,22.63,22535.21
,18,71,83,278923,Right,82,84,65,63,67,64,62,66,65,7,10,8,3,3,,,,Héctor Fort,RB LB RM CM,RB,Hector Fort,"Elche CF Jun 30, 2026 On loan",,185.0,78.0,4200000.0,27000.0,22.79,59154.93
,22,71,78,264159,Right,82,78,72,65,62,67,69,57,51,10,8,10,3,3,,,,Iker Benito,LW RM LM,LW,Iker Benito,CA Osasuna,2027,176.0,71.0,3800000.0,19000.0,22.92,53521.13
,22,71,79,274355,Right,56,58,68,67,72,70,65,71,69,10,11,5,3,3,,,,Iker Muñoz,CM CDM,CM,Iker Munoz,CA Osasuna,2030,180.0,69.0,4200000.0,18000.0,21.3,59154.93
,26,71,71,241930,Right,68,73,68,72,70,54,63,71,72,14,5,8,4,2,,,,F. Gattoni,CB,CB,F. Gattoni,Sevilla FC,2027,183.0,75.0,1800000.0,18000.0,22.4,25352.11
,23,71,76,252961,Right,55,66,67,79,69,53,63,69,72,6,14,8,3,2,,,,T. Nianzou,CB,CB,T. Nianzou,Sevilla FC,2027,191.0,83.0,2600000.0,16000.0,22.75,36619.72
,25,71,74,271108,Right,82,88,64,73,23,61,63,29,26,7,13,8,4,3,,,,T. Oluwaseyi,ST,ST,T. Oluwaseyi,Villarreal CF,2030,188.0,77.0,2500000.0,23000.0,21.79,35211.27
,21,71,81,74774,Left,69,74,75,68,69,56,66,72,60,12,5,8,3,3,,,,U. Raghouber,CDM CB,CDM,U. Raghouber,"Levante UD Jun 30, 2026 On loan",,187.0,70.0,4000000.0,13000.0,20.02,56338.03
,32,71,71,233588,Right,53,58,77,76,72,63,64,70,71,8,14,15,3,2,,,,Elgezabal,CB,CB,Elgezabal,Levante UD,2027,185.0,74.0,1200000.0,18000.0,21.62,16901.41
,27,71,71,246011,Right,78,76,77,62,52,65,59,61,45,11,6,7,3,3,,,,Víctor García,RM RW RB,RM,Victor Garcia,Levante UD,2028,180.0,79.0,2000000.0,18000.0,24.38,28169.01
,37,71,71,192667,Right,70,72,69,84,69,73,67,70,68,12,8,9,3,3,,,,A. Nyom,RB CB RM,RB,A. Nyom,Getafe CF,2028,188.0,78.0,425000.0,15000.0,22.07,5985.92
,23,71,77,73502,Left,85,87,87,66,65,53,54,64,64,6,11,13,2,3,,,,R. Alhassane,LB LM,LB,R. Alhassane,Real Oviedo,2027,184.0,75.0,2800000.0,17000.0,22.15,39436.62
,30,71,71,238305,Right,73,73,70,63,71,64,69,68,67,8,8,11,3,3,,,,Nacho Vidal,RB CM,RB,Nacho Vidal,Real Oviedo,2027,180.0,75.0,1600000.0,20000.0,23.15,22535.21
,19,70,83,82968,Left,76,81,64,60,26,65,70,37,34,11,6,13,3,4,,,,Alysson,RM RW,RM,Alysson,Aston Villa,2031,184.0,71.0,3800000.0,33000.0,20.97,54285.71
,36,70,70,180216,Right,49,52,35,67,73,69,75,76,75,5,15,13,3,3,,,,S. Coleman,RB RM,RB,S. Coleman,Everton,2028,177.0,77.0,350000.0,16000.0,24.58,5000.0
,33,70,70,204246,Right,30,30,25,60,15,37,52,18,17,70,70,71,3,1,,,,M. Bettinelli,GK,GK,M. Bettinelli,Manchester City,2027,194.0,82.0,525000.0,33000.0,21.79,7500.0
,18,70,86,268737,Right,78,70,75,52,60,72,67,58,55,15,13,14,4,4,,,,S. Nypan,CM CAM ST,CM,S. Nypan,Manchester City,2030,183.0,70.0,4000000.0,33000.0,20.9,57142.86
,19,70,82,83381,Left,83,80,64,56,67,66,68,68,68,13,6,5,3,2,,,,Souza,LB LM,LB,Souza,Tottenham Hotspur,2031,183.0,75.0,3600000.0,29000.0,22.4,51428.57
,21,70,79,268564,Left,74,73,65,62,56,74,56,58,52,7,13,12,3,3,,,,K. Lamadrid,LM LW CM,LM,K. Lamadrid,West Ham United,2026,173.0,69.0,3600000.0,24000.0,23.05,51428.57
,35,70,70,186905,Right,43,39,65,79,41,73,75,46,39,6,10,10,4,3,,,,A. Barnes,ST CAM,ST,A. Barnes,Burnley,2028,185.0,84.0,675000.0,26000.0,24.54,9642.86
,34,70,70,190456,Right,54,64,38,58,74,57,72,73,74,10,11,15,2,3,,,,N. Clyne,RB CB RM,RB,N. Clyne,Crystal Palace,2028,175.0,67.0,575000.0,39000.0,21.88,8214.29
,28,70,70,228681,Right,49,51,50,84,70,33,52,68,68,12,10,7,3,2,,,,F. Sierralta,CB,CB,F. Sierralta,AJ Auxerre,2029,190.0,83.0,1400000.0,14000.0,22.99,20000.0
,22,70,77,257612,Right,77,75,65,73,22,54,68,23,19,12,6,12,3,3,,,,S. Mara,ST,ST,S. Mara,"AJ Auxerre Jun 30, 2026 On loan",,183.0,74.0,3300000.0,25000.0,22.1,47142.86
,24,70,75,263112,Right,70,70,72,68,68,46,66,71,67,9,11,7,3,2,,,,M. Senaya,RB CB,RB,M. Senaya,AJ Auxerre,2029,181.0,76.0,2200000.0,11000.0,23.2,31428.57
,24,70,75,269745,Right,64,65,59,64,69,70,68,66,68,6,7,9,3,3,,,,O. El Azzouzi,CDM CM,CDM,O. El Azzouzi,"AJ Auxerre Jun 30, 2026 On loan",,189.0,75.0,2200000.0,20000.0,21.0,31428.57
,34,70,70,199721,Left,47,48,26,70,17,20,49,15,17,67,69,71,2,1,,,,M. Gorgelin,GK,GK,M. Gorgelin,RC Lens,2029,187.0,83.0,275000.0,10000.0,23.74,3928.57
,18,70,80,80067,Right,68,67,55,39,61,74,74,62,53,12,10,5,3,3,,,,K. Merah,CAM CM,CAM,K. Merah,Olympique Lyonnais,2029,177.0,61.0,3400000.0,8000.0,19.47,48571.43
,24,70,77,70160,Left,78,79,69,90,65,38,55,69,67,7,14,9,3,2,,,,T. Yegbe,CB,CB,T. Yegbe,FC Metz,2029,195.0,87.0,3000000.0,8000.0,22.88,42857.14
,33,70,70,201136,Right,66,69,73,68,68,56,66,69,70,15,10,11,4,2,,,,M. Colin,RB LB CDM,RB,M. Colin,FC Metz,2027,180.0,76.0,825000.0,9000.0,23.46,11785.71
,31,70,70,235812,Right,63,65,67,80,34,58,64,32,26,10,5,12,4,2,,,,G. Kvilitaia,ST,ST,G. Kvilitaia,FC Metz,2028,193.0,80.0,1300000.0,10000.0,21.48,18571.43
,21,70,81,278065,Right,63,69,64,77,70,51,65,73,73,13,8,8,3,2,,,,S. Sané,CB,CB,S. Sane,FC Metz,2027,182.0,67.0,3300000.0,7000.0,20.23,47142.86
,18,70,83,75734,Right,59,64,72,79,68,70,68,69,66,12,12,11,3,2,,,,A. Bamba,CM CDM,CM,A. Bamba,AS Monaco,2030,194.0,80.0,3700000.0,11000.0,21.26,52857.14
,23,70,75,83275,Right,58,68,58,75,67,36,59,73,68,14,12,7,2,2,,,,A. Youssif,CB,CB,A. Youssif,FC Nantes,2028,188.0,75.0,2200000.0,9000.0,21.22,31428.57
,29,70,70,229971,Right,71,68,65,69,69,73,68,71,67,14,12,12,3,2,,,,F. Centonze,RB LB RM,RB,F. Centonze,FC Nantes,2027,182.0,75.0,1400000.0,11000.0,22.64,20000.0
,26,70,71,239136,Left,72,67,67,64,72,55,65,72,73,6,10,14,2,2,,,,N. Cozza,LB CB LM,LB,N. Cozza,"FC Nantes Jun 30, 2026 On loan",,178.0,72.0,1700000.0,22000.0,22.72,24285.71
,22,70,78,269003,Left,64,67,58,73,68,51,72,70,69,14,7,10,3,2,,,,A. Sylla,CB,CB,A. Sylla,"FC Nantes Jun 30, 2026 On loan",,188.0,79.0,3300000.0,22000.0,22.35,47142.86
,17,70,85,80674,Right,68,72,62,51,61,73,71,63,46,10,6,12,3,3,,,,Dro Fernández,CM CAM,CM,Dro Fernandez,Paris Saint-Germain,2030,182.0,68.0,3600000.0,19000.0,20.53,51428.57
,18,70,83,279880,Left,35,31,36,66,13,42,42,14,10,70,64,68,3,1,,,,Renato Marin,GK,GK,Renato Marin,Paris Saint-Germain,2030,193.0,80.0,3200000.0,10000.0,21.48,45714.29
,19,70,83,70017,Left,70,62,58,35,48,69,73,41,44,9,7,11,2,4,,,,G. Yassine,RM LM RW,RM,G. Yassine,RC Strasbourg Alsace,2030,173.0,59.0,3800000.0,19000.0,19.71,54285.71
,20,70,78,269262,Right,68,71,59,67,72,68,71,73,65,8,13,13,3,3,,,,M. Oyedele,CM CDM,CM,M. Oyedele,RC Strasbourg Alsace,2030,183.0,75.0,3500000.0,20000.0,22.4,50000.0
,18,70,80,277561,Left,78,77,60,40,28,70,68,32,30,9,8,11,3,3,,,,S. Amo-Ameyaw,CAM RM CM,CAM,S. Amo-Ameyaw,RC Strasbourg Alsace,2029,174.0,64.0,3400000.0,18000.0,21.14,48571.43
,21,70,80,76509,Right,78,73,75,68,73,66,67,68,71,11,8,8,4,3,,,,D. Karim,CAM CM,CAM,D. Karim,FC Lorient,2028,178.0,67.0,3600000.0,9000.0,21.15,51428.57
,28,70,71,224442,Right,37,41,32,77,20,26,51,15,14,70,69,69,3,1,,,,B. Kamara,GK,GK,B. Kamara,FC Lorient,2027,196.0,92.0,1300000.0,8000.0,23.95,18571.43
,23,70,75,276007,Right,79,79,84,66,63,57,59,64,61,8,15,6,4,3,,,,P. Katseris,RM RB RW,RM,P. Katseris,FC Lorient,2028,187.0,77.0,2400000.0,10000.0,22.02,34285.71
,23,70,75,277216,Right,78,78,70,73,21,58,71,25,21,10,13,9,3,3,,,,M. Bamba,ST,ST,M. Bamba,FC Lorient,2028,185.0,84.0,2400000.0,11000.0,24.54,34285.71
,22,70,75,260237,Left,85,84,78,61,63,51,62,68,66,13,14,14,3,3,,,,D. Guindo,LB LM,LB,D. Guindo,Stade Brestois 29,2029,183.0,72.0,2300000.0,11000.0,21.5,32857.14
,21,70,79,271689,Right,90,84,82,59,18,58,60,38,23,13,11,11,3,3,,,,P. Mboup,LM ST LW,LM,P. Mboup,Stade Brestois 29,2030,175.0,65.0,3600000.0,10000.0,21.22,51428.57
,20,70,77,275878,Right,54,68,67,75,72,52,63,74,69,13,8,11,3,2,,,,E. Biumla,CB,CB,E. Biumla,Angers SCO,2028,185.0,75.0,2900000.0,7000.0,21.91,41428.57
,27,70,70,72374,Left,67,60,73,62,66,61,68,68,67,6,10,8,3,2,,,,Y. Zouaoui,LB LM,LB,Y. Zouaoui,Le Havre AC,2027,183.0,75.0,1500000.0,9000.0,22.4,21428.57
,30,70,70,223150,Right,45,46,21,68,18,35,40,12,12,70,66,68,3,1,,,,L. Mpasi,GK,GK,L. Mpasi,Le Havre AC,2027,182.0,78.0,1100000.0,6000.0,23.55,15714.29
,22,70,78,257270,Right,78,79,66,60,66,63,68,68,67,11,14,10,3,2,,,,T. Pembélé,RB CB,RB,T. Pembele,"Le Havre AC Jun 30, 2026 On loan",,183.0,76.0,3400000.0,25000.0,22.69,48571.43
,24,70,74,257406,Right,84,87,77,61,65,61,65,65,61,14,10,14,3,2,,,,F. Doucouré,RB RM,RB,F. Doucoure,Le Havre AC,2027,172.0,61.0,2100000.0,8000.0,20.62,30000.0
,22,70,79,72099,Right,76,79,68,63,67,60,59,67,68,11,13,7,3,2,,,,R. Messali,RB RM,RB,R. Messali,Toulouse FC,2028,177.0,74.0,3400000.0,11000.0,23.62,48571.43
,17,70,83,80696,Left,74,66,71,76,67,59,67,73,68,10,6,14,5,3,,,,A. Vossah,CDM CM,CDM,A. Vossah,Toulouse FC,2028,181.0,75.0,3400000.0,7000.0,22.89,48571.43
,20,70,81,269719,Left,78,76,70,72,32,63,67,27,21,12,13,5,2,3,,,,S. Hidalgo,RW RM ST,RW,S. Hidalgo,Toulouse FC,2029,175.0,71.0,3500000.0,11000.0,23.18,50000.0
,21,70,79,271721,Right,78,77,69,64,67,70,65,67,59,8,9,15,3,2,,,,P. Diop,CM CDM,CM,P. Diop,"Toulouse FC Jun 30, 2026 On loan",,182.0,70.0,3600000.0,20000.0,21.13,51428.57
,19,70,82,70012,Left,75,78,72,61,63,56,65,70,67,9,13,10,2,2,,,,N. Sangui,LB CM LM,LB,N. Sangui,Paris FC,2030,178.0,75.0,3600000.0,16000.0,23.67,51428.57
,17,70,84,78070,Right,74,74,77,75,68,66,72,65,62,13,14,8,3,3,,,,R. Matondo,CM CDM,CM,R. Matondo,Paris FC,2028,180.0,69.0,3600000.0,13000.0,21.3,51428.57
,27,70,70,228774,Left,64,59,77,70,67,68,68,70,68,12,10,15,3,3,,,,V. Marchetti,CM CDM,CM,V. Marchetti,Paris FC,2030,178.0,71.0,1700000.0,25000.0,22.41,24285.71
,28,70,70,234158,Right,88,91,65,63,34,58,69,34,26,7,8,8,3,3,,,,A. Gory,LM RM ST LW,LM,A. Gory,Paris FC,2028,182.0,75.0,1600000.0,26000.0,22.64,22857.14
,26,70,73,248477,Right,53,44,54,71,73,60,65,72,70,7,9,10,2,2,,,,S. Chergui,CB RB,CB,S. Chergui,Paris FC,2029,185.0,78.0,1800000.0,24000.0,22.79,25714.29
,16,70,85,80454,Right,74,69,50,29,31,70,68,37,29,8,7,14,4,3,,,,W. Mohya,CAM LM RM CM,CAM,W. Mohya,Borussia Mönchengladbach,2028,176.0,66.0,3600000.0,9000.0,21.31,51428.57
,20,70,82,74431,Left,88,85,81,78,25,61,65,27,24,13,13,5,2,3,,,,C. Irié,RM RW,RM,C. Irie,SC Freiburg,2028,185.0,87.0,3800000.0,12000.0,25.42,54285.71
,29,70,70,244112,Right,66,65,34,54,30,68,65,25,27,5,8,10,3,4,,,,D. Kyereh,CAM CM,CAM,D. Kyereh,SC Freiburg,2028,178.0,80.0,1600000.0,17000.0,25.25,22857.14
,23,70,77,255036,Right,85,77,74,64,40,67,66,42,35,15,10,6,3,3,,,,R. Königsdörffer,ST CAM RW,ST,R. Konigsdorffer,Hamburger SV,2029,182.0,78.0,3200000.0,14000.0,23.55,45714.29
,22,70,79,257568,Right,56,58,26,61,15,58,41,15,15,71,66,68,2,1,,,,S. Tangvik,GK,GK,S. Tangvik,Hamburger SV,2030,193.0,80.0,3100000.0,7000.0,21.48,44285.71
,24,70,74,274722,Right,84,85,78,68,65,59,59,64,66,10,9,10,3,3,,,,G. Gocholeishvili,RB RM,RB,G. Gocholeishvili,"Hamburger SV Jun 30, 2026 On loan",,178.0,70.0,2100000.0,10000.0,22.09,30000.0
,20,70,80,274944,Right,67,74,71,75,18,51,59,18,20,12,7,15,3,2,,,,D. Downs,ST,ST,D. Downs,"Hamburger SV Jun 30, 2026 On loan",,192.0,80.0,3500000.0,25000.0,21.7,50000.0
,19,70,80,276304,Right,58,54,58,76,27,60,65,29,26,6,11,8,3,2,,,,J. Milošević,ST,ST,J. Milosevic,"SV Werder Bremen Jun 30, 2026 On loan",,190.0,82.0,3500000.0,16000.0,22.71,50000.0
,20,70,83,268259,Right,64,84,65,78,18,64,59,20,19,10,13,6,3,3,,,,N. Weiper,ST CAM,ST,N. Weiper,1. FSV Mainz 05,2029,192.0,83.0,3900000.0,13000.0,22.52,55714.29
,20,70,81,268622,Left,65,69,54,72,68,56,64,72,70,13,15,15,3,2,,,,J. Belocian,CB LB LM,CB,J. Belocian,"VfL Wolfsburg Jun 30, 2026 On loan",,182.0,73.0,3300000.0,24000.0,22.04,47142.86
,21,70,82,276634,Right,72,69,74,73,69,34,68,72,74,10,13,12,4,2,,,,J. Adjetey,CB,CB,J. Adjetey,VfL Wolfsburg,2030,188.0,82.0,3700000.0,16000.0,23.2,52857.14
,21,70,78,76282,Right,74,77,69,75,11,59,59,24,23,15,10,11,3,3,,,,Y. Ebnoutalib,ST,ST,Y. Ebnoutalib,Eintracht Frankfurt,2031,191.0,79.0,3600000.0,14000.0,21.66,51428.57
,20,70,83,78474,Left,77,79,65,53,25,66,64,22,15,12,12,13,3,3,,,,A. Amaimouni,RM RW,RM,A. Amaimouni,Eintracht Frankfurt,2031,179.0,70.0,3800000.0,13000.0,21.85,54285.71
,26,70,74,257480,Right,30,18,30,45,10,36,39,12,11,70,69,70,3,1,,,,M. Raab,GK,GK,M. Raab,1. FC Union Berlin,2029,186.0,82.0,1700000.0,12000.0,23.7,24285.71
,20,70,78,276583,Right,80,77,72,52,56,60,65,55,53,15,12,14,3,3,,,,L. Burcu,LM LW RW,LM,L. Burcu,1. FC Union Berlin,2030,178.0,68.0,3500000.0,14000.0,21.46,50000.0
,26,70,73,83000,Right,55,65,69,74,73,38,55,75,69,9,8,8,2,2,,,,T. Andō,CB,CB,T. Ando,FC St. Pauli,2028,190.0,84.0,1800000.0,14000.0,23.27,25714.29
,24,70,75,252317,Right,49,66,70,90,68,40,58,74,66,13,7,11,4,2,,,,D. Nemeth,CB,CB,D. Nemeth,FC St. Pauli,2029,191.0,89.0,2200000.0,12000.0,24.4,31428.57
,22,70,76,257886,Right,83,85,79,59,71,58,58,65,66,10,14,9,3,3,,,,A. Pyrka,RB RM LM,RB,A. Pyrka,FC St. Pauli,2029,177.0,70.0,2400000.0,12000.0,22.34,34285.71
,22,70,77,261766,Right,74,79,69,76,10,62,69,22,15,15,14,10,3,3,,,,A. Hountondji,ST RM LM RW,ST,A. Hountondji,"FC St. Pauli Jun 30, 2026 On loan",,190.0,86.0,3300000.0,29000.0,23.82,47142.86
,23,70,75,276610,Left,70,82,88,78,64,58,62,63,60,13,11,10,3,2,,,,L. Oppie,LB LM CM,LB,L. Oppie,FC St. Pauli,2030,184.0,81.0,2200000.0,12000.0,23.92,31428.57
,20,70,77,76922,Left,69,66,68,53,70,60,67,70,67,11,12,7,2,2,,,,H. Behrens,LB LM,LB,H. Behrens,"1. FC Heidenheim 1846 Jun 30, 2026 On loan",,175.0,70.0,3000000.0,13000.0,22.86,42857.14
,21,70,81,277887,Left,75,75,59,67,68,60,68,70,68,14,11,6,3,2,,,,M. Finkgräfe,LB LM,LB,M. Finkgrafe,RB Leipzig,2030,183.0,77.0,3400000.0,18000.0,22.99,48571.43
,18,70,85,278061,Right,81,89,55,54,30,69,70,35,34,15,14,10,3,4,,,,T. Gomis,LM RM ST LW,LM,T. Gomis,RB Leipzig,2030,183.0,71.0,3700000.0,17000.0,21.2,52857.14
,21,70,78,74574,Left,74,68,62,65,65,61,67,72,68,12,7,15,3,3,,,,L. Bernasconi,LM LB,LM,L. Bernasconi,Atalanta,2028,190.0,72.0,3600000.0,23000.0,19.94,51428.57
,22,70,78,79270,Right,82,83,69,58,33,67,63,39,35,6,8,11,4,3,,,,Alisson,LW RW CAM LM,LW,Alisson,"Napoli Jun 30, 2026 On loan",,177.0,70.0,3600000.0,10000.0,22.34,51428.57
,18,70,86,76410,Right,82,85,64,71,28,54,69,29,23,9,14,10,3,3,,,,R. Vaz,ST,ST,R. Vaz,Roma,2030,185.0,74.0,4099999.9999999995,19000.0,21.62,58571.43
,32,70,70,235740,Right,31,33,30,58,12,40,55,13,12,68,67,73,3,1,,,,A. Paleari,GK,GK,A. Paleari,Torino,2028,193.0,88.0,800000.0,13000.0,23.62,11428.57
,25,70,73,236413,Right,79,78,73,78,24,60,61,47,48,8,6,14,4,2,,,,S. Kulenović,ST,ST,S. Kulenovic,Torino,2029,191.0,83.0,2100000.0,21000.0,22.75,30000.0
,26,70,73,241007,Left,55,56,66,75,72,45,52,72,71,13,7,12,3,2,,,,E. Ebosse,CB,CB,E. Ebosse,"Torino Jun 30, 2026 On loan",,185.0,74.0,1800000.0,11000.0,21.62,25714.29
,21,70,79,273932,Left,53,53,64,66,60,70,65,64,60,12,9,10,3,2,,,,G. Gineitis,CM CAM,CM,G. Gineitis,Torino,2029,191.0,75.0,3600000.0,15000.0,20.56,51428.57
,18,70,84,275522,Right,72,75,76,65,66,70,72,66,62,6,6,13,4,2,,,,L. Miller,CM CDM CAM,CM,L. Miller,Udinese,2030,182.0,72.0,3700000.0,7000.0,21.74,52857.14
,23,70,74,276314,Right,79,83,60,62,63,64,68,70,67,11,8,12,3,3,,,,R. Belghali,RB RM,RB,R. Belghali,Hellas Verona FC,2029,186.0,73.0,2100000.0,7000.0,21.1,30000.0
,25,70,75,235266,Left,25,23,19,63,11,44,22,10,13,73,68,66,2,1,,,,C. Früchtl,GK,GK,C. Fruchtl,Lecce,2027,193.0,88.0,1900000.0,5000.0,23.62,27142.86
,29,70,70,243787,Right,62,47,85,66,70,59,64,70,65,8,15,15,3,2,,,,Y. Ramadani,CDM CM,CDM,Y. Ramadani,Lecce,2028,185.0,72.0,1400000.0,8000.0,21.04,20000.0
,24,70,73,253139,Right,69,69,66,74,58,65,77,64,60,14,6,11,3,3,,,,S. Pierotti,RM RW RB,RM,S. Pierotti,Lecce,2027,189.0,83.0,2200000.0,7000.0,23.24,31428.57
,23,70,78,259299,Right,69,72,72,89,64,40,55,72,67,11,11,9,3,2,,,,J. Siebert,CB,CB,J. Siebert,Lecce,2027,193.0,86.0,3300000.0,7000.0,23.09,47142.86
,24,70,73,271197,Right,88,88,59,35,25,55,65,35,28,8,14,14,4,3,,,,L. Banda,LM RM RW LW,LM,L. Banda,Lecce,2030,162.0,69.0,2200000.0,7000.0,26.29,31428.57
,23,70,76,273915,Right,44,65,66,79,21,54,66,28,19,8,14,8,3,2,,,,N. Štulić,ST,ST,N. Stulic,Lecce,2029,188.0,80.0,2500000.0,7000.0,22.63,35714.29
,19,70,84,279239,Left,90,79,66,62,30,60,62,37,30,12,12,12,2,4,,,,J. Addai,RM RW,RM,J. Addai,Como,2030,177.0,74.0,3800000.0,28000.0,23.62,54285.71
,29,70,70,229743,Right,53,53,83,76,73,65,65,72,68,13,10,12,3,2,,,,A. Deiola,CM CDM,CM,A. Deiola,Cagliari,2029,188.0,83.0,1600000.0,8000.0,23.48,22857.14
,33,70,70,202886,Right,34,33,34,69,27,49,39,12,12,69,68,72,3,1,,,,B. Siegrist,GK,GK,B. Siegrist,"Genoa Jun 30, 2026 On loan",,196.0,85.0,525000.0,3000.0,22.13,7500.0
,31,70,70,239795,Right,77,81,64,76,29,66,65,22,19,8,13,11,3,3,,,,C. Ekuban,ST,ST,C. Ekuban,Genoa,2028,182.0,80.0,1300000.0,16000.0,24.15,18571.43
,22,70,75,276477,Right,60,70,62,79,71,38,55,69,68,6,9,7,3,2,,,,A. Marcandalli,CB,CB,A. Marcandalli,Genoa,2029,190.0,81.0,2200000.0,11000.0,22.44,31428.57
,27,70,70,240660,Right,70,71,75,74,60,73,69,60,60,9,6,10,3,3,,,,M. Léris,RM LM LB RW,RM,M. Leris,Pisa,2027,186.0,78.0,1700000.0,7000.0,22.55,24285.71
,35,70,70,192840,Right,32,34,62,92,30,50,79,24,20,7,5,10,4,2,,,,M. Đurić,ST,ST,M. Đuric,Cremonese,2028,198.0,95.0,675000.0,7000.0,24.23,9642.86
,30,70,70,220475,Right,62,37,75,56,70,69,66,69,64,12,6,8,3,2,,,,A. Grassi,CM CDM,CM,A. Grassi,Cremonese,2027,183.0,75.0,1500000.0,8000.0,22.4,21428.57
,28,70,70,226108,Right,44,44,53,71,73,36,63,75,72,12,12,7,3,2,,,,F. Romagna,CB,CB,F. Romagna,Sassuolo,2030,186.0,75.0,1400000.0,12000.0,21.68,20000.0
,21,70,78,265761,Left,70,75,66,63,36,71,64,36,42,11,8,13,3,3,,,,C. Volpato,RW RM CAM,RW,C. Volpato,Sassuolo,2028,187.0,78.0,3600000.0,10000.0,22.31,51428.57
,23,70,77,278408,Right,56,60,62,77,68,38,55,73,70,12,6,9,3,2,,,,Egiluz,CB,CB,Egiluz,Athletic Club,2028,186.0,79.0,3000000.0,18000.0,22.84,42857.14
,19,70,83,76739,Left,79,79,59,68,44,69,64,29,32,13,15,6,3,3,,,,Pablo García,RW RM LM,RW,Pablo Garcia,Real Betis Balompié,2029,175.0,67.0,3800000.0,12000.0,21.88,54285.71
,20,70,81,76740,Right,80,81,72,59,67,67,67,67,65,6,7,6,3,2,,,,Ángel Ortiz,RB RM,RB,Angel Ortiz,Real Betis Balompié,2029,167.0,60.0,3300000.0,11000.0,21.51,47142.86
,24,70,75,80666,Right,54,65,54,74,71,54,63,72,66,13,9,15,3,2,,,,Manu Fernández,CB,CB,Manu Fernandez,RC Celta,2028,185.0,83.0,2200000.0,13000.0,24.25,31428.57
,19,70,81,270860,Right,85,86,63,55,20,69,65,37,23,9,15,9,2,3,,,,J. El-Abdellaoui,RW RM LM,RW,J. El-Abdellaoui,RC Celta,2029,184.0,72.0,3400000.0,12000.0,21.27,48571.43
,28,70,70,233884,Right,65,62,82,79,70,70,68,70,66,10,7,13,3,3,,,,C. Pickel,CM CAM CDM,CM,C. Pickel,RCD Espanyol,2028,187.0,76.0,1600000.0,13000.0,21.73,22857.14
,27,70,72,243431,Right,37,44,54,83,70,44,57,69,68,7,13,6,3,2,,,,Miguel Rubio,CB,CB,Miguel Rubio,RCD Espanyol,2028,191.0,86.0,1700000.0,12000.0,23.57,24285.71
,22,70,79,76768,Right,87,88,81,65,65,63,61,66,64,6,9,15,3,3,,,,Ángel Pérez,RM RB LM RW,RM,Angel Perez,Deportivo Alavés,2030,183.0,76.0,3600000.0,14000.0,22.69,51428.57
,19,70,81,278003,Left,81,81,68,49,66,61,68,67,66,9,8,11,3,2,,,,Yusi,LB LM,LB,Yusi,Deportivo Alavés,2029,170.0,62.0,3300000.0,11000.0,21.45,47142.86
,23,70,74,279109,Left,74,79,72,75,69,63,63,71,69,14,10,12,3,3,,,,Víctor Parada,LB CB RB LM,LB,Victor Parada,Deportivo Alavés,2029,185.0,76.0,2100000.0,13000.0,22.21,30000.0
,27,70,70,231436,Left,86,78,63,64,32,71,54,35,28,9,13,5,3,4,,,,G. Diangana,CAM RM CM,CAM,G. Diangana,Elche CF,2027,180.0,73.0,1700000.0,14000.0,22.53,24285.71
,22,70,79,269250,Right,84,87,55,51,22,67,64,26,24,6,14,7,3,3,,,,Yago Santiago,LW LM RM,LW,Yago Santiago,Elche CF,2030,178.0,74.0,3600000.0,13000.0,23.36,51428.57
,22,70,77,269622,Right,65,78,79,75,67,69,75,69,66,10,14,10,3,2,,,,F. Redondo,CM CDM,CM,F. Redondo,Elche CF,2030,188.0,78.0,3200000.0,12000.0,22.07,45714.29
,37,70,70,173030,Right,53,55,54,65,68,74,73,71,68,14,14,16,4,3,,,,Ó. Trejo,CAM ST CM,CAM,O. Trejo,Rayo Vallecano,2030,180.0,79.0,525000.0,11000.0,24.38,7500.0
,27,70,70,251756,Left,65,75,78,88,63,70,65,55,56,5,6,11,3,3,,,,R. Nteka,ST CAM CM,ST,R. Nteka,Rayo Vallecano,2028,189.0,75.0,1700000.0,15000.0,21.0,24285.71
,23,70,77,265396,Right,74,78,67,69,44,68,62,40,32,14,9,14,4,3,,,,Carlos Martín,ST LM CAM,ST,Carlos Martin,"Rayo Vallecano Jun 30, 2026 On loan",,181.0,73.0,3200000.0,29000.0,22.28,45714.29
,20,70,80,274082,Left,62,65,66,74,69,52,57,70,72,7,12,11,3,2,,,,A. Matturro,CB LB CDM,CB,A. Matturro,"Levante UD Jun 30, 2026 On loan",,189.0,77.0,3300000.0,10000.0,21.56,47142.86
,37,70,70,194730,Right,58,61,42,71,21,39,53,20,21,69,71,70,3,1,,,,Juan Carlos,GK,GK,Juan Carlos,Girona FC,2029,186.0,85.0,180000.0,7000.0,24.57,2571.43
,27,70,72,251136,Right,45,40,37,55,15,45,42,14,13,70,69,71,2,1,,,,H. Moldovan,GK,GK,H. Moldovan,"Real Oviedo Jun 30, 2026 On loan",,186.0,72.0,1500000.0,18000.0,20.81,21428.57
,27,70,72,253114,Right,61,65,78,76,71,66,52,70,68,14,10,6,4,2,,,,K. Sibo,CDM CM,CDM,K. Sibo,Real Oviedo,2029,182.0,72.0,1700000.0,17000.0,21.74,24285.71
,23,70,76,255786,Right,76,81,75,65,19,46,57,24,22,12,11,8,3,2,,,,T. Borbas,ST RW RM,ST,T. Borbas,Real Oviedo,2029,185.0,79.0,2500000.0,17000.0,23.08,35714.29
,24,70,75,269643,Right,70,70,73,62,30,53,66,33,30,8,10,12,3,3,,,,Alex Forés,ST,ST,Alex Fores,"Real Oviedo Jun 30, 2026 On loan",,179.0,67.0,2400000.0,19000.0,20.91,34285.71
,18,69,82,70824,Right,51,54,65,70,70,34,65,72,70,10,9,6,4,2,,,,G. Leoni,CB,CB,G. Leoni,Liverpool,2031,196.0,84.0,3000000.0,24000.0,21.87,43478.26
,21,69,80,269096,Right,35,34,28,62,12,40,40,13,10,71,67,64,2,1,,,,M. Weiß,GK,GK,M. Weiß,Burnley,2029,190.0,84.0,2700000.0,9000.0,23.27,39130.43
,23,69,77,264133,Right,20,20,35,50,12,60,32,10,11,68,66,68,3,1,,,,H. Valdimarsson,GK,GK,H. Valdimarsson,Brentford,2030,195.0,89.0,2700000.0,15000.0,23.41,39130.43
,27,69,70,230144,Left,64,51,70,60,67,69,62,70,67,9,11,11,3,3,,,,A. Dioussé,CDM CM CB,CDM,A. Diousse,AJ Auxerre,2028,175.0,68.0,1400000.0,12000.0,22.2,20289.86
,18,69,80,77056,Right,52,67,52,82,68,48,58,71,63,6,12,14,3,2,,,,N. Čelik,CB,CB,N. Celik,RC Lens,2029,192.0,80.0,2700000.0,8000.0,21.7,39130.43
,38,69,69,176994,Right,39,46,32,68,13,28,59,12,13,65,66,71,2,1,,,,R. Gurtner,GK,GK,R. Gurtner,RC Lens,2028,182.0,82.0,150000.0,5000.0,24.76,2173.91
,20,69,79,268738,Left,78,72,81,44,52,67,63,50,51,7,13,8,3,3,,,,M. Broholm,RM RW,RM,M. Broholm,Lille OSC,2030,176.0,69.0,3100000.0,10000.0,22.28,44927.54
,19,69,83,71170,Right,69,67,73,62,64,70,72,61,53,9,12,6,3,3,,,,N. Nartey,CM ST CAM,CM,N. Nartey,Olympique Lyonnais,2030,180.0,74.0,3300000.0,7000.0,22.84,47826.09
,33,69,69,204472,Right,68,62,53,61,67,69,68,65,67,9,15,8,3,3,,,,B. Sarr,RB RM,RB,B. Sarr,FC Metz,2029,178.0,71.0,725000.0,8000.0,22.41,10507.25
,17,69,83,80570,Left,65,73,65,84,64,48,68,75,70,5,11,10,2,2,,,,T. Tati,CB,CB,T. Tati,FC Nantes,2030,192.0,83.0,3000000.0,5000.0,22.52,43478.26
,17,69,83,78549,Right,76,77,62,52,41,61,62,42,37,6,11,8,3,3,,,,Q. Ndjantou,LW ST CM LM,LW,Q. Ndjantou,Paris Saint-Germain,2028,182.0,75.0,3200000.0,19000.0,22.64,46376.81
,20,69,81,79607,Left,62,59,67,72,66,68,61,68,65,11,7,6,3,2,,,,Rafael Luís,CDM CM,CDM,Rafael Luis,"RC Strasbourg Alsace Jun 30, 2026 On loan",,188.0,83.0,3200000.0,7000.0,23.48,46376.81
,35,69,69,190120,Right,40,41,28,64,16,45,41,18,16,68,67,70,2,1,,,,K. Johnsson,GK,GK,K. Johnsson,RC Strasbourg Alsace,2028,188.0,84.0,150000.0,9000.0,23.77,2173.91
,22,69,78,271075,Right,75,79,63,76,65,38,61,72,65,13,7,10,3,2,,,,N. Adjei,CB,CB,N. Adjei,FC Lorient,2028,191.0,77.0,2900000.0,8000.0,21.11,42028.99
,20,69,81,277969,Left,75,77,65,74,70,57,59,71,68,9,14,12,3,2,,,,A. Faye,CB,CB,A. Faye,"FC Lorient Jun 30, 2026 On loan",,191.0,70.0,3200000.0,21000.0,19.19,46376.81
,17,69,79,78295,Right,69,67,55,80,22,58,59,37,27,13,10,5,3,3,,,,P. Peter,ST,ST,P. Peter,Angers SCO,2028,188.0,75.0,2900000.0,5000.0,21.22,42028.99
,21,69,79,257271,Right,78,73,71,73,68,64,69,69,65,8,6,13,3,2,,,,L. Gourna-Douath,CDM CM,CDM,L. Gourna-Douath,"Le Havre AC Jun 30, 2026 On loan",,185.0,81.0,3000000.0,7000.0,23.67,43478.26
,33,69,69,190034,Left,55,54,61,76,68,62,65,69,66,14,6,16,2,2,,,,T. Kolodziejczak,CB,CB,T. Kolodziejczak,Paris FC,2028,183.0,75.0,675000.0,22000.0,22.4,9782.61
,20,69,79,264763,Left,64,69,55,73,71,35,63,73,68,11,14,9,2,2,,,,F. Chiarodia,CB,CB,F. Chiarodia,Borussia Mönchengladbach,2027,186.0,78.0,2900000.0,10000.0,22.55,42028.99
,31,69,69,216497,Right,71,56,53,64,39,69,68,48,34,8,12,10,4,3,,,,M. Philipp,ST CAM,ST,M. Philipp,SC Freiburg,2030,183.0,84.0,1200000.0,16000.0,25.08,17391.3
,31,69,69,229692,Right,59,60,32,63,25,51,41,14,11,71,64,67,4,1,,,,J. Huth,GK,GK,J. Huth,SC Freiburg,2030,185.0,86.0,750000.0,9000.0,25.13,10869.57
,19,69,78,279045,Right,64,71,58,70,68,49,59,73,72,11,10,8,3,2,,,,B. Ogbus,CB RB,CB,B. Ogbus,SC Freiburg,2030,185.0,86.0,2800000.0,9000.0,25.13,40579.71
,27,69,69,234640,Right,83,75,75,77,39,70,68,58,38,6,11,9,3,3,,,,B. Jatta,RW RM RB,RW,B. Jatta,Hamburger SV,2029,184.0,79.0,1500000.0,13000.0,23.33,21739.13
,21,69,80,262045,Right,77,78,69,53,60,59,60,68,68,14,9,11,2,2,,,,W. Mikelbrencis,RB RM,RB,W. Mikelbrencis,Hamburger SV,2029,182.0,64.0,3000000.0,9000.0,19.32,43478.26
,29,69,69,229584,Right,51,54,69,67,71,69,67,71,70,13,11,11,3,2,,,,P. Stenzel,RB CB CM,RB,P. Stenzel,VfB Stuttgart,2030,183.0,78.0,1200000.0,18000.0,23.29,17391.3
,24,69,76,261182,Right,68,74,72,75,72,50,64,67,71,13,13,11,2,2,,,,J. Malatini,CB RB RM,CB,J. Malatini,SV Werder Bremen,2028,191.0,84.0,2600000.0,11000.0,23.03,37681.16
,22,69,76,267862,Right,77,87,66,66,63,62,53,67,64,14,7,14,3,2,,,,N. Veratschnig,RB RM RW,RB,N. Veratschnig,1. FSV Mainz 05,2028,180.0,75.0,2700000.0,11000.0,23.15,39130.43
,19,69,81,279542,Right,58,64,52,67,20,52,62,33,21,8,12,9,3,3,,,,M. Moerstedt,ST,ST,M. Moerstedt,TSG 1899 Hoffenheim,2027,194.0,77.0,3300000.0,13000.0,20.46,47826.09
,29,69,69,211362,Right,66,69,70,75,70,46,58,72,69,8,6,14,3,2,,,,A. Dźwigała,CB RB,CB,A. Dzwigała,FC St. Pauli,2029,185.0,80.0,1200000.0,13000.0,23.37,17391.3
,27,69,69,237884,Left,73,76,77,68,66,58,63,63,66,13,12,11,3,2,,,,L. Ritzka,LB CB LM CM,LB,L. Ritzka,FC St. Pauli,2028,185.0,80.0,1300000.0,12000.0,23.37,18840.58
,25,69,71,240648,Left,75,69,78,75,67,68,69,62,58,6,14,12,4,3,,,,C. Metcalfe,CM RM CAM,CM,C. Metcalfe,FC St. Pauli,2028,183.0,70.0,1700000.0,12000.0,20.9,24637.68
,31,69,69,239078,Right,64,61,65,77,20,40,70,23,23,7,6,9,3,2,,,,S. Schimmer,ST,ST,S. Schimmer,1. FC Heidenheim 1846,2028,185.0,87.0,1200000.0,17000.0,25.42,17391.3
,28,69,69,251002,Right,94,96,72,60,33,55,60,37,37,9,7,8,2,3,,,,S. Conteh,ST RM RW CAM,ST,S. Conteh,1. FC Heidenheim 1846,2027,178.0,78.0,1400000.0,17000.0,24.62,20289.86
,23,69,76,260369,Right,69,60,79,69,68,66,66,67,65,13,13,9,3,3,,,,L. Kerber,CDM CM,CDM,L. Kerber,1. FC Heidenheim 1846,2027,180.0,77.0,2600000.0,13000.0,23.77,37681.16
,21,69,77,266641,Right,29,32,26,41,10,40,47,14,13,74,70,73,3,1,,,,F. Feller,GK,GK,F. Feller,1. FC Heidenheim 1846,2029,183.0,76.0,2700000.0,5000.0,22.69,39130.43
,31,69,69,222546,Right,38,47,34,54,11,40,47,9,10,70,66,68,3,1,,,,L. Zingerle,GK,GK,L. Zingerle,RB Leipzig,2028,182.0,76.0,750000.0,15000.0,22.94,10869.57
,19,69,79,75085,Right,66,67,43,55,40,66,65,33,39,7,7,13,3,3,,,,V. Adžić,CAM CM,CAM,V. Adzic,Juventus,2027,185.0,75.0,3000000.0,31000.0,21.91,43478.26
,35,69,69,189342,Left,43,41,34,60,18,35,63,12,13,70,70,69,2,1,,,,C. Pinsoglio,GK,GK,C. Pinsoglio,Juventus,2028,194.0,85.0,150000.0,17000.0,22.58,2173.91
,22,69,76,266123,Left,65,67,72,80,71,44,62,68,64,13,11,6,2,2,,,,O. Provstgaard,CB,CB,O. Provstgaard,Lazio,2029,192.0,86.0,2600000.0,13000.0,23.33,37681.16
,21,69,79,80283,Left,67,65,52,63,21,69,70,22,21,5,10,8,2,4,,,,Giovane,ST RW RM CAM,ST,Giovane,Napoli,2030,184.0,84.0,3200000.0,30000.0,24.81,46376.81
,26,69,70,246164,Left,68,70,77,74,70,47,55,69,70,6,8,6,4,2,,,,L. Valenti,CB,CB,L. Valenti,Parma,2027,188.0,80.0,1400000.0,10000.0,22.63,20289.86
,23,69,75,263229,Left,55,55,67,84,21,48,59,27,33,8,7,14,4,2,,,,M. Pellegrino,ST,ST,M. Pellegrino,Parma,2029,192.0,89.0,2200000.0,10000.0,24.14,31884.06
,20,69,79,276680,Right,63,64,66,69,68,31,51,71,71,10,8,15,2,2,,,,J. Ziółkowski,CB,CB,J. Ziołkowski,Roma,2030,194.0,76.0,2900000.0,16000.0,20.19,42028.99
,21,69,77,258507,Left,80,82,71,62,64,57,58,67,68,5,9,12,2,3,,,,Obrador,LB LM,LB,Obrador,"Torino Jun 30, 2026 On loan",,181.0,72.0,3000000.0,7000.0,21.98,43478.26
,18,69,79,76411,Right,63,70,60,72,19,54,64,23,15,12,7,15,3,3,,,,I. Gueye,ST,ST,I. Gueye,"Udinese Jun 30, 2026 On loan",,185.0,66.0,3000000.0,6000.0,19.28,43478.26
,28,69,69,246832,Right,76,76,65,82,21,48,63,19,25,13,10,12,3,3,,,,V. Bayo,ST,ST,V. Bayo,Udinese,2028,184.0,72.0,1400000.0,11000.0,21.27,20289.86
,19,69,82,273628,Right,68,70,60,67,69,34,60,69,67,14,10,7,3,2,,,,T. Slotsager,CB,CB,T. Slotsager,Hellas Verona FC,2029,190.0,79.0,3100000.0,5000.0,21.88,44927.54
,20,69,77,70555,Right,61,65,65,84,67,44,60,72,66,14,14,9,2,2,,,,Tiago Gabriel,CB,CB,Tiago Gabriel,Lecce,2027,195.0,85.0,2900000.0,5000.0,22.35,42028.99
,25,69,74,270888,Left,56,54,76,72,69,27,62,71,68,6,10,10,3,2,,,,G. Jean,CB,CB,G. Jean,Lecce,2027,191.0,80.0,1800000.0,6000.0,21.93,26086.96
,21,69,78,271198,Right,60,45,57,57,70,69,57,66,60,11,15,6,4,2,,,,M. Berisha,CM CAM,CM,M. Berisha,Lecce,2028,186.0,71.0,3100000.0,5000.0,20.52,44927.54
,22,69,78,271539,Right,73,72,62,71,67,59,63,72,69,13,9,12,3,2,,,,Danilo Veiga,RB RM,RB,Danilo Veiga,Lecce,2027,183.0,83.0,3000000.0,6000.0,24.78,43478.26
,19,69,77,71730,Left,75,69,64,41,44,58,52,32,27,10,10,15,2,3,,,,A. Albarracín,LW RW CAM LM,LW,A. Albarracin,Cagliari,2030,178.0,68.0,3000000.0,5000.0,21.46,43478.26
,20,69,76,73095,Left,81,82,72,66,66,55,59,65,62,11,5,10,2,2,,,,R. Idrissi,LB LM,LB,R. Idrissi,Cagliari,2030,182.0,69.0,2600000.0,5000.0,20.83,37681.16
,25,69,71,252942,Right,52,64,66,85,24,48,61,25,19,12,14,7,2,2,,,,G. Borrelli,ST,ST,G. Borrelli,Cagliari,2029,194.0,90.0,1800000.0,7000.0,23.91,26086.96
,30,69,69,219584,Right,46,50,32,66,18,35,66,19,14,70,67,70,2,1,,,,L. Lezzerini,GK,GK,L. Lezzerini,Fiorentina,2030,195.0,86.0,925000.0,14000.0,22.62,13405.8
,21,69,76,277309,Right,70,74,60,82,33,61,64,26,20,8,13,6,3,2,,,,H. Meister,ST,ST,H. Meister,Pisa,2028,193.0,83.0,2900000.0,5000.0,22.28,42028.99
,22,69,77,74071,Right,68,78,78,74,64,58,54,66,64,12,6,11,3,3,,,,R. Floriani Mussolini,RM RB,RM,R. Floriani Mussolini,"Cremonese Jun 30, 2026 On loan",,188.0,72.0,3100000.0,13000.0,20.37,44927.54
,21,69,79,81732,Right,72,78,63,78,66,48,68,68,68,10,10,12,3,2,,,,Pedro Felipe,CB,CB,Pedro Felipe,"Sassuolo Jun 30, 2026 On loan",,190.0,85.0,2900000.0,30000.0,23.55,42028.99
,20,69,77,274702,Right,55,54,68,53,65,68,63,69,67,6,12,10,3,2,,,,L. Lipani,CM CDM,CM,L. Lipani,Sassuolo,2028,185.0,65.0,3000000.0,8000.0,18.99,43478.26
,21,69,79,271034,Right,37,29,22,62,8,34,27,15,10,71,68,68,3,1,,,,Álex Padilla,GK,GK,Alex Padilla,Athletic Club,2029,190.0,83.0,2700000.0,7000.0,22.99,39130.43
,22,69,76,264110,Right,80,78,78,47,32,66,56,34,32,15,10,9,4,3,,,,Javi Llabrés,LW LM RM,LW,Javi Llabres,RCD Mallorca,2029,174.0,67.0,2800000.0,14000.0,22.13,40579.71
,22,69,78,278392,Right,51,65,77,80,67,30,56,67,68,6,11,9,2,2,,,,David López,CB,CB,David Lopez,RCD Mallorca,2027,195.0,87.0,2900000.0,13000.0,22.88,42028.99
,20,69,80,74913,Right,76,70,59,67,21,65,69,21,25,9,13,9,4,4,,,,Wesley,LW LM RM,LW,Wesley,"Real Sociedad Jun 30, 2026 On loan",,180.0,70.0,3100000.0,15000.0,21.6,44927.54
,24,69,76,260083,Right,50,53,57,68,70,59,59,71,72,14,6,10,3,2,,,,John Donald,CB CDM CM,CB,John Donald,Elche CF,2028,182.0,78.0,2600000.0,10000.0,23.55,37681.16
,25,69,71,241055,Left,77,78,77,58,64,64,57,64,65,12,12,12,3,2,,,,Diego Pampín,LB CM,LB,Diego Pampin,Levante UD,2028,173.0,65.0,1600000.0,13000.0,21.72,23188.41
,23,69,77,271532,Right,24,29,29,67,15,56,53,12,13,70,67,66,4,1,,,,Pablo Campos,GK,GK,Pablo Campos,Levante UD,2027,188.0,78.0,2700000.0,7000.0,22.07,39130.43
,26,69,73,73373,Right,42,30,39,81,12,35,43,14,18,70,68,69,2,1,,,,J. Letáček,GK,GK,J. Letacek,Getafe CF,2028,196.0,89.0,1500000.0,10000.0,23.17,21739.13
,30,69,69,229894,Right,74,73,78,63,66,64,59,65,66,14,7,10,3,3,,,,Lucas Ahijado,RB LB RM,RB,Lucas Ahijado,Real Oviedo,2030,174.0,67.0,1200000.0,16000.0,22.13,17391.3
,25,69,72,243834,Left,71,70,65,63,44,71,66,47,40,7,10,10,2,4,,,,L. Ilić,CAM CM RM,CAM,L. Ilic,Real Oviedo,2028,182.0,73.0,1800000.0,15000.0,22.04,26086.96
,18,68,85,85333,Right,78,77,58,53,24,64,68,28,21,11,10,6,4,4,,,,J. Derry,LM LW,LM,J. Derry,Chelsea,2029,182.0,75.0,3100000.0,26000.0,22.64,45588.24
,21,68,80,248158,Right,43,47,35,70,13,50,50,11,12,70,64,65,2,1,,,,G. Slonina,GK,GK,G. Slonina,Chelsea,2028,193.0,88.0,2600000.0,14000.0,23.62,38235.29
,20,68,79,278292,Right,63,65,65,62,62,66,66,64,59,10,14,10,3,2,,,,J. McConnell,CDM CM,CDM,J. McConnell,Liverpool,2030,180.0,65.0,2500000.0,24000.0,20.06,36764.71
,19,68,80,76250,Right,72,75,62,75,67,54,62,67,67,7,10,13,5,2,,,,M. Alleyne,CB,CB,M. Alleyne,Manchester City,2030,185.0,80.0,2700000.0,26000.0,23.37,39705.88
,38,68,68,163600,Right,34,37,32,70,22,39,53,11,11,65,68,67,3,1,,,,J. Ruddy,GK,GK,J. Ruddy,Newcastle United,2030,193.0,97.0,130000.0,16000.0,26.04,1911.76
,20,68,80,83236,Left,93,92,59,61,36,62,70,39,34,11,10,13,4,4,,,,J. Ta Bi,RM RW,RM,J. Ta Bi,Sunderland,2030,175.0,70.0,2900000.0,18000.0,22.86,42647.06
,19,68,83,73049,Right,77,75,59,54,68,63,67,65,66,8,13,11,2,3,,,,Pedro Lima,RB RM,RB,Pedro Lima,Wolverhampton Wanderers,2029,178.0,57.0,2700000.0,17000.0,17.99,39705.88
,34,68,68,202617,Right,56,52,27,66,28,51,65,23,23,67,67,68,3,1,,,,V. Hladký,GK,GK,V. Hladky,Burnley,2029,192.0,80.0,210000.0,16000.0,21.7,3088.24
,20,68,79,269796,Left,75,75,60,55,64,52,60,67,65,5,6,9,3,2,,,,J. Soler,LB LM,LB,J. Soler,AFC Bournemouth,2029,175.0,63.0,2500000.0,19000.0,20.57,36764.71
,23,68,74,259205,Right,74,61,64,58,64,72,62,67,59,13,9,5,3,2,,,,N. Ahamada,CM CAM CDM,CM,N. Ahamada,AJ Auxerre,2027,183.0,73.0,1900000.0,10000.0,21.8,27941.18
,22,68,77,260100,Left,80,80,69,63,63,60,62,65,63,9,8,6,4,3,,,,F. Oppegård,LB LM,LB,F. Oppegard,AJ Auxerre,2028,175.0,67.0,2600000.0,9000.0,21.88,38235.29
,24,68,74,263402,Right,25,18,27,64,11,30,40,11,14,71,65,65,3,1,,,,T. De Percin,GK,GK,T. De Percin,AJ Auxerre,2029,185.0,81.0,1500000.0,5000.0,23.67,22058.82
,22,68,76,263421,Right,91,89,63,60,21,61,66,36,44,8,15,9,3,3,,,,L. Coulibaly,RM RW,RM,L. Coulibaly,AJ Auxerre,2028,176.0,70.0,2700000.0,10000.0,22.6,39705.88
,22,68,77,268440,Right,86,79,69,48,64,41,63,66,68,14,8,8,3,2,,,,L. Sy,RB RM,RB,L. Sy,AJ Auxerre,2029,174.0,65.0,2600000.0,9000.0,21.47,38235.29
,20,68,78,70005,Right,75,74,81,49,44,65,69,56,45,6,9,7,3,3,,,,A. Bermont,LM LW,LM,A. Bermont,RC Lens,2029,176.0,63.0,2600000.0,9000.0,20.34,38235.29
,19,68,80,278207,Right,70,69,65,53,21,59,63,26,33,9,6,12,3,3,,,,N. Edjouma,RM CAM RW,RM,N. Edjouma,Lille OSC,2030,181.0,73.0,2900000.0,9000.0,22.28,42647.06
,20,68,79,80690,Right,57,61,69,60,64,68,66,67,65,9,11,9,3,2,,,,Mathys De Carvalho,CDM CM,CDM,Mathys De Carvalho,Olympique Lyonnais,2028,183.0,73.0,2500000.0,7000.0,21.8,36764.71
,17,68,82,83214,Right,74,75,60,61,26,55,61,38,35,8,14,12,3,3,,,,R. Himbert,ST RW LW RM,ST,R. Himbert,Olympique Lyonnais,2028,178.0,66.0,2800000.0,6000.0,20.83,41176.47
,22,68,76,77149,Left,63,64,59,72,68,42,56,72,69,11,12,11,2,2,,,,U. Mboula,CB,CB,U. Mboula,FC Metz,2028,185.0,78.0,2500000.0,6000.0,22.79,36764.71
,20,68,80,70893,Right,75,80,66,53,20,66,63,15,12,9,13,6,3,3,,,,S. Idumbo,LM LW,LM,S. Idumbo,AS Monaco,2030,171.0,61.0,2900000.0,10000.0,20.86,42647.06
,20,68,77,70477,Left,67,67,67,58,52,70,71,59,53,13,13,10,2,4,,,,D. Tabibou,CM RM RW CDM,CM,D. Tabibou,FC Nantes,2030,181.0,71.0,2600000.0,7000.0,21.67,38235.29
,23,68,75,263469,Right,57,65,68,73,67,59,63,64,62,8,10,9,3,2,,,,M. Kaba,CDM CM,CDM,M. Kaba,"FC Nantes Jun 30, 2026 On loan",,185.0,78.0,2300000.0,5000.0,22.79,33823.53
,20,68,80,279557,Left,75,78,62,51,63,51,58,68,67,15,13,8,2,2,,,,M. Nagida,LB RB LM,LB,M. Nagida,Stade Rennais FC,2029,176.0,74.0,2800000.0,8000.0,23.89,41176.47
,36,68,68,197641,Right,46,46,28,40,15,53,60,12,17,65,66,69,3,1,,,,B. Leroy,GK,GK,B. Leroy,FC Lorient,2029,184.0,75.0,130000.0,4000.0,22.15,1911.76
,20,68,78,279573,Right,69,63,69,59,65,39,49,71,63,11,7,9,3,2,,,,L. Zogbé,RB LB RM,RB,L. Zogbe,Stade Brestois 29,2029,178.0,70.0,2500000.0,8000.0,22.09,36764.71
,25,68,71,253074,Right,90,83,57,38,29,63,62,41,43,11,6,7,4,3,,,,G. Kyeremeh,RM LM ST RW,RM,G. Kyeremeh,Le Havre AC,2027,175.0,60.0,1600000.0,7000.0,19.59,23529.41
,20,68,79,271252,Right,70,68,66,64,69,69,63,69,58,9,6,10,3,2,,,,S. Ebonog,CM CDM,CM,S. Ebonog,Le Havre AC,2027,180.0,70.0,2600000.0,6000.0,21.6,38235.29
,21,68,78,79390,Right,74,70,81,57,51,69,64,58,48,8,14,14,3,3,,,,M. Sauer,CM CAM CDM,CM,M. Sauer,Toulouse FC,2028,180.0,73.0,2700000.0,8000.0,22.53,39705.88
,24,68,73,251845,Right,72,72,66,71,66,69,68,68,67,10,12,13,3,3,,,,A. Francis,CM CDM,CM,A. Francis,Toulouse FC,2029,184.0,72.0,1800000.0,10000.0,21.27,26470.59
,22,68,76,269923,Right,75,77,60,78,22,54,63,13,17,13,10,12,4,2,,,,J. Russell-Rowe,ST CAM,ST,J. Russell-Rowe,Toulouse FC,2030,183.0,73.0,2700000.0,11000.0,21.8,39705.88
,25,68,71,272599,Left,78,80,69,66,59,56,60,68,64,6,12,14,2,2,,,,T. Ollila,LB LM,LB,T. Ollila,Paris FC,2027,174.0,68.0,1500000.0,18000.0,22.46,22058.82
,24,68,73,246666,Left,72,66,52,54,67,53,70,68,67,12,13,10,2,3,,,,N. Katterbach,LB RM LM,LB,N. Katterbach,Hamburger SV,2027,180.0,73.0,1700000.0,10000.0,22.53,25000.0
,19,68,79,75577,Right,66,67,61,73,67,49,67,69,68,14,10,6,3,2,,,,J. Simpson-Pusey,CB,CB,J. Simpson-Pusey,"1. FC Köln Jun 30, 2026 On loan",,187.0,79.0,2400000.0,26000.0,22.59,35294.12
,25,68,69,248878,Right,45,55,34,79,67,52,67,70,69,10,8,9,3,2,,,,L. Kilian,CB,CB,L. Kilian,1. FC Köln,2029,192.0,91.0,1300000.0,10000.0,24.69,19117.65
,21,68,79,265749,Right,55,64,56,88,23,48,54,30,20,14,7,12,4,2,,,,K. Topp,ST CAM,ST,K. Topp,SV Werder Bremen,2028,192.0,94.0,2700000.0,10000.0,25.5,39705.88
,17,68,83,81427,Right,54,65,61,79,71,32,48,68,62,6,8,12,3,2,,,,K. Potulski,CB,CB,K. Potulski,1. FSV Mainz 05,2028,195.0,85.0,2600000.0,6000.0,22.35,38235.29
,20,68,82,74879,Right,85,84,51,58,13,54,63,14,19,8,7,11,4,2,,,,K. Shiogai,ST,ST,K. Shiogai,VfL Wolfsburg,2030,180.0,77.0,2900000.0,16000.0,23.77,42647.06
,22,68,77,266467,Right,65,65,62,79,62,45,57,70,74,13,10,7,3,2,,,,J. Seelt,CB RB CDM,CB,J. Seelt,"VfL Wolfsburg Jun 30, 2026 On loan",,195.0,83.0,2500000.0,20000.0,21.83,36764.71
,24,68,72,257638,Right,24,29,20,50,10,37,31,13,11,68,64,69,2,1,,,,L. Philipp,GK,GK,L. Philipp,TSG 1899 Hoffenheim,2029,192.0,83.0,1400000.0,7000.0,22.52,20588.24
,20,68,79,268837,Right,68,73,60,68,16,69,73,17,15,13,13,9,3,3,,,,Rodrigo Ribeiro,ST CAM LW,ST,Rodrigo Ribeiro,"FC Augsburg Jun 30, 2026 On loan",,185.0,72.0,2700000.0,7000.0,21.04,39705.88
,26,68,69,244089,Right,58,69,70,80,15,50,66,23,13,14,5,13,4,2,,,,T. Hara,ST RW LW,ST,T. Hara,FC St. Pauli,2028,190.0,84.0,1400000.0,12000.0,23.27,20588.24
,22,68,72,254482,Right,91,95,64,69,28,62,60,25,26,14,7,10,3,3,,,,R. Jones,ST LM LW,ST,R. Jones,FC St. Pauli,2029,183.0,70.0,1800000.0,11000.0,20.9,26470.59
,24,68,73,245264,Right,78,82,68,75,18,56,65,22,17,14,12,6,3,3,,,,M. Kaufmann,ST LM RM LW,ST,M. Kaufmann,1. FC Heidenheim 1846,2028,190.0,81.0,1800000.0,13000.0,22.44,26470.59
,25,68,69,248765,Right,94,91,73,52,19,54,64,31,27,5,14,15,3,3,,,,C. Conteh,RM ST CAM RW,RM,C. Conteh,1. FC Heidenheim 1846,2029,182.0,72.0,1400000.0,13000.0,21.74,20588.24
,18,68,83,83137,Right,84,73,60,62,34,63,64,21,23,11,11,11,4,4,,,,S. Sani,LW LM,LW,S. Sani,RB Leipzig,2031,175.0,78.0,2800000.0,15000.0,25.47,41176.47
,31,68,68,219715,Right,41,45,40,51,23,43,67,18,17,71,67,65,2,1,,,,R. Di Gennaro,GK,GK,R. Di Gennaro,Inter,2030,186.0,80.0,650000.0,9000.0,23.12,9558.82
,21,68,78,275978,Right,61,73,66,74,15,58,52,30,32,14,7,14,3,2,,,,P. Ratkov,ST,ST,P. Ratkov,Lazio,2028,193.0,76.0,2700000.0,12000.0,20.4,39705.88
,24,68,71,271385,Right,25,26,24,54,6,39,25,17,13,68,64,65,1,1,,,,E. Corvi,GK,GK,E. Corvi,Parma,2027,185.0,70.0,1300000.0,5000.0,20.45,19117.65
,20,68,79,272687,Right,75,75,60,59,60,72,60,65,63,10,12,12,3,3,,,,B. Cremaschi,CM CAM RM,CM,B. Cremaschi,"Parma Jun 30, 2026 On loan",,180.0,75.0,2600000.0,3000.0,23.15,38235.29
,23,68,75,248474,Right,73,76,67,73,61,68,69,65,57,11,14,7,3,3,,,,T. Anjorin,CM CAM CDM,CM,T. Anjorin,"Torino Jun 30, 2026 On loan",,185.0,81.0,2400000.0,2000.0,23.67,35294.12
,20,68,79,278319,Right,51,42,62,61,69,29,61,71,68,14,8,14,3,2,,,,L. Marianucci,CB,CB,L. Marianucci,"Torino Jun 30, 2026 On loan",,186.0,75.0,2500000.0,23000.0,21.68,36764.71
,24,68,71,247668,Left,89,85,53,54,52,53,63,48,47,6,11,14,3,3,,,,K. N'Dri,RM RW ST,RM,K. N'Dri,Lecce,2027,174.0,73.0,1600000.0,5000.0,24.11,23529.41
,24,68,73,263657,Right,68,66,71,58,58,70,63,59,55,11,14,13,3,2,,,,Þ. Helgason,CM CAM,CM,Þ. Helgason,Lecce,2029,187.0,66.0,1800000.0,5000.0,18.87,26470.59
,24,68,72,276485,Right,67,68,71,51,63,64,66,69,70,5,10,8,2,2,,,,P. Masini,CDM CM,CDM,P. Masini,Genoa,2028,182.0,72.0,1600000.0,9000.0,21.74,23529.41
,29,68,68,229574,Right,34,63,68,77,69,56,67,69,68,6,8,12,3,2,,,,A. Calabresi,CB RB RM,CB,A. Calabresi,Pisa,2030,186.0,75.0,1000000.0,6000.0,21.68,14705.88
,26,68,69,252313,Right,76,74,88,61,64,68,60,68,66,13,5,13,3,2,,,,M. Marin,CM CDM,CM,M. Marin,Pisa,2029,180.0,75.0,1400000.0,6000.0,23.15,20588.24
,25,68,71,255562,Right,84,88,62,70,25,58,60,22,21,12,5,9,4,3,,,,F. Stojilković,ST,ST,F. Stojilkovic,Pisa,2029,186.0,80.0,1600000.0,6000.0,23.12,23529.41
,24,68,73,268790,Right,66,65,75,69,62,70,66,64,62,13,15,7,3,2,,,,G. Piccinini,CM CDM,CM,G. Piccinini,Pisa,2030,184.0,76.0,1800000.0,5000.0,22.45,26470.59
,20,68,82,277118,Left,72,77,66,79,63,44,58,70,63,11,5,9,3,2,,,,M. Faye,CB,CB,M. Faye,"Cremonese Jun 30, 2026 On loan",,183.0,81.0,2700000.0,8000.0,24.19,39705.88
,24,68,73,248787,Right,64,68,61,70,20,46,58,19,16,11,10,12,4,2,,,,L. Moro,ST,ST,L. Moro,Sassuolo,2027,189.0,79.0,1800000.0,10000.0,22.12,26470.59
,17,68,85,80807,Right,65,67,70,60,60,76,70,56,49,11,13,12,3,3,,,,Thiago Pitarch,CM CDM CAM,CM,Thiago Pitarch,Real Madrid,2027,179.0,66.0,3000000.0,29000.0,20.6,44117.65
,22,68,75,261375,Right,26,34,25,65,12,30,35,12,12,66,68,67,2,1,,,,L. Bergström,GK,GK,L. Bergstrom,RCD Mallorca,2027,205.0,82.0,2100000.0,7000.0,19.51,30882.35
,20,68,78,73316,Left,77,75,69,73,66,59,59,66,68,8,15,15,3,2,,,,J. Vertrouwd,CB LB LM,CB,J. Vertrouwd,Rayo Vallecano,2030,188.0,77.0,2500000.0,8000.0,21.79,36764.71
,17,68,81,72563,Right,78,75,64,38,27,64,60,37,33,11,9,8,3,4,,,,Paco Cortés,LW LM,LW,Paco Cortes,Levante UD,2028,178.0,66.0,2800000.0,8000.0,20.83,41176.47
,19,68,79,82834,Left,83,82,64,50,49,67,62,49,38,7,11,5,2,3,,,,Kareem Tunde,RW LM RM,RW,Kareem Tunde,Levante UD,2029,177.0,72.0,2600000.0,10000.0,22.98,38235.29
,21,68,76,270379,Left,87,85,70,61,35,63,64,37,30,14,9,13,3,3,,,,A. Kamara,RM RW LM,RM,A. Kamara,"Getafe CF Jun 30, 2026 On loan",,186.0,81.0,2700000.0,12000.0,23.41,39705.88
,25,68,69,257396,Right,75,73,64,50,34,65,61,42,38,11,7,13,3,3,,,,B. Domingues,LM RM CAM LW,LM,B. Domingues,Real Oviedo,2028,172.0,63.0,1400000.0,14000.0,21.3,20588.24
,39,67,67,163264,Right,44,40,20,63,24,48,59,15,13,68,66,68,3,1,,,,T. Heaton,GK,GK,T. Heaton,Manchester United,2030,188.0,85.0,110000.0,8000.0,24.05,1641.79
,26,67,71,236568,Right,36,49,18,54,11,34,45,12,12,69,65,65,2,1,,,,B. Austin,GK,GK,B. Austin,Tottenham Hotspur,2029,188.0,77.0,1100000.0,19000.0,21.79,16417.91
,22,67,75,259987,Right,39,44,27,44,8,33,39,12,11,67,65,67,1,1,,,,M. Ellborg,GK,GK,M. Ellborg,Sunderland,2030,191.0,84.0,2000000.0,10000.0,23.03,29850.75
,31,67,67,211398,Right,48,39,33,75,15,35,53,15,9,67,66,68,3,1,,,,M. Caillard,GK,GK,M. Caillard,Lille OSC,2029,192.0,88.0,550000.0,7000.0,23.87,8208.96
,19,67,81,73485,Left,65,69,67,61,68,60,59,70,71,10,11,14,3,2,,,,A. Touré,CDM CM,CDM,A. Toure,FC Metz,2028,180.0,68.0,2300000.0,4000.0,20.99,34328.36
,28,67,69,73929,Right,24,33,27,80,11,46,40,14,16,71,63,64,2,1,,,,P. Sy,GK,GK,P. Sy,FC Metz,2028,206.0,91.0,875000.0,4000.0,21.44,13059.7
,22,67,75,277979,Right,75,73,68,58,27,55,68,27,24,7,12,5,3,3,,,,G. Abuashvili,LM RM LW,LM,G. Abuashvili,FC Metz,2030,175.0,72.0,2300000.0,6000.0,23.51,34328.36
,19,67,77,78765,Left,66,68,58,65,13,66,67,46,41,9,9,6,3,3,,,,G. Bernardeau,CAM RM CM,CAM,G. Bernardeau,OGC Nice,2029,181.0,75.0,2200000.0,7000.0,22.89,32835.82
,19,67,77,83396,Left,75,71,56,39,24,62,70,33,22,6,6,7,2,4,,,,K. Boudache,RM ST RW,RM,K. Boudache,OGC Nice,2028,175.0,65.0,2200000.0,7000.0,21.22,32835.82
,18,67,78,81849,Left,79,69,64,44,38,61,57,36,22,7,7,8,2,3,,,,H. Djibirin,RM RW,RM,H. Djibirin,Angers SCO,2029,175.0,65.0,2100000.0,4000.0,21.22,31343.28
,18,67,81,277484,Right,57,56,72,66,67,50,56,71,68,12,8,6,3,2,,,,M. Courcoul,CDM CM CB,CDM,M. Courcoul,Angers SCO,2027,182.0,70.0,2200000.0,4000.0,21.13,32835.82
,24,67,72,247519,Right,86,86,53,54,24,58,66,22,26,14,5,10,4,3,,,,F. Mambimbi,ST LM RM CAM,ST,F. Mambimbi,Le Havre AC,2027,171.0,64.0,1600000.0,6000.0,21.89,23880.6
,37,67,67,168965,Right,45,53,32,75,28,42,48,13,12,66,66,68,1,1,,,,R. Riou,GK,GK,R. Riou,Paris FC,2026,191.0,81.0,110000.0,7000.0,22.2,1641.79
,33,67,67,211240,Right,73,67,54,48,33,65,67,51,48,16,14,11,2,3,,,,J. Lopez,LW CAM ST LM,LW,J. Lopez,Paris FC,2029,173.0,68.0,625000.0,19000.0,22.72,9328.36
,31,67,67,236621,Right,50,40,66,73,24,51,66,20,24,11,14,13,3,2,,,,P. Hamel,ST,ST,P. Hamel,Paris FC,2028,189.0,76.0,850000.0,19000.0,21.28,12686.57
,19,67,82,70904,Right,19,24,23,50,11,50,44,9,9,71,66,65,3,1,,,,T. Pereira Cardoso,GK,GK,T. Pereira Cardoso,Borussia Mönchengladbach,2028,190.0,87.0,2100000.0,3000.0,24.1,31343.28
,23,67,74,257273,Right,22,17,16,42,11,50,38,11,11,69,68,66,3,1,,,,J. Olschowsky,GK,GK,J. Olschowsky,Borussia Mönchengladbach,2027,184.0,83.0,1700000.0,5000.0,24.52,25373.13
,29,67,67,213134,Right,74,74,64,71,54,67,67,48,49,10,16,15,3,3,,,,L. Öztunalı,RW CM RM,RW,L. Oztunalı,Hamburger SV,2030,184.0,81.0,1000000.0,11000.0,23.92,14925.37
,17,67,84,75736,Right,69,71,55,58,65,57,60,73,71,7,12,5,3,3,,,,A. Tape,CB,CB,A. Tape,Bayer 04 Leverkusen,2030,180.0,79.0,2400000.0,11000.0,24.38,35820.9
,17,67,83,81844,Right,77,79,55,40,30,62,64,47,51,15,8,11,3,3,,,,M. Culbreath,RM CAM RW,RM,M. Culbreath,Bayer 04 Leverkusen,2030,172.0,65.0,2500000.0,12000.0,21.97,37313.43
,18,67,81,76111,Right,73,66,54,30,40,68,69,40,36,13,15,8,3,3,,,,P. Čović,CAM RM CM,CAM,P. Covic,SV Werder Bremen,2029,182.0,73.0,2400000.0,7000.0,22.04,35820.9
,34,67,67,211946,Right,48,40,45,75,21,25,23,17,19,66,65,69,2,1,,,,M. Kolke,GK,GK,M. Kolke,SV Werder Bremen,2029,187.0,91.0,170000.0,7000.0,26.02,2537.31
,23,67,74,263116,Right,32,33,22,65,14,34,39,13,13,70,65,67,3,1,,,,L. Rieß,GK,GK,L. Rieß,1. FSV Mainz 05,2027,192.0,90.0,1700000.0,5000.0,24.41,25373.13
,31,67,67,252456,Right,27,32,31,51,9,47,43,12,10,67,69,65,2,1,,,,C. Klaus,GK,GK,C. Klaus,1. FC Union Berlin,2029,189.0,86.0,550000.0,9000.0,24.08,8208.96
,19,67,80,70038,Left,68,69,62,75,25,51,62,30,22,8,12,13,3,3,,,,Y. Eduardo,ST,ST,Y. Eduardo,TSG 1899 Hoffenheim,2028,193.0,84.0,2400000.0,10000.0,22.55,35820.9
,19,67,82,73057,Left,87,90,57,36,27,56,61,21,29,6,12,14,3,4,,,,C. Campbell,RM RW,RM,C. Campbell,"TSG 1899 Hoffenheim Jun 30, 2026 On loan",,170.0,68.0,2400000.0,11000.0,23.53,35820.9
,18,67,79,279116,Right,72,82,59,60,39,54,61,44,39,10,15,9,4,3,,,,D. Zeitler,ST LW LM,ST,D. Zeitler,TSG 1899 Hoffenheim,2029,180.0,74.0,2400000.0,10000.0,22.84,35820.9
,24,67,72,251433,Right,24,25,22,67,9,32,59,13,11,68,64,66,3,1,,,,B. Voll,GK,GK,B. Voll,FC St. Pauli,2029,195.0,86.0,1200000.0,5000.0,22.62,17910.45
,18,67,82,77615,Left,77,81,66,66,60,58,62,60,58,7,6,10,3,3,,,,M. Cocchi,LB LM,LB,M. Cocchi,Inter,2028,179.0,74.0,2300000.0,7000.0,23.1,34328.36
,22,67,76,71000,Right,39,47,55,83,30,51,57,26,22,13,8,6,3,3,,,,L. Cerri,ST,ST,L. Cerri,Juventus,2027,198.0,88.0,2300000.0,33000.0,22.45,34328.36
,21,67,76,275163,Right,69,63,67,38,67,64,65,69,67,7,9,6,3,2,,,,R. Belahyane,CM CDM,CM,R. Belahyane,Lazio,2029,169.0,53.0,2300000.0,9000.0,18.56,34328.36
,20,67,74,277802,Right,18,22,24,70,15,40,30,12,14,65,65,65,2,1,,,,E. Motta,GK,GK,E. Motta,Lazio,2030,194.0,87.0,1700000.0,4000.0,23.12,25373.13
,29,67,68,220532,Right,47,49,21,58,19,30,44,14,15,68,66,64,1,1,,,,N. Contini,GK,GK,N. Contini,Napoli,2030,190.0,85.0,775000.0,19000.0,23.55,11567.16
,22,67,76,276706,Left,70,69,68,57,30,65,58,40,42,15,6,5,3,3,,,,A. Vergara,RW RM CAM,RW,A. Vergara,Napoli,2027,185.0,77.0,2300000.0,27000.0,22.5,34328.36
,21,67,74,266257,Right,68,64,65,33,60,67,65,60,53,8,11,15,3,3,,,,E. İlkhan,CM CDM,CM,E. Ilkhan,Torino,2030,175.0,68.0,2100000.0,11000.0,22.2,31343.28
,20,67,79,278724,Right,70,70,68,74,64,30,52,67,66,14,13,13,2,2,,,,E. Helland,CB RB,CB,E. Helland,Bologna,2030,196.0,82.0,2300000.0,12000.0,21.35,34328.36
,21,67,76,74092,Right,71,63,64,73,26,56,62,33,27,9,6,12,4,3,,,,Isaac,ST,ST,Isaac,Hellas Verona FC,2029,185.0,78.0,2300000.0,5000.0,22.79,34328.36
,24,67,71,79069,Left,58,61,60,76,65,40,63,69,64,5,14,12,2,2,,,,A. Edmundsson,CB,CB,A. Edmundsson,Hellas Verona FC,2029,193.0,81.0,1300000.0,5000.0,21.75,19402.99
,30,67,67,210940,Right,46,45,30,65,23,35,54,15,18,67,67,66,2,1,,,,S. Perilli,GK,GK,S. Perilli,Hellas Verona FC,2027,195.0,88.0,675000.0,4000.0,23.14,10074.63
,22,67,75,257104,Left,71,74,70,84,45,60,63,37,42,12,7,8,3,2,,,,K. Bowie,ST CAM,ST,K. Bowie,Hellas Verona FC,2030,190.0,84.0,2300000.0,5000.0,23.27,34328.36
,23,67,74,246649,Right,63,67,66,59,42,66,63,38,34,14,10,6,4,3,,,,F. Marchwiński,CAM ST CM,CAM,F. Marchwinski,Lecce,2029,187.0,72.0,2000000.0,5000.0,20.59,29850.75
,23,67,73,270463,Right,42,41,31,63,14,32,37,13,16,68,59,65,3,1,,,,N. Čavlina,GK,GK,N. Cavlina,"Como Jun 30, 2026 On loan",,192.0,82.0,1300000.0,4000.0,22.24,19402.99
,36,67,67,205850,Right,34,45,30,77,27,59,71,29,27,15,6,14,3,2,,,,L. Pavoletti,ST,ST,L. Pavoletti,Cagliari,2029,188.0,87.0,350000.0,5000.0,24.62,5223.88
,19,67,80,72180,Right,74,69,78,60,56,53,51,61,62,8,11,6,4,3,,,,N. Fortini,LM LB,LM,N. Fortini,Fiorentina,2027,185.0,74.0,2400000.0,12000.0,21.62,35820.9
,18,67,78,74485,Right,69,69,57,56,15,40,58,15,15,13,10,6,3,2,,,,J. Ekhator,ST,ST,J. Ekhator,Genoa,2029,188.0,80.0,2200000.0,7000.0,22.63,32835.82
,20,67,75,79913,Right,71,63,76,57,55,63,64,64,56,8,14,15,3,3,,,,Alex Amorim,CM CDM,CM,Alex Amorim,Genoa,2028,172.0,75.0,2200000.0,7000.0,25.35,32835.82
,21,67,74,271882,Right,60,68,65,75,68,39,56,68,67,10,6,12,3,2,,,,S. Otoa,CB,CB,S. Otoa,Genoa,2028,198.0,85.0,1900000.0,7000.0,21.68,28358.21
,20,67,80,70471,Right,75,77,67,76,61,67,67,61,60,7,14,7,3,2,,,,E. Akinsanmiro,CM CAM CDM,CM,E. Akinsanmiro,"Pisa Jun 30, 2026 On loan",,184.0,70.0,2400000.0,9000.0,20.68,35820.9
,37,67,67,205496,Right,45,41,32,77,15,47,63,19,13,69,66,65,3,1,,,,Nicolas,GK,GK,Nicolas,Pisa,2029,190.0,85.0,110000.0,2000.0,23.55,1641.79
,24,67,72,270657,Right,61,61,69,64,58,66,58,60,61,15,14,14,3,2,,,,E. Iannoni,CM CDM,CM,E. Iannoni,Sassuolo,2028,185.0,78.0,1500000.0,8000.0,22.79,22388.06
,22,67,71,276705,Left,68,73,72,59,64,48,50,68,66,5,10,10,4,2,,,,E. Pieragnolo,LB LM,LB,E. Pieragnolo,Sassuolo,2027,184.0,72.0,1400000.0,7000.0,21.27,20895.52
,21,67,78,73558,Right,67,67,61,85,68,45,49,67,66,11,6,14,3,2,,,,A. Purić,CB,CB,A. Puric,Atlético Madrid,2029,196.0,85.0,2100000.0,15000.0,22.13,31343.28
,22,67,77,274208,Left,53,55,60,78,67,40,60,68,65,11,8,12,3,2,,,,I. Kostis,CB LB,CB,I. Kostis,Atlético Madrid,2027,192.0,81.0,2100000.0,17000.0,21.97,31343.28
,41,67,67,146952,Left,51,40,38,75,21,47,56,11,15,65,67,66,3,1,,,,Pichu Cuéllar,GK,GK,Pichu Cuellar,RCD Mallorca,2029,187.0,76.0,110000.0,4000.0,21.73,1641.79
,22,67,76,262513,Right,69,73,55,74,20,52,59,28,24,13,9,12,3,3,,,,Karrikaburu,ST,ST,Karrikaburu,Real Sociedad,2027,183.0,82.0,2300000.0,13000.0,24.49,34328.36
,31,67,67,221639,Right,64,65,50,71,42,62,65,42,33,12,14,8,4,3,,,,Mariano,ST,ST,Mariano,Deportivo Alavés,2027,180.0,76.0,850000.0,13000.0,23.46,12686.57
,20,67,78,275520,Left,65,59,56,55,65,66,62,64,62,15,12,7,3,3,,,,Manu Bueno,CM CAM CDM,CM,Manu Bueno,Sevilla FC,2030,178.0,73.0,2200000.0,9000.0,23.04,32835.82
,16,67,81,80679,Right,77,80,68,48,59,57,62,67,62,10,14,9,3,2,,,,Nacho Pérez,RB,RB,Nacho Perez,Levante UD,2028,176.0,66.0,2200000.0,5000.0,21.31,32835.82
,17,67,81,79393,Left,80,75,68,61,63,45,55,65,63,14,15,15,2,2,,,,Davinchi,LB,LB,Davinchi,Getafe CF,2028,182.0,75.0,2200000.0,6000.0,22.64,32835.82
,17,66,84,77540,Right,75,74,61,68,29,51,65,29,24,12,13,6,3,3,,,,S. Mheuka,ST,ST,S. Mheuka,Chelsea,2027,185.0,75.0,2100000.0,18000.0,21.91,31818.18
,19,66,82,70448,Left,78,81,57,47,62,60,55,62,61,15,11,11,3,3,,,,A. Aznou,LB,LB,A. Aznou,Everton,2029,178.0,70.0,2100000.0,9000.0,22.09,31818.18
,35,66,66,194150,Right,48,45,36,57,23,52,49,13,18,67,65,64,3,1,,,,S. Moore,GK,GK,S. Moore,Sunderland,2028,191.0,83.0,90000.0,7000.0,22.75,1363.64
,18,66,79,278919,Left,80,79,53,42,23,62,66,32,26,8,13,6,3,4,,,,R. Donovan,RM CAM RW,RM,R. Donovan,Brentford,2030,171.0,67.0,2000000.0,14000.0,22.91,30303.03
,17,66,80,75319,Right,60,68,57,68,66,51,63,70,65,5,11,9,3,2,,,,K. Antonio,CB,CB,K. Antonio,RC Lens,2028,183.0,75.0,1800000.0,4000.0,22.4,27272.73
,17,66,79,77364,Right,78,79,58,49,37,61,64,36,31,10,15,6,3,3,,,,S. Diaoune,LM CAM LW,LM,S. Diaoune,Lille OSC,2028,174.0,65.0,1900000.0,5000.0,21.47,28787.88
,18,66,82,78216,Right,63,74,58,62,66,51,64,69,64,14,6,11,3,2,,,,N. Kamara,CB,CB,N. Kamara,"Olympique Lyonnais Jun 30, 2026 On loan",,185.0,76.0,2000000.0,13000.0,22.21,30303.03
,18,66,80,84357,Right,75,77,66,57,62,38,58,63,67,11,13,12,3,2,,,,S. Kango,RB,RB,S. Kango,Olympique Lyonnais,2028,181.0,69.0,1900000.0,4000.0,21.06,28787.88
,20,66,79,70458,Right,76,73,45,61,16,59,63,28,23,8,12,7,3,3,,,,L. Michal,LM RM LW,LM,L. Michal,"FC Metz Jun 30, 2026 On loan",,185.0,75.0,2100000.0,8000.0,21.91,31818.18
,20,66,77,79609,Left,67,78,74,77,61,42,56,66,70,15,14,13,2,2,,,,Y. Lawson,LB LM,LB,Y. Lawson,FC Metz,2028,179.0,68.0,1800000.0,4000.0,21.22,27272.73
,19,66,79,274126,Right,69,66,55,65,24,52,59,28,20,10,7,8,4,4,,,,P. Brunner,ST LM,ST,P. Brunner,AS Monaco,2028,185.0,77.0,2000000.0,8000.0,22.5,30303.03
,31,66,66,211250,Right,38,36,48,85,62,42,59,67,65,6,8,11,2,2,,,,U. Radaković,CB,CB,U. Radakovic,FC Nantes,2027,194.0,89.0,575000.0,7000.0,23.65,8712.12
,20,66,80,74698,Left,71,73,58,51,23,54,61,23,13,12,10,12,3,3,,,,Y. Zabiri,ST,ST,Y. Zabiri,Stade Rennais FC,2029,177.0,67.0,2100000.0,7000.0,21.39,31818.18
,22,66,77,78424,Right,72,69,78,63,64,52,62,66,69,11,12,7,3,2,,,,T. Nnadi,CDM CM CB,CDM,T. Nnadi,Olympique de Marseille,2030,176.0,67.0,1800000.0,10000.0,21.63,27272.73
,18,66,78,80771,Right,72,76,59,68,24,53,61,26,21,6,6,7,3,3,,,,J. Vignolo,ST RW,ST,J. Vignolo,Toulouse FC,2029,185.0,75.0,2000000.0,6000.0,21.91,30303.03
,26,66,70,243201,Left,39,47,36,41,15,38,43,17,10,67,65,63,2,1,,,,Álex Domínguez,GK,GK,Alex Dominguez,Toulouse FC,2027,186.0,82.0,925000.0,5000.0,23.7,14015.15
,16,66,88,80873,Right,79,73,49,32,34,63,60,22,28,7,6,11,4,4,,,,M. Albert,LM CAM RM LW,LM,M. Albert,Borussia Dortmund,2028,179.0,67.0,2700000.0,7000.0,20.91,40909.09
,17,66,84,83748,Right,78,67,54,40,39,61,63,29,32,7,12,15,3,4,,,,S. Inacio,CAM ST,CAM,S. Inacio,Borussia Dortmund,2029,176.0,69.0,2100000.0,7000.0,22.28,31818.18
,17,66,82,83751,Right,58,65,51,67,60,31,65,69,68,12,10,13,3,2,,,,L. Reggiani,CB,CB,L. Reggiani,Borussia Dortmund,2028,194.0,78.0,2000000.0,7000.0,20.72,30303.03
,19,66,77,74102,Right,83,83,54,64,28,57,60,35,34,12,9,8,2,3,,,,F. Baldé,LW RW LM,LW,F. Balde,Hamburger SV,2029,182.0,75.0,1800000.0,7000.0,22.64,27272.73
,32,66,66,218534,Right,71,67,65,67,22,64,62,25,26,14,15,15,3,4,,,,S. Adamyan,ST CAM LM,ST,S. Adamyan,1. FC Köln,2030,184.0,75.0,700000.0,10000.0,22.15,10606.06
,31,66,66,210366,Right,38,39,40,68,17,27,37,12,16,68,58,63,3,1,,,,N. Lomb,GK,GK,N. Lomb,Bayer 04 Leverkusen,2027,186.0,83.0,450000.0,13000.0,23.99,6818.18
,26,66,70,258864,Right,24,42,30,78,15,46,44,9,12,68,62,64,3,1,,,,S. Drljača,GK,GK,S. Drljaca,VfB Stuttgart,2027,193.0,89.0,925000.0,7000.0,23.89,14015.15
,20,66,80,273667,Right,87,91,55,39,19,59,51,17,20,7,6,12,3,3,,,,J. Diehl,LM CAM RM LW,LM,J. Diehl,VfB Stuttgart,2029,174.0,67.0,2100000.0,9000.0,22.13,31818.18
,20,66,80,277742,Left,78,70,63,65,19,52,56,20,21,13,10,5,3,3,,,,Jeremy,ST CAM,ST,Jeremy,VfB Stuttgart,2031,182.0,88.0,2100000.0,10000.0,26.57,31818.18
,24,66,70,253474,Right,68,65,67,70,68,46,53,65,68,12,6,9,3,2,,,,N. Tauer,CDM CM CB,CDM,N. Tauer,1. FSV Mainz 05,2029,183.0,74.0,1100000.0,8000.0,22.1,16666.67
,22,66,77,82663,Left,61,58,55,75,63,33,46,71,65,12,5,11,2,2,,,,Cleiton,CB,CB,Cleiton,VfL Wolfsburg,2030,194.0,78.0,1800000.0,12000.0,20.72,27272.73
,22,66,70,76924,Right,65,60,66,59,58,69,49,61,61,12,7,13,3,3,,,,L. Đurić,CM CDM,CM,L. Đuric,TSG 1899 Hoffenheim,2028,180.0,75.0,1200000.0,10000.0,23.15,18181.82
,21,66,74,76228,Right,78,70,48,76,22,49,53,27,18,5,9,11,3,2,,,,A. Ceesay,ST,ST,A. Ceesay,FC St. Pauli,2028,185.0,79.0,1900000.0,7000.0,23.08,28787.88
,18,66,79,82087,Right,70,74,60,72,33,60,63,40,25,7,12,9,3,3,,,,M. Lavelli,ST,ST,M. Lavelli,Inter,2029,185.0,78.0,2000000.0,7000.0,22.79,30303.03
,18,66,78,274444,Right,76,76,67,62,26,66,52,27,28,12,8,11,3,3,,,,A. Przyborek,CAM RM RW CM,CAM,A. Przyborek,Lazio,2030,184.0,73.0,2000000.0,7000.0,21.56,30303.03
,22,66,78,278436,Right,34,51,58,90,62,33,52,65,60,9,14,12,3,2,,,,M. Troilo,CB,CB,M. Troilo,Parma,2030,194.0,86.0,2000000.0,6000.0,22.85,30303.03
,19,66,75,80861,Right,72,78,54,75,64,45,56,71,72,6,7,8,3,2,,,,F. Cham,RB,RB,F. Cham,Hellas Verona FC,2029,185.0,80.0,1800000.0,3000.0,23.37,27272.73
,20,66,76,80006,Right,59,55,61,80,61,36,50,74,71,11,10,12,2,2,,,,M. Pérez,CB,CB,M. Perez,Lecce,2028,192.0,87.0,1800000.0,3000.0,23.6,27272.73
,25,66,68,247528,Left,68,71,78,84,62,48,56,64,61,13,15,15,3,2,,,,C. Ndaba,LB CB CM,LB,C. Ndaba,Lecce,2028,188.0,82.0,975000.0,4000.0,23.2,14772.73
,27,66,68,73838,Right,45,43,35,69,8,35,54,14,14,69,63,64,3,1,,,,A. Sherri,GK,GK,A. Sherri,Cagliari,2027,197.0,93.0,775000.0,3000.0,23.96,11742.42
,19,66,74,80407,Right,73,65,74,65,69,63,62,68,65,10,14,12,3,3,,,,J. Liteta,CM CDM,CM,J. Liteta,Cagliari,2030,175.0,70.0,1800000.0,3000.0,22.86,27272.73
,24,66,72,253464,Right,63,64,71,57,64,62,72,64,61,10,10,6,3,2,,,,M. Højholt,CDM CM,CDM,M. Højholt,Pisa,2027,182.0,67.0,1200000.0,3000.0,20.23,18181.82
,17,66,81,72098,Right,67,61,55,73,54,71,63,64,52,13,6,8,3,3,,,,D. Bakola,CAM CM,CAM,D. Bakola,Sassuolo,2030,178.0,70.0,1900000.0,4000.0,22.09,28787.88
,26,66,69,235806,Right,24,16,19,51,13,30,41,10,10,68,64,66,2,1,,,,G. Satalino,GK,GK,G. Satalino,Sassuolo,2028,188.0,75.0,850000.0,5000.0,21.22,12878.79
,20,66,79,75746,Left,62,67,58,72,67,58,60,67,66,5,12,8,2,2,,,,Álvaro Cortés,CB,CB,Alvaro Cortes,FC Barcelona,2028,190.0,78.0,1900000.0,16000.0,21.61,28787.88
,23,66,72,81776,Right,66,63,72,73,63,41,66,76,72,7,6,13,3,2,,,,V. Koski,CB CDM,CB,V. Koski,Deportivo Alavés,2027,185.0,77.0,1200000.0,8000.0,22.5,18181.82
,21,66,76,264116,Right,52,46,32,56,10,40,36,11,13,66,64,65,3,1,,,,Iturbe,GK,GK,Iturbe,Elche CF,2029,186.0,74.0,1700000.0,3000.0,21.39,25757.58
,20,66,77,71598,Right,64,63,65,74,66,65,59,64,62,7,8,6,3,2,,,,Osambela,CB CDM CM,CB,Osambela,CA Osasuna,2029,186.0,75.0,1800000.0,8000.0,21.68,27272.73
,20,66,78,76756,Left,76,82,62,54,39,62,60,50,46,12,13,8,3,3,,,,T. Abed,RW CAM RM,RW,T. Abed,Levante UD,2029,175.0,63.0,2100000.0,8000.0,20.57,31818.18
,27,66,66,236246,Right,64,52,50,59,66,68,70,64,68,15,9,14,3,3,,,,O. Ejaria,CM LM CAM CDM,CM,O. Ejaria,Real Oviedo,2028,188.0,74.0,900000.0,11000.0,20.94,13636.36
,17,65,82,80816,Right,87,85,57,56,30,60,66,36,27,11,10,15,3,3,,,,B. Burrowes,RM ST RW,RM,B. Burrowes,Aston Villa,2028,175.0,70.0,1800000.0,12000.0,22.86,27692.31
,18,65,80,82350,Left,69,71,63,65,62,65,67,64,62,13,9,12,4,3,,,,G. Hemmings,CDM CM CAM,CDM,G. Hemmings,Aston Villa,2029,182.0,75.0,1600000.0,14000.0,22.64,24615.38
,21,65,73,252897,Right,74,78,66,61,58,60,60,61,59,13,8,9,3,2,,,,C. Ramsay,RB RM,RB,C. Ramsay,Liverpool,2027,177.0,68.0,1500000.0,15000.0,21.71,23076.92
,18,65,84,279128,Right,67,67,62,49,55,65,66,58,47,7,8,10,3,3,,,,T. Nyoni,CM CAM CDM,CM,T. Nyoni,Liverpool,2028,185.0,75.0,1800000.0,14000.0,21.91,27692.31
,17,65,84,77354,Right,72,70,58,69,23,57,64,26,24,7,10,9,4,2,,,,C. Obi,ST,ST,C. Obi,Manchester United,2028,188.0,81.0,1800000.0,12000.0,22.92,27692.31
,20,65,78,269233,Right,66,64,57,72,64,46,57,66,64,11,10,13,3,2,,,,T. Fredricson,CB,CB,T. Fredricson,Manchester United,2030,188.0,81.0,1600000.0,13000.0,22.92,24615.38
,18,65,84,278124,Left,88,85,57,38,34,60,67,38,29,15,7,6,3,4,,,,S. Lacey,RM RW,RM,S. Lacey,Manchester United,2027,167.0,65.0,1800000.0,13000.0,23.31,27692.31
,21,65,79,270617,Left,65,66,67,75,63,45,60,67,63,13,7,11,4,2,,,,A. Murphy,LB CB LM,LB,A. Murphy,Newcastle United,2028,188.0,76.0,1700000.0,17000.0,21.5,26153.85
,21,65,68,262149,Right,78,69,64,61,56,63,62,57,53,5,14,7,3,3,,,,A. Ba,RW LW RM,RW,A. Ba,Sunderland,2027,174.0,70.0,1000000.0,12000.0,23.12,15384.62
,19,65,78,75772,Right,79,78,60,58,35,59,63,38,25,12,7,9,3,3,,,,T. Edozie,RW CAM RM,RW,T. Edozie,Wolverhampton Wanderers,2027,178.0,68.0,1700000.0,12000.0,21.46,26153.85
,19,65,78,277935,Right,53,65,62,70,63,65,64,65,62,11,11,15,2,3,,,,F. Sylla,CM CDM,CM,F. Sylla,RC Lens,2028,182.0,78.0,1700000.0,5000.0,23.55,26153.85
,20,65,77,278261,Right,66,75,58,70,64,43,62,68,64,6,8,12,2,2,,,,O. Touré,CB,CB,O. Toure,Lille OSC,2028,187.0,75.0,1600000.0,6000.0,21.45,24615.38
,21,65,74,276747,Left,75,73,62,50,59,56,62,62,59,6,5,5,3,3,,,,A. Laâziri,LB LM,LB,A. Laaziri,Olympique Lyonnais,2027,177.0,70.0,1500000.0,4000.0,22.34,23076.92
,22,65,75,271661,Right,23,22,27,66,7,31,36,13,11,65,61,63,3,1,,,,Y. Lienard,GK,GK,Y. Lienard,AS Monaco,2027,194.0,80.0,1400000.0,4000.0,21.26,21538.46
,19,65,77,80803,Left,27,38,27,52,15,42,34,16,13,68,62,59,2,1,,,,M. Silistrie,GK,GK,M. Silistrie,Stade Rennais FC,2029,187.0,68.0,1500000.0,2000.0,19.45,23076.92
,23,65,70,245865,Right,28,20,29,41,10,43,25,12,9,66,65,64,3,1,,,,S. Bajic,GK,GK,S. Bajic,RC Strasbourg Alsace,2028,188.0,84.0,875000.0,6000.0,23.77,13461.54
,23,65,73,257395,Left,24,24,28,42,13,44,23,14,12,65,67,64,2,1,,,,M. Zinga,GK,GK,M. Zinga,Angers SCO,2029,187.0,76.0,1400000.0,2000.0,21.73,21538.46
,16,65,79,77826,Right,55,67,46,68,59,44,54,69,64,10,8,5,3,2,,,,S. Zagadou,CB,CB,S. Zagadou,Le Havre AC,2028,186.0,78.0,1500000.0,2000.0,22.55,23076.92
,19,65,77,81595,Left,78,74,64,57,57,43,62,66,68,12,8,13,3,3,,,,E. Koffi,LB LM,LB,E. Koffi,Le Havre AC,2026,175.0,65.0,1600000.0,3000.0,21.22,24615.38
,18,65,78,80695,Right,53,65,58,78,59,32,58,69,61,12,15,11,3,2,,,,S. Koumbassa,CB,CB,S. Koumbassa,Toulouse FC,2030,194.0,82.0,1600000.0,4000.0,21.79,24615.38
,26,65,66,233767,Right,67,64,66,59,64,63,64,63,60,6,12,11,3,3,,,,S. Alakouch,RB RM,RB,S. Alakouch,Paris FC,2028,175.0,66.0,775000.0,12000.0,21.55,11923.08
,20,65,79,73016,Right,66,69,46,69,66,39,56,66,64,13,12,9,3,2,,,,F. Mane,CB RB,CB,F. Mane,Borussia Dortmund,2028,188.0,77.0,1600000.0,8000.0,21.79,24615.38
,19,65,80,278854,Left,77,77,60,75,59,49,59,62,60,10,7,8,3,3,,,,A. Kabar,LB,LB,A. Kabar,Borussia Dortmund,2028,181.0,74.0,1600000.0,7000.0,22.59,24615.38
,21,65,75,70909,Left,74,72,37,65,63,45,50,68,67,13,15,6,2,2,,,,K. Bos,LB LM,LB,K. Bos,1. FSV Mainz 05,2029,186.0,76.0,1500000.0,6000.0,21.97,23076.92
,17,65,80,76519,Right,75,71,67,52,50,64,58,54,57,7,11,12,3,3,,,,L. Arrhov,CAM CM LM,CAM,L. Arrhov,Eintracht Frankfurt,2028,178.0,70.0,1600000.0,5000.0,22.09,24615.38
,18,65,80,71925,Right,67,56,69,56,63,66,54,57,54,9,13,5,3,2,,,,L. Engelns,CM RM CDM,CM,L. Engelns,TSG 1899 Hoffenheim,2027,188.0,74.0,1700000.0,6000.0,20.94,26153.85
,17,65,78,76923,Right,62,58,66,69,61,35,52,66,64,8,7,12,4,2,,,,L. Erlein,RB CB RM,RB,L. Erlein,TSG 1899 Hoffenheim,2030,190.0,76.0,1600000.0,5000.0,21.05,24615.38
,20,65,76,276964,Left,65,68,55,68,62,52,56,67,66,15,8,7,3,2,,,,J. Robatsch,CB LB,CB,J. Robatsch,FC St. Pauli,2030,190.0,78.0,1500000.0,5000.0,21.61,23076.92
,19,65,76,76955,Left,52,56,51,74,61,29,51,66,61,13,14,11,3,2,,,,R. Obrić,CB,CB,R. Obric,Atalanta,2028,194.0,85.0,1400000.0,10000.0,22.58,21538.46
,19,65,78,76429,Right,65,68,56,60,56,62,61,59,48,14,10,10,3,3,,,,L. Topalovič,CM CAM,CM,L. Topalovic,Inter,2029,187.0,75.0,1700000.0,6000.0,21.45,26153.85
,18,65,80,77523,Left,30,30,21,56,13,30,45,15,10,62,62,66,3,1,,,,A. Taho,GK,GK,A. Taho,Inter,2030,193.0,75.0,1400000.0,2000.0,20.13,21538.46
,20,65,75,73162,Right,69,67,51,50,59,65,74,59,56,10,14,12,3,3,,,,Cristo Muñoz,CAM CM,CAM,Cristo Munoz,Lazio,2027,175.0,70.0,1600000.0,7000.0,22.86,24615.38
,19,65,83,73286,Right,63,71,60,74,65,35,45,69,65,6,12,9,3,2,,,,D. Odogu,CB,CB,D. Odogu,AC Milan,2029,191.0,83.0,1700000.0,8000.0,22.75,26153.85
,20,65,78,279782,Right,81,82,64,77,60,38,46,60,63,13,8,13,3,2,,,,Z. Athekame,RB CM,RB,Z. Athekame,AC Milan,2030,181.0,74.0,1600000.0,8000.0,22.59,24615.38
,18,65,75,75647,Right,69,65,60,57,61,33,50,67,65,11,8,13,2,2,,,,S. Britschgi,RB LB RM,RB,S. Britschgi,Parma,2030,182.0,78.0,1400000.0,4000.0,23.55,21538.46
,20,65,77,70480,Right,78,77,65,43,20,54,55,23,19,6,12,7,3,2,,,,A. Njie,ST LW LM,ST,A. Njie,Torino,2027,177.0,70.0,1700000.0,8000.0,22.34,26153.85
,18,65,80,80380,Right,58,63,61,77,65,50,65,66,65,10,10,14,3,2,,,,B. Mlačić,CB,CB,B. Mlacic,Udinese,2031,192.0,85.0,1600000.0,3000.0,23.06,24615.38
,39,65,65,162297,Right,49,39,30,45,13,40,69,12,12,62,65,70,2,1,,,,D. Padelli,GK,GK,D. Padelli,Udinese,2030,191.0,82.0,80000.0,2000.0,22.48,1230.77
,22,65,72,263949,Right,65,73,65,79,61,52,53,68,67,15,5,9,3,2,,,,S. Fofana,CDM CB CM,CDM,S. Fofana,Lecce,2027,192.0,78.0,1400000.0,3000.0,21.16,21538.46
,17,65,87,279202,Right,65,68,55,58,22,48,58,22,16,11,9,12,3,3,,,,F. Camarda,ST,ST,F. Camarda,"Lecce Jun 30, 2026 On loan",,184.0,77.0,2300000.0,7000.0,22.74,35384.62
,18,65,80,81307,Left,68,69,61,61,30,56,60,34,33,12,7,11,3,3,,,,Lorran,CAM CM,CAM,Lorran,Pisa,2028,180.0,74.0,1700000.0,2000.0,22.84,26153.85
,23,65,73,74448,Right,59,62,66,81,62,39,48,63,62,13,13,10,3,2,,,,F. Folino,CB,CB,F. Folino,Cremonese,2028,192.0,85.0,1500000.0,3000.0,23.06,23076.92
,20,65,82,278394,Right,16,19,25,66,11,35,36,14,10,64,63,65,3,1,,,,Fran González,GK,GK,Fran Gonzalez,Real Madrid,2030,199.0,72.0,1700000.0,12000.0,18.18,26153.85
,22,65,74,277649,Right,70,68,61,53,37,56,55,33,31,9,9,10,4,3,,,,Hugo González,RM LM RW,RM,Hugo Gonzalez,RC Celta,2028,177.0,73.0,1600000.0,7000.0,23.3,24615.38
,23,65,73,258948,Right,44,40,31,55,9,48,40,14,10,63,64,65,3,1,,,,Fortuño,GK,GK,Fortuno,RCD Espanyol,2027,183.0,77.0,1400000.0,3000.0,22.99,21538.46
,20,65,75,275024,Left,71,65,54,53,52,56,63,52,46,10,10,8,2,3,,,,J. Kalumba,LM LB RM LW,LM,J. Kalumba,RCD Mallorca,2029,182.0,75.0,1600000.0,6000.0,22.64,24615.38
,27,65,67,241179,Right,25,29,23,55,15,34,47,10,11,65,62,62,3,1,,,,Cristian Rivero,GK,GK,Cristian Rivero,Valencia CF,2027,188.0,75.0,650000.0,6000.0,21.22,10000.0
,17,65,79,279200,Right,78,80,62,47,62,48,56,59,62,12,10,11,3,2,,,,Buba Sangaré,RB CB,RB,Buba Sangare,"Elche CF Jun 30, 2026 On loan",,183.0,67.0,1600000.0,6000.0,20.01,24615.38
,21,65,77,272427,Left,33,25,26,61,10,34,30,11,12,65,66,63,3,1,,,,Alberto Flores,GK,GK,Alberto Flores,Sevilla FC,2027,187.0,80.0,1500000.0,3000.0,22.88,23076.92
,20,65,78,73990,Right,55,69,53,49,25,57,52,22,15,11,12,14,3,3,,,,Pau Cabanes,ST RM,ST,Pau Cabanes,Villarreal CF,2028,179.0,72.0,1700000.0,8000.0,22.47,26153.85
,21,65,74,72269,Right,60,62,68,64,61,66,51,59,52,8,14,6,3,3,,,,Lass Kourouma,CM CAM CDM,CM,Lass Kourouma,Girona FC,2028,180.0,74.0,1600000.0,6000.0,22.84,24615.38
,22,64,74,257126,Right,40,40,25,62,13,48,40,13,13,63,63,63,3,1,,,,T. Sharman-Lowe,GK,GK,T. Sharman-Lowe,Chelsea,2028,193.0,87.0,1100000.0,11000.0,23.36,17187.5
,30,64,64,225650,Right,40,44,32,73,13,45,42,17,20,64,63,63,3,1,,,,T. King,GK,GK,T. King,Everton,2027,194.0,80.0,400000.0,7000.0,21.26,6250.0
,20,64,78,79922,Right,49,54,21,62,11,29,32,10,14,64,62,63,2,1,,,,Á. Pécsi,GK,GK,A. Pecsi,Liverpool,2030,190.0,85.0,1200000.0,7000.0,23.55,18750.0
,18,64,83,74142,Left,82,83,68,65,60,57,66,60,58,9,8,12,2,2,,,,D. León,LB LM,LB,D. Leon,Manchester United,2030,177.0,67.0,1400000.0,11000.0,21.39,21875.0
,17,64,82,78227,Left,75,74,56,49,29,64,61,31,26,12,8,8,3,3,,,,H. Howell,RM CAM RW,RM,H. Howell,Brighton & Hove Albion,2028,180.0,70.0,1500000.0,10000.0,21.6,23437.5
,17,64,77,80688,Right,61,67,52,67,64,46,58,67,64,7,8,13,3,2,,,,M. Goffi,CB RB,CB,M. Goffi,Lille OSC,2028,180.0,72.0,1200000.0,3000.0,22.22,18750.0
,22,64,74,77093,Right,33,36,25,62,7,25,28,11,14,65,60,63,3,1,,,,L. Diarra,GK,GK,L. Diarra,Olympique Lyonnais,2027,190.0,80.0,1100000.0,3000.0,22.16,17187.5
,16,64,79,82335,Right,78,73,51,38,28,57,67,41,35,13,10,14,3,3,,,,A. Hamdani,LM LW,LM,A. Hamdani,Olympique Lyonnais,2028,174.0,61.0,1300000.0,3000.0,20.15,20312.5
,17,64,77,83564,Left,69,75,57,65,18,54,59,36,33,8,11,10,2,3,,,,N. Mbala,LM RM LW,LM,N. Mbala,FC Metz,2029,179.0,68.0,1300000.0,2000.0,21.22,20312.5
,20,64,77,75316,Right,52,68,59,66,63,29,48,70,66,9,11,13,3,2,,,,S. Doucouré,CB,CB,S. Doucoure,FC Nantes,2027,187.0,79.0,1300000.0,3000.0,22.59,20312.5
,19,64,79,79513,Right,58,71,54,87,55,57,67,68,66,11,12,15,3,3,,,,B. Deuff,CDM CM,CDM,B. Deuff,FC Nantes,2029,196.0,85.0,1300000.0,3000.0,22.13,20312.5
,18,64,77,75925,Right,60,61,63,59,61,48,59,67,58,7,12,14,3,2,,,,Everton,CDM CM,CDM,Everton,OGC Nice,2029,179.0,65.0,1300000.0,4000.0,20.29,20312.5
,20,64,75,82740,Right,75,79,57,81,16,43,54,22,14,10,9,14,3,2,,,,Z. Diallo,ST,ST,Z. Diallo,OGC Nice,2028,185.0,76.0,1300000.0,6000.0,22.21,20312.5
,18,64,79,82991,Right,78,75,47,52,24,56,63,34,27,11,13,13,3,3,,,,N. Nsoki,LW RW LM,LW,N. Nsoki,Paris Saint-Germain,2027,179.0,66.0,1400000.0,12000.0,20.6,21875.0
,19,64,78,80804,Right,73,68,57,61,25,55,58,29,18,9,11,15,4,3,,,,N. Mukiele,LM ST LW,LM,N. Mukiele,Stade Rennais FC,2028,184.0,72.0,1400000.0,5000.0,21.27,21875.0
,18,64,75,82083,Right,74,70,51,49,39,62,52,47,41,9,15,11,4,3,,,,T. Mmadi,LM CAM LW,LM,T. Mmadi,Olympique de Marseille,2028,180.0,67.0,1200000.0,6000.0,20.68,18750.0
,18,64,76,76035,Right,58,67,51,80,58,29,47,69,61,14,8,6,2,2,,,,R. Le Guen,CB,CB,R. Le Guen,Stade Brestois 29,2029,196.0,79.0,1300000.0,4000.0,20.56,20312.5
,18,64,81,77829,Right,63,60,64,46,62,57,61,68,64,12,11,7,3,2,,,,H. Makalou,CDM CM,CDM,H. Makalou,Stade Brestois 29,2029,164.0,58.0,1400000.0,4000.0,21.56,21875.0
,18,64,76,82739,Right,64,73,58,68,22,46,56,34,21,15,14,13,3,3,,,,K. Quetant,ST CAM,ST,K. Quetant,Le Havre AC,2028,189.0,73.0,1400000.0,3000.0,20.44,21875.0
,27,64,64,256689,Right,70,68,51,56,19,59,63,23,18,6,10,13,3,3,,,,L. Gueye,RW RM,RW,L. Gueye,Paris FC,2029,178.0,74.0,625000.0,12000.0,23.36,9765.62
,19,64,81,71101,Left,78,67,55,68,23,54,57,27,24,12,15,5,3,3,,,,A. Sarco,ST,ST,A. Sarco,"Borussia Mönchengladbach Jun 30, 2026 On loan",,179.0,76.0,1500000.0,12000.0,23.72,23437.5
,37,64,64,177475,Right,50,42,41,65,15,31,41,15,12,60,60,64,2,1,,,,T. Sippel,GK,GK,T. Sippel,Borussia Mönchengladbach,2027,183.0,80.0,60000.0,3000.0,23.89,937.5
,18,64,81,279213,Right,61,64,54,67,14,51,57,20,11,11,5,15,3,3,,,,O. Stange,ST LM,ST,O. Stange,Hamburger SV,2028,187.0,82.0,1500000.0,5000.0,23.45,23437.5
,18,64,82,79300,Left,77,74,52,48,27,69,55,26,29,13,8,7,3,3,,,,L. Jovanović,RM LM RW,RM,L. Jovanovic,VfB Stuttgart,2029,184.0,76.0,1500000.0,6000.0,22.45,23437.5
,35,64,64,202316,Right,43,34,35,76,67,65,68,70,66,12,7,11,4,2,,,,T. Chandler,RB RM,RB,T. Chandler,Eintracht Frankfurt,2029,187.0,84.0,180000.0,6000.0,24.02,2812.5
,21,64,70,73072,Right,38,30,27,66,7,39,34,10,10,68,60,63,2,1,,,,L. Petersson,GK,GK,L. Petersson,TSG 1899 Hoffenheim,2027,195.0,96.0,775000.0,3000.0,25.25,12109.38
,19,64,77,80729,Right,58,53,58,78,12,50,47,25,23,6,8,9,3,3,,,,U. Ogundu,ST,ST,U. Ogundu,FC Augsburg,2031,188.0,80.0,1400000.0,7000.0,22.63,21875.0
,17,64,84,83629,Right,79,76,52,53,28,61,65,40,35,6,12,12,4,3,,,,A. Thomas,LW ST LM,LW,A. Thomas,RB Leipzig,2031,188.0,78.0,1600000.0,7000.0,22.07,25000.0
,24,64,67,275130,Left,52,68,66,88,24,54,56,32,18,15,14,7,3,2,,,,N. Elphege,ST,ST,N. Elphege,Parma,2030,196.0,82.0,800000.0,5000.0,21.35,12500.0
,18,64,78,80045,Left,25,32,19,64,7,35,27,13,13,63,68,64,2,1,,,,R. Żelezny,GK,GK,R. Zelezny,Roma,2029,193.0,78.0,1200000.0,3000.0,20.94,18750.0
,22,64,74,262930,Right,72,79,52,63,62,44,54,69,66,8,6,6,3,2,,,,D. Oyegoke,CB RB RM,CB,D. Oyegoke,Hellas Verona FC,2028,188.0,85.0,1200000.0,3000.0,24.05,18750.0
,21,64,74,266848,Right,59,61,78,72,62,63,67,66,63,6,11,14,3,2,,,,O. Ngom,CM CDM,CM,O. Ngom,Lecce,2029,184.0,75.0,1300000.0,3000.0,22.15,20312.5
,35,64,64,186611,Right,38,40,32,55,26,35,51,13,12,63,63,65,2,1,,,,M. Vigorito,GK,GK,M. Vigorito,Como,2028,187.0,79.0,60000.0,7000.0,22.59,937.5
,20,64,78,71553,Left,65,81,73,83,63,50,64,59,58,9,13,14,2,2,,,,N. Zätterström,CB,CB,N. Zatterstrom,"Genoa Jun 30, 2026 On loan",,192.0,84.0,1300000.0,10000.0,22.79,20312.5
,19,64,78,80673,Left,15,15,17,56,13,36,37,14,13,63,63,62,1,1,,,,Salvi Esquivel,GK,GK,Salvi Esquivel,Atlético Madrid,2027,190.0,85.0,1200000.0,4000.0,23.55,18750.0
,20,64,78,82681,Right,74,69,65,60,60,56,53,60,54,8,13,6,2,2,,,,Javi Boñar,RB CB,RB,Javi Bonar,Atlético Madrid,2028,180.0,75.0,1300000.0,9000.0,23.15,20312.5
,20,64,78,82936,Left,74,72,65,54,60,57,59,63,60,6,6,13,2,3,,,,Julio Díaz,LB LM,LB,Julio Diaz,Atlético Madrid,2028,174.0,70.0,1300000.0,9000.0,23.12,20312.5
,16,64,83,75156,Left,75,73,56,51,20,60,60,23,17,5,5,13,2,4,,,,Toni Fernández,RW RM,RW,Toni Fernandez,FC Barcelona,2027,174.0,73.0,1500000.0,11000.0,24.11,23437.5
,18,64,81,77851,Left,67,69,62,73,59,48,53,66,60,12,15,6,2,2,,,,Víctor Valdepeñas,CB LB LM,CB,Victor Valdepenas,Real Madrid,2029,188.0,75.0,1400000.0,19000.0,21.22,21875.0
,20,64,78,83235,Right,63,66,51,49,44,66,57,53,42,10,13,11,3,3,,,,César Palacios,CAM CM ST,CAM,Cesar Palacios,Real Madrid,2027,179.0,73.0,1400000.0,24000.0,22.78,21875.0
,21,64,75,84290,Right,70,67,64,39,49,65,67,52,50,11,12,9,5,3,,,,Manuel Ángel,CM CDM CAM,CM,Manuel Angel,Real Madrid,2027,170.0,60.0,1300000.0,23000.0,20.76,20312.5
,25,64,68,264167,Right,31,29,19,42,10,37,29,11,11,62,63,60,3,1,,,,Marc Vidal,GK,GK,Marc Vidal,RC Celta,2028,185.0,74.0,650000.0,4000.0,21.62,10156.25
,23,64,72,279605,Right,26,31,35,50,12,49,26,13,12,61,64,61,4,1,,,,Tristán,GK,GK,Tristan,RCD Espanyol,2030,188.0,73.0,1100000.0,3000.0,20.65,17187.5
,22,64,73,266031,Right,65,59,64,64,63,53,58,65,64,8,6,9,3,2,,,,Rubén Iranzo,CB RB,CB,Ruben Iranzo,Valencia CF,2027,182.0,69.0,1200000.0,8000.0,20.83,18750.0
,20,64,73,80805,Left,66,64,64,58,62,59,56,66,63,12,9,12,3,2,,,,Mauro,CDM CM,CDM,Mauro,CA Osasuna,2028,176.0,69.0,1200000.0,6000.0,22.28,18750.0
,21,64,72,272486,Right,56,66,52,64,65,56,55,66,66,7,7,13,3,2,,,,Diego Méndez,CDM CM,CDM,Diego Mendez,Rayo Vallecano,2030,182.0,75.0,1200000.0,4000.0,22.64,18750.0
,20,64,74,80682,Left,75,68,51,46,26,60,56,38,27,8,7,13,3,3,,,,Miguel Sierra,RW LW RM,RW,Miguel Sierra,Sevilla FC,2029,181.0,70.0,1300000.0,6000.0,21.37,20312.5
,20,64,75,73375,Right,75,77,73,60,58,49,54,59,58,9,5,10,2,2,,,,I. Bekhoucha,RB,RB,I. Bekhoucha,Getafe CF,2028,180.0,69.0,1200000.0,6000.0,21.3,18750.0
,20,64,78,76012,Right,35,31,25,40,12,35,33,10,12,64,64,64,3,1,,,,V. Krapyvtsov,GK,GK,V. Krapyvtsov,Girona FC,2029,190.0,70.0,1200000.0,3000.0,19.39,18750.0
,19,64,75,277421,Right,64,65,57,66,63,58,62,64,63,15,12,11,3,2,,,,Marco Esteban,CB RB,CB,Marco Esteban,Real Oviedo,2028,183.0,75.0,1200000.0,5000.0,22.4,18750.0
,17,63,79,74145,Right,74,73,52,54,48,63,61,47,45,6,13,6,3,3,,,,S. Chambers,CAM RM CM,CAM,S. Chambers,Leeds United,2028,183.0,68.0,1200000.0,7000.0,20.31,19047.62
,32,63,63,203215,Left,49,48,23,39,15,46,45,11,11,63,61,62,3,1,,,,A. Cairns,GK,GK,A. Cairns,Leeds United,2029,183.0,72.0,240000.0,8000.0,21.5,3809.52
,18,63,81,75439,Left,69,68,59,62,56,64,62,59,54,5,9,5,4,3,,,,J. Fletcher,CM CDM CAM,CM,J. Fletcher,Manchester United,2027,180.0,78.0,1200000.0,10000.0,24.07,19047.62
,19,63,78,74242,Right,62,64,57,74,62,46,58,64,62,12,6,13,3,2,,,,Z. Abbott,CB RB,CB,Z. Abbott,Nottingham Forest,2029,186.0,78.0,1100000.0,11000.0,22.55,17460.32
,20,63,75,274377,Left,85,75,49,33,26,63,51,36,47,13,12,9,2,4,,,,E. González,LW RW CAM LM,LW,E. Gonzalez,Wolverhampton Wanderers,2029,169.0,69.0,1200000.0,11000.0,24.16,19047.62
,20,63,75,273927,Left,78,77,60,56,18,59,56,28,25,9,7,7,2,3,,,,E. Agyei,RM RW,RM,E. Agyei,Burnley,2027,172.0,68.0,1200000.0,9000.0,22.99,19047.62
,31,63,63,203824,Right,44,47,29,66,15,39,34,15,17,64,63,62,3,1,,,,R. Matthews,GK,GK,R. Matthews,Crystal Palace,2027,192.0,78.0,250000.0,10000.0,21.16,3968.25
,18,63,83,75452,Right,66,76,57,75,25,52,56,29,25,8,13,11,4,2,,,,K. Furo,ST,ST,K. Furo,Brentford,2031,190.0,80.0,1300000.0,11000.0,22.16,20634.92
,25,63,67,236663,Right,39,39,28,64,18,50,24,10,13,64,62,60,3,1,,,,E. Balcombe,GK,GK,E. Balcombe,Brentford,2027,190.0,92.0,525000.0,8000.0,25.48,8333.33
,20,63,78,78215,Right,63,58,54,72,56,37,55,69,64,9,6,6,2,2,,,,T. Siwe,CB,CB,T. Siwe,AJ Auxerre,2027,180.0,70.0,1100000.0,4000.0,21.6,17460.32
,23,63,74,271317,Right,55,42,50,73,61,32,46,68,64,9,9,6,3,2,,,,Rafael Fernandes,CB,CB,Rafael Fernandes,Lille OSC,2028,191.0,83.0,1000000.0,6000.0,22.75,15873.02
,23,63,73,261170,Right,29,28,22,56,11,27,29,10,12,65,62,59,2,1,,,,O. Ba,GK,GK,O. Ba,FC Metz,2027,185.0,74.0,925000.0,2000.0,21.62,14682.54
,18,63,78,81663,Right,66,62,62,60,63,62,62,64,60,5,10,13,3,2,,,,P. Cabral,CDM CM,CDM,P. Cabral,AS Monaco,2028,180.0,68.0,1100000.0,4000.0,20.99,17460.32
,17,63,75,82109,Left,57,62,57,75,58,34,59,68,63,9,8,11,2,2,,,,B. Mantsounga,CB,CB,B. Mantsounga,OGC Nice,2028,182.0,75.0,1000000.0,3000.0,22.64,15873.02
,17,63,79,81659,Right,68,69,47,48,44,63,63,49,41,7,6,6,3,3,,,,M. Jangeal,CAM CM,CAM,M. Jangeal,Paris Saint-Germain,2028,180.0,75.0,1200000.0,8000.0,23.15,19047.62
,18,63,78,85652,Left,63,67,59,64,57,34,56,68,63,8,14,7,2,2,,,,D. Lucea,CB LB,CB,D. Lucea,Paris Saint-Germain,2027,189.0,77.0,1000000.0,9000.0,21.56,15873.02
,18,63,80,82084,Right,85,78,52,44,26,55,67,28,22,12,5,12,3,3,,,,L. Rosier,LM LW,LM,L. Rosier,Stade Rennais FC,2028,171.0,61.0,1200000.0,4000.0,20.86,19047.62
,19,63,73,75811,Right,57,60,57,62,65,27,43,66,62,9,6,12,2,2,,,,A. Cissé,CB RB,CB,A. Cisse,RC Strasbourg Alsace,2028,183.0,73.0,975000.0,7000.0,21.8,15476.19
,24,63,68,250822,Right,68,65,66,38,61,62,66,63,51,12,14,15,3,3,,,,B. Fadiga,CM CAM CDM,CM,B. Fadiga,FC Lorient,2028,178.0,70.0,725000.0,4000.0,22.09,11507.94
,18,63,76,73624,Right,53,52,50,59,61,62,60,63,56,7,15,6,2,2,,,,D. Mosengo,CM CDM,CM,D. Mosengo,Le Havre AC,2027,188.0,72.0,1100000.0,2000.0,20.37,17460.32
,18,63,77,71614,Right,78,83,52,63,19,48,62,18,14,11,5,11,3,3,,,,M. Dao,RW ST RM,RW,M. Dao,Paris FC,2028,175.0,64.0,1100000.0,7000.0,20.9,17460.32
,20,63,77,71928,Right,79,67,56,34,41,64,62,44,49,15,14,11,3,3,,,,D. Krevsun,CAM CM RB,CAM,D. Krevsun,Borussia Dortmund,2028,176.0,65.0,1200000.0,7000.0,20.98,19047.62
,21,63,75,266906,Right,26,34,29,68,11,31,34,9,13,65,60,62,2,1,,,,S. Ostrzinski,GK,GK,S. Ostrzinski,Borussia Dortmund,2027,198.0,93.0,1000000.0,3000.0,23.72,15873.02
,19,63,74,82862,Right,62,66,53,66,61,45,56,66,63,15,7,11,4,2,,,,K. Steinmann,RB LB LM,RB,K. Steinmann,SC Freiburg,2028,186.0,81.0,1000000.0,4000.0,23.41,15873.02
,18,63,80,72319,Right,72,76,36,37,17,54,53,22,30,13,13,8,3,4,,,,A. Røssing-Lelesiit,LW RM LM,LW,A. Røssing-Lelesiit,Hamburger SV,2030,184.0,69.0,1200000.0,4000.0,20.38,19047.62
,19,63,77,72553,Left,48,58,59,74,59,33,54,69,62,9,13,8,3,2,,,,M. Herwerth,CB,CB,M. Herwerth,VfB Stuttgart,2027,191.0,84.0,1100000.0,6000.0,23.03,17460.32
,17,63,82,79286,Right,18,19,12,48,8,38,32,10,10,66,60,62,4,1,,,,F. Hellstern,GK,GK,F. Hellstern,VfB Stuttgart,2030,188.0,82.0,1100000.0,1000.0,23.2,17460.32
,18,63,82,275436,Left,77,70,59,53,37,61,60,31,29,9,6,7,4,4,,,,N. Darvich,CAM CM RM ST,CAM,N. Darvich,VfB Stuttgart,2029,184.0,73.0,1200000.0,6000.0,21.56,19047.62
,17,63,80,82425,Right,68,67,52,44,32,66,58,23,34,9,10,10,3,3,,,,B. Katz,LM LW,LM,B. Katz,VfL Wolfsburg,2027,183.0,68.0,1200000.0,5000.0,20.31,19047.62
,36,63,63,183513,Right,41,48,39,74,23,32,55,13,12,65,60,62,2,1,,,,J. Grahl,GK,GK,J. Grahl,Eintracht Frankfurt,2028,192.0,88.0,50000.0,3000.0,23.87,793.65
,19,63,78,80165,Left,75,68,61,45,58,48,45,67,65,14,8,7,3,2,,,,A. Markgraf,LB LM,LB,A. Markgraf,1. FC Union Berlin,2028,172.0,66.0,1100000.0,5000.0,22.31,17460.32
,22,63,72,269951,Right,61,61,55,73,21,56,59,14,16,7,12,11,3,3,,,,T. Kastanaras,ST,ST,T. Kastanaras,FC Augsburg,2027,186.0,83.0,1100000.0,8000.0,23.99,17460.32
,22,63,72,259766,Right,63,62,61,62,62,57,62,58,60,10,11,11,3,2,,,,F. Stevens,RB RM,RB,F. Stevens,FC St. Pauli,2029,179.0,73.0,1000000.0,5000.0,22.78,15873.02
,19,63,74,79762,Right,57,59,55,77,58,37,49,68,66,13,15,8,3,2,,,,A. Kölle,CB,CB,A. Kolle,1. FC Heidenheim 1846,2029,195.0,85.0,975000.0,5000.0,22.35,15476.19
,17,63,80,74512,Right,75,69,50,44,35,63,64,44,42,14,5,13,4,3,,,,V. Gebel,CAM LM RM CM,CAM,V. Gebel,RB Leipzig,2028,175.0,69.0,1200000.0,6000.0,22.53,19047.62
,20,63,74,71001,Right,40,45,24,68,12,40,50,15,10,62,62,63,1,1,,,,S. Scaglia,GK,GK,S. Scaglia,Juventus,2028,196.0,85.0,900000.0,7000.0,22.13,14285.71
,22,63,68,270485,Left,63,61,66,65,59,45,55,60,63,6,14,7,2,2,,,,F. Carboni,LB LM,LB,F. Carboni,"Parma Jun 30, 2026 On loan",,190.0,83.0,700000.0,6000.0,22.99,11111.11
,22,63,69,278280,Right,23,20,29,53,7,39,33,15,12,62,62,59,3,1,,,,F. Rinaldi,GK,GK,F. Rinaldi,Parma,2029,188.0,70.0,625000.0,2000.0,19.81,9920.63
,19,63,78,275647,Left,81,83,73,47,19,50,48,30,23,7,11,9,3,3,,,,J. Arizala,RM RW,RM,J. Arizala,Udinese,2030,183.0,70.0,1100000.0,3000.0,20.9,17460.32
,19,63,79,71296,Right,64,59,52,43,56,65,54,50,52,12,14,6,3,2,,,,İ. Vural,CM CDM,CM,I. Vural,Pisa,2028,183.0,65.0,1200000.0,2000.0,19.41,19047.62
,20,63,77,72912,Left,62,70,57,71,66,35,45,62,60,15,12,14,3,2,,,,R. Bozhinov,CB,CB,R. Bozhinov,Pisa,2030,193.0,81.0,1100000.0,2000.0,21.75,17460.32
,20,63,78,82937,Right,77,76,52,47,36,59,57,34,28,9,11,12,3,3,,,,Iker Luque,RW RM,RW,Iker Luque,Atlético Madrid,2028,168.0,60.0,1200000.0,10000.0,21.26,19047.62
,19,63,76,85082,Right,59,63,67,68,62,59,54,62,57,11,6,10,3,2,,,,Javi Morcillo,CDM CM,CDM,Javi Morcillo,Atlético Madrid,2028,183.0,75.0,1100000.0,8000.0,22.4,17460.32
,17,63,80,85338,Right,68,66,56,64,25,54,55,23,19,8,7,10,3,3,,,,Miguel Cubo,ST,ST,Miguel Cubo,Atlético Madrid,2029,184.0,75.0,1200000.0,8000.0,22.15,19047.62
,18,63,81,81863,Right,75,79,55,54,59,55,51,57,60,15,11,14,2,3,,,,Xavi Espart,RB CDM CM,RB,Xavi Espart,FC Barcelona,2028,175.0,65.0,1200000.0,10000.0,21.22,19047.62
,21,63,74,75239,Right,68,67,64,50,60,53,52,59,56,7,10,6,3,2,,,,David Jiménez,RB,RB,David Jimenez,Real Madrid,2027,170.0,63.0,1000000.0,20000.0,21.8,15873.02
,19,63,80,82756,Right,64,63,67,64,62,66,55,60,50,5,11,9,3,2,,,,Jorge Cestero,CM CDM,CM,Jorge Cestero,Real Madrid,2028,181.0,76.0,1200000.0,20000.0,23.2,19047.62
,20,63,72,83234,Right,77,75,60,76,34,52,52,31,26,12,15,11,3,2,,,,Álvaro Leiva,RW LW RM,RW,Alvaro Leiva,Real Madrid,2028,173.0,68.0,1100000.0,23000.0,22.72,17460.32
,20,63,75,79582,Left,35,31,25,57,18,42,41,11,13,65,64,66,2,1,,,,Mikel Santos,GK,GK,Mikel Santos,Athletic Club,2027,182.0,72.0,1000000.0,3000.0,21.74,15873.02
,18,63,82,82124,Right,63,65,50,36,57,68,58,56,45,11,12,6,3,3,,,,Selton,CAM CM,CAM,Selton,Athletic Club,2029,185.0,75.0,1200000.0,6000.0,21.91,19047.62
,19,63,76,272487,Right,61,52,52,36,54,65,56,55,53,7,9,8,4,2,,,,Dani Pérez,CM CAM CDM,CM,Dani Perez,Real Betis Balompié,2030,173.0,64.0,1100000.0,5000.0,21.38,17460.32
,18,63,77,83212,Right,64,62,66,73,60,53,54,62,58,9,7,5,3,3,,,,Hugo Burcio,CDM CM CB,CDM,Hugo Burcio,RC Celta,2027,187.0,76.0,1100000.0,4000.0,21.73,17460.32
,17,63,78,279868,Right,76,69,53,56,28,51,52,30,33,8,9,7,3,3,,,,David Otorbi,RW RM LM,RW,David Otorbi,Valencia CF,2028,180.0,75.0,1100000.0,5000.0,23.15,17460.32
,22,63,71,70183,Left,55,60,57,59,27,53,60,23,25,5,8,11,3,2,,,,Aitor Mañas,ST,ST,Aitor Manas,Deportivo Alavés,2028,185.0,75.0,1100000.0,6000.0,21.91,17460.32
,20,63,77,71277,Right,73,68,64,58,60,59,57,60,57,7,10,12,3,3,,,,Arguibide,RB RM,RB,Arguibide,CA Osasuna,2027,178.0,75.0,1100000.0,5000.0,23.67,17460.32
,21,63,73,74441,Left,72,69,62,55,61,51,49,63,62,7,5,9,3,2,,,,Raúl Chasco,LB,LB,Raul Chasco,CA Osasuna,2028,179.0,68.0,1000000.0,5000.0,21.22,15873.02
,22,63,73,276087,Right,17,17,22,57,9,38,22,11,12,63,64,62,5,1,,,,D. Stamatakis,GK,GK,D. Stamatakis,CA Osasuna,2027,191.0,83.0,925000.0,4000.0,22.75,14682.54
,20,63,75,75748,Left,55,53,60,64,65,52,48,66,63,14,15,8,3,2,,,,A. Diatta,CDM CM,CDM,A. Diatta,Villarreal CF,2030,190.0,78.0,1100000.0,6000.0,21.61,17460.32
,23,63,71,271757,Right,29,29,28,46,20,41,23,11,14,63,62,63,3,1,,,,Rubén Gómez,GK,GK,Ruben Gomez,Villarreal CF,2027,185.0,73.0,925000.0,4000.0,21.33,14682.54
,21,63,71,75502,Left,78,79,57,59,26,54,53,26,27,11,9,12,3,3,,,,P. Ba,RM CAM RW,RM,P. Ba,Girona FC,2028,180.0,75.0,1100000.0,5000.0,23.15,17460.32
,23,63,70,73213,Right,22,30,31,69,11,36,37,11,13,64,65,59,3,1,,,,Miguel Narváez,GK,GK,Miguel Narvaez,Real Oviedo,2027,188.0,79.0,825000.0,4000.0,22.35,13095.24
,17,63,81,279758,Right,74,72,51,49,32,63,65,37,38,14,8,7,3,3,,,,Pablo Agudín,CAM LM ST CM,CAM,Pablo Agudin,Real Oviedo,2029,178.0,69.0,1200000.0,4000.0,21.78,19047.62
,17,62,83,82853,Left,82,83,55,62,48,58,59,48,45,7,7,14,3,3,,,,B. Mantato,RM LB RW,RM,B. Mantato,Manchester United,2028,180.0,73.0,1200000.0,8000.0,22.53,19354.84
,18,62,80,82899,Right,68,68,63,62,60,62,61,61,59,7,13,13,3,2,,,,T. Fletcher,CM CDM,CM,T. Fletcher,Manchester United,2027,183.0,75.0,1000000.0,9000.0,22.4,16129.03
,33,62,62,198039,Right,32,33,20,61,20,42,48,11,19,63,61,61,3,1,,,,M. Gillespie,GK,GK,M. Gillespie,Newcastle United,2029,192.0,83.0,130000.0,12000.0,22.52,2096.77
,18,62,81,75770,Right,75,74,62,56,59,64,61,58,55,14,12,8,3,3,,,,C. Olusesi,CM CAM CDM,CM,C. Olusesi,Tottenham Hotspur,2029,175.0,70.0,1000000.0,11000.0,22.86,16129.03
,16,62,80,81899,Right,66,68,56,73,60,31,54,62,61,5,9,15,2,2,,,,J. Byfield,CB,CB,J. Byfield,Tottenham Hotspur,2027,185.0,80.0,925000.0,8000.0,23.37,14919.35
,19,62,76,278284,Right,68,68,66,71,59,60,56,62,61,9,12,14,3,2,,,,M. Kanté,CDM CM,CDM,M. Kante,West Ham United,2031,192.0,80.0,900000.0,8000.0,21.7,14516.13
,17,62,84,278578,Right,59,67,60,77,21,50,59,25,23,10,13,5,3,2,,,,J. Kusi-Asare,ST,ST,J. Kusi-Asare,"Fulham FC Jun 30, 2026 On loan",,196.0,84.0,1300000.0,7000.0,21.87,20967.74
,18,62,78,73896,Right,75,70,55,52,58,57,59,58,56,6,11,11,4,3,,,,C. Kporha,RB RM,RB,C. Kporha,Crystal Palace,2029,170.0,67.0,975000.0,9000.0,23.18,15725.81
,19,62,75,80711,Right,76,73,61,57,56,61,58,58,57,6,6,9,3,2,,,,R. Cardines,RB RM LB,RB,R. Cardines,Crystal Palace,2028,175.0,67.0,900000.0,9000.0,21.88,14516.13
,25,62,67,243588,Right,32,29,31,50,14,37,43,12,12,62,60,61,2,1,,,,T. McGill,GK,GK,T. McGill,Brighton & Hove Albion,2027,185.0,80.0,475000.0,9000.0,23.37,7661.29
,21,62,72,271235,Right,63,57,48,71,61,32,57,63,62,14,7,13,3,2,,,,O. Bevan,CB,CB,O. Bevan,AFC Bournemouth,2028,186.0,77.0,825000.0,9000.0,22.26,13306.45
,21,62,73,276933,Right,59,57,56,57,60,60,58,63,59,12,11,6,3,2,,,,N. Buayi-Kiala,CM CDM,CM,N. Buayi-Kiala,AJ Auxerre,2030,177.0,75.0,900000.0,4000.0,23.94,14516.13
,19,62,75,74429,Right,62,56,46,48,55,64,62,56,46,7,12,12,3,3,,,,A. Diallo,CM CDM,CM,A. Diallo,RC Lens,2027,179.0,70.0,950000.0,4000.0,21.85,15322.58
,16,62,78,78547,Right,20,32,27,30,14,35,36,11,12,60,61,59,3,1,,,,I. Jourdren,GK,GK,I. Jourdren,RC Lens,2029,188.0,70.0,875000.0,700.0,19.81,14112.9
,19,62,75,83218,Left,67,68,52,53,49,56,54,49,41,10,6,6,5,3,,,,E. Garnier,RM RB,RM,E. Garnier,RC Lens,2027,180.0,72.0,950000.0,4000.0,22.22,15322.58
,17,62,78,75554,Right,63,66,68,78,58,49,53,69,64,5,11,5,3,2,,,,S. Nibombe,CDM CB CM,CDM,S. Nibombe,AS Monaco,2027,198.0,82.0,950000.0,3000.0,20.92,15322.58
,18,62,77,82978,Right,67,72,64,65,65,43,56,58,56,11,8,7,3,3,,,,I. Touré,RB CB RM,RB,I. Toure,AS Monaco,2028,180.0,72.0,875000.0,4000.0,22.22,14112.9
,20,62,73,74474,Right,73,68,67,61,57,36,56,63,61,5,11,9,2,2,,,,M. Acapandié,RB,RB,M. Acapandie,FC Nantes,2028,182.0,72.0,825000.0,3000.0,21.74,13306.45
,20,62,67,279130,Left,78,78,70,66,20,58,57,19,17,7,9,9,3,2,,,,A. Camara,ST,ST,A. Camara,"FC Nantes Jun 30, 2026 On loan",,180.0,73.0,600000.0,4000.0,22.53,9677.42
,20,62,76,76901,Right,48,46,33,66,8,38,30,11,14,63,60,61,2,1,,,,B. Żelazowski,GK,GK,B. Zelazowski,OGC Nice,2028,193.0,73.0,850000.0,2000.0,19.6,13709.68
,17,62,77,85529,Right,71,70,58,51,16,61,56,20,18,6,5,11,3,3,,,,P. Mounguengue,ST,ST,P. Mounguengue,Paris Saint-Germain,2028,182.0,75.0,925000.0,8000.0,22.64,14919.35
,19,62,79,76534,Right,72,74,53,56,26,62,58,35,26,8,5,9,3,3,,,,H. Do Marcolino,CAM CM ST,CAM,H. Do Marcolino,Stade Rennais FC,2028,179.0,65.0,1000000.0,4000.0,20.29,16129.03
,17,62,76,85291,Left,61,66,66,70,60,57,53,66,57,13,12,13,3,2,,,,I. Sabaly,CDM CM,CDM,I. Sabaly,RC Strasbourg Alsace,2030,190.0,78.0,850000.0,5000.0,21.61,13709.68
,17,62,76,85530,Left,70,66,52,49,28,61,56,34,25,13,8,6,3,3,,,,Y. Diémé,RM ST RW,RM,Y. Dieme,RC Strasbourg Alsace,2030,180.0,70.0,900000.0,5000.0,21.6,14516.13
,18,62,74,74959,Right,58,55,54,47,47,63,58,53,40,11,6,15,4,3,,,,Y. Sellami,CM CDM,CM,Y. Sellami,Olympique de Marseille,2027,184.0,74.0,925000.0,5000.0,21.86,14919.35
,18,62,76,75423,Right,64,68,64,66,59,35,56,67,62,12,8,12,3,2,,,,M. Louër,RB CB,RB,M. Louer,Angers SCO,2028,181.0,75.0,875000.0,2000.0,22.89,14112.9
,19,62,74,82671,Right,73,79,53,74,16,41,55,24,16,15,11,14,3,3,,,,N. Obougou,ST RM RW,ST,N. Obougou,Le Havre AC,2028,180.0,73.0,950000.0,3000.0,22.53,15322.58
,20,62,74,70015,Right,55,57,62,69,58,37,60,65,63,13,14,9,3,2,,,,N. Wasbauer,CB,CB,N. Wasbauer,Toulouse FC,2027,186.0,80.0,900000.0,4000.0,23.12,14516.13
,17,62,78,78379,Right,78,75,51,45,19,60,62,25,21,8,15,14,4,3,,,,I. Azizi,LW ST LM,LW,I. Azizi,Toulouse FC,2030,173.0,63.0,1000000.0,3000.0,21.05,16129.03
,18,62,76,80772,Left,71,67,57,38,33,61,68,43,28,6,12,6,4,3,,,,D. Zema,RW CAM RM,RW,D. Zema,Toulouse FC,2030,169.0,63.0,925000.0,4000.0,22.06,14919.35
,20,62,72,277820,Right,65,60,58,54,56,64,61,61,49,12,10,10,3,2,,,,N. Lahmadi,CM CDM,CM,N. Lahmadi,Toulouse FC,2030,178.0,71.0,875000.0,4000.0,22.41,14112.9
,21,62,74,81726,Right,53,57,55,68,20,53,58,25,20,11,8,12,3,2,,,,J. Urbich,ST,ST,J. Urbich,Borussia Mönchengladbach,2028,188.0,79.0,975000.0,5000.0,22.35,15725.81
,18,62,77,82741,Left,68,67,57,40,30,62,58,32,32,12,8,9,2,3,,,,F. Fleck,RW CAM RM,RW,F. Fleck,Borussia Mönchengladbach,2027,170.0,65.0,925000.0,4000.0,22.49,14919.35
,18,62,80,82814,Left,61,63,57,49,49,60,52,58,52,7,13,9,4,2,,,,F. Chávez,CM CAM CDM,CM,F. Chavez,"1. FC Köln Jun 30, 2026 On loan",,177.0,70.0,1000000.0,7000.0,22.34,16129.03
,17,62,79,82816,Right,68,63,59,63,15,57,48,14,14,15,9,6,4,2,,,,F. Schenten,ST LW,ST,F. Schenten,1. FC Köln,2030,189.0,80.0,1000000.0,3000.0,22.4,16129.03
,19,62,79,83078,Right,71,69,50,53,19,57,54,31,29,5,8,11,3,3,,,,Y. Niang,RW ST RM,RW,Y. Niang,1. FC Köln,2027,185.0,75.0,1000000.0,4000.0,21.91,16129.03
,17,62,82,80665,Right,67,69,60,55,50,63,58,61,53,10,9,13,3,2,,,,J. Mensah,CM CAM CDM,CM,J. Mensah,Bayer 04 Leverkusen,2027,176.0,68.0,1100000.0,7000.0,21.95,17741.94
,18,62,78,76087,Right,56,60,55,74,61,60,52,60,55,12,10,14,3,2,,,,M. Ćatović,CDM CM CB,CDM,M. Catovic,VfB Stuttgart,2028,187.0,83.0,950000.0,5000.0,23.74,15322.58
,18,62,77,79288,Right,68,67,50,47,32,69,52,48,41,9,9,12,3,3,,,,L. Penna,CAM RM CM,CAM,L. Penna,VfB Stuttgart,2027,184.0,74.0,925000.0,5000.0,21.86,14919.35
,25,62,66,82128,Right,55,58,54,76,22,41,60,34,29,7,10,5,3,2,,,,F. Moreno Fell,ST LW LM,ST,F. Moreno Fell,1. FSV Mainz 05,2028,189.0,82.0,550000.0,6000.0,22.96,8870.97
,18,62,75,78753,Right,69,65,59,55,55,49,55,64,61,6,15,8,2,2,,,,J. Bürger,RB RM,RB,J. Burger,VfL Wolfsburg,2028,180.0,72.0,875000.0,5000.0,22.22,14112.9
,18,62,82,82099,Right,62,65,55,44,26,63,60,39,36,8,10,8,3,3,,,,M. Dills,CAM RW CM,CAM,M. Dills,Eintracht Frankfurt,2028,177.0,67.0,1100000.0,4000.0,21.39,17741.94
,17,62,85,82822,Right,66,69,61,56,18,49,50,28,20,5,6,7,3,2,,,,A. Staff,ST RW,ST,A. Staff,Eintracht Frankfurt,2028,182.0,76.0,1300000.0,4000.0,22.94,20967.74
,20,62,77,276489,Right,69,67,50,39,29,57,55,37,35,5,11,6,3,3,,,,D. Preu,LM CAM ST LW,LM,D. Preu,1. FC Union Berlin,2030,172.0,64.0,950000.0,5000.0,21.63,15322.58
,21,62,71,77620,Right,34,41,36,64,13,34,33,14,12,60,60,64,2,1,,,,E. Gazdov,GK,GK,E. Gazdov,"FC St. Pauli Jun 30, 2026 On loan",,194.0,80.0,775000.0,700.0,21.26,12500.0
,19,62,75,74573,Right,66,65,56,50,21,45,56,18,15,7,6,9,3,3,,,,D. Vavassori,ST CAM,ST,D. Vavassori,Atalanta,2029,175.0,75.0,950000.0,9000.0,24.49,15322.58
,34,62,62,194894,Right,22,21,22,30,27,30,42,17,16,63,62,60,2,1,,,,F. Rossi,GK,GK,F. Rossi,Atalanta,2029,193.0,83.0,70000.0,8000.0,22.28,1129.03
,19,62,75,278338,Right,89,80,51,36,30,46,55,38,33,7,14,6,3,3,,,,Saná Fernandes,ST CAM,ST,Sana Fernandes,Lazio,2028,165.0,57.0,950000.0,5000.0,20.94,15322.58
,20,62,76,72179,Right,22,16,26,48,16,52,55,10,11,59,56,62,4,1,,,,L. Torriani,GK,GK,L. Torriani,AC Milan,2030,197.0,85.0,850000.0,3000.0,21.9,13709.68
,18,62,76,81252,Right,67,61,65,56,29,51,56,51,40,13,6,9,3,3,,,,C. Balentien,RM RW,RM,C. Balentien,AC Milan,2030,189.0,75.0,925000.0,6000.0,21.0,14919.35
,19,62,74,74453,Right,66,61,59,62,22,56,61,22,19,14,7,5,3,3,,,,D. Mikołajewski,ST,ST,D. Mikołajewski,Parma,2030,184.0,76.0,950000.0,4000.0,22.45,15322.58
,19,62,76,76172,Right,67,71,60,53,21,51,48,22,16,9,11,12,2,3,,,,L. Venturino,RM LM RW,RM,L. Venturino,"Roma Jun 30, 2026 On loan",,169.0,57.0,950000.0,4000.0,19.96,15322.58
,20,62,71,80604,Right,64,62,61,57,49,63,51,58,54,12,5,10,4,2,,,,N. Kovač,CM CDM,CM,N. Kovac,Lecce,2028,185.0,75.0,875000.0,2000.0,21.91,14112.9
,20,62,71,80606,Right,55,62,65,59,61,51,50,62,61,11,8,6,3,2,,,,O. Gorter,CDM CM,CDM,O. Gorter,Lecce,2028,181.0,75.0,825000.0,2000.0,22.89,13306.45
,19,62,75,74768,Right,71,75,70,60,56,50,51,59,58,7,6,11,3,2,,,,O. Raterink,RB RM,RB,O. Raterink,Cagliari,2030,189.0,80.0,900000.0,2000.0,22.4,14516.13
,19,62,74,82808,Left,74,80,62,60,20,56,54,22,18,14,9,12,2,3,,,,Y. Trepy,ST,ST,Y. Trepy,Cagliari,2028,191.0,80.0,950000.0,2000.0,21.93,15322.58
,18,62,76,83827,Left,65,69,61,56,21,52,50,19,15,6,6,15,3,3,,,,P. Mendy,ST,ST,P. Mendy,Cagliari,2031,187.0,80.0,925000.0,2000.0,22.88,14919.35
,19,62,76,74926,Right,65,68,66,69,60,30,51,67,65,10,10,9,3,2,,,,E. Kouadio,CB,CB,E. Kouadio,Fiorentina,2027,191.0,74.0,875000.0,6000.0,20.28,14112.9
,19,62,76,74484,Left,66,59,68,67,56,61,58,59,53,9,13,5,3,3,,,,G. Lafont,CM CDM,CM,G. Lafont,Genoa,2028,175.0,59.0,950000.0,4000.0,19.27,15322.58
,27,62,65,225432,Right,40,44,31,57,19,30,28,17,19,64,56,59,2,1,,,,D. Sommariva,GK,GK,D. Sommariva,Genoa,2030,185.0,76.0,400000.0,3000.0,22.21,6451.61
,21,62,73,74876,Right,64,63,61,76,61,42,44,60,58,10,11,8,3,2,,,,D. Denoon,CB,CB,D. Denoon,"Pisa Jun 30, 2026 On loan",,187.0,85.0,825000.0,3000.0,24.31,13306.45
,21,62,71,80811,Right,24,25,26,59,9,33,35,13,11,61,62,61,3,1,,,,G. Zacchi,GK,GK,G. Zacchi,Sassuolo,2027,185.0,78.0,775000.0,2000.0,22.79,12500.0
,21,62,75,82755,Left,65,68,61,68,62,41,64,62,56,6,6,7,2,2,,,,Dani Martinez,CB LB CDM CM,CB,Dani Martinez,Atlético Madrid,2027,186.0,75.0,925000.0,8000.0,21.68,14919.35
,20,62,76,279569,Right,69,66,61,54,53,63,59,54,55,7,5,5,4,3,,,,Rayane,CAM RM CM,CAM,Rayane,Atlético Madrid,2029,175.0,63.0,950000.0,8000.0,20.57,15322.58
,19,62,79,277908,Right,21,21,17,62,6,22,35,13,14,61,62,62,2,1,,,,D. Kochen,GK,GK,D. Kochen,FC Barcelona,2028,189.0,83.0,900000.0,5000.0,23.24,14516.13
,18,62,78,75917,Left,70,74,58,59,32,55,48,34,25,7,13,10,2,3,,,,Daniel Yáñez,RW RM,RW,Daniel Yanez,Real Madrid,2029,177.0,73.0,1000000.0,19000.0,23.3,16129.03
,18,62,79,74717,Right,20,30,23,44,13,35,28,14,12,63,60,57,3,1,,,,Manu González,GK,GK,Manu Gonzalez,Real Betis Balompié,2028,189.0,81.0,900000.0,1000.0,22.68,14516.13
,19,62,76,74716,Right,58,59,59,56,55,63,64,60,54,7,12,7,3,2,,,,Jan Salas,CM CAM LM CDM,CM,Jan Salas,RCD Mallorca,2028,182.0,67.0,950000.0,5000.0,20.23,15322.58
,19,62,77,80683,Right,57,63,59,68,17,49,56,17,18,12,6,15,3,2,,,,Aimar Blázquez,ST,ST,Aimar Blazquez,Valencia CF,2027,194.0,75.0,950000.0,6000.0,19.93,15322.58
,21,62,73,78858,Right,74,72,70,60,52,60,56,58,57,9,15,9,3,3,,,,Lander Pinillos,CAM RM CM,CAM,Lander Pinillos,Deportivo Alavés,2027,176.0,66.0,900000.0,5000.0,21.31,14516.13
,19,62,76,83277,Left,68,65,49,42,38,65,52,41,32,11,15,8,3,3,,,,Álex Sánchez,RM LM CAM RW,RM,Alex Sanchez,Elche CF,2027,174.0,60.0,950000.0,4000.0,19.82,15322.58
,19,62,78,279035,Right,68,74,55,54,22,54,52,15,22,11,14,8,3,3,,,,A. Boayar,ST,ST,A. Boayar,Elche CF,2027,178.0,74.0,1000000.0,4000.0,23.36,16129.03
,21,62,72,279507,Left,33,32,25,42,7,36,32,10,11,60,60,60,2,1,,,,Rafa Romero,GK,GK,Rafa Romero,Sevilla FC,2027,192.0,75.0,775000.0,2000.0,20.35,12500.0
,19,62,78,80684,Left,63,63,64,73,64,39,45,63,58,10,10,14,3,2,,,,J. Valou,CB LB,CB,J. Valou,Villarreal CF,2030,188.0,86.0,975000.0,5000.0,24.33,15725.81
,16,62,81,82665,Right,64,65,58,61,64,60,63,61,51,6,8,10,3,2,,,,Carlos Macià,CM CDM,CM,Carlos Macia,Villarreal CF,2029,190.0,78.0,1000000.0,4000.0,21.61,16129.03
,18,62,76,80678,Right,52,62,60,75,55,40,50,60,55,11,14,15,3,2,,,,M. Krug,CB,CB,M. Krug,Levante UD,2028,192.0,77.0,875000.0,4000.0,20.89,14112.9
,19,62,75,71977,Left,57,55,38,46,35,63,63,48,47,12,13,10,2,3,,,,Alberto Risco,CAM CM,CAM,Alberto Risco,Getafe CF,2028,179.0,68.0,950000.0,5000.0,21.22,15322.58
,20,62,75,277458,Left,60,64,61,73,60,31,47,62,60,15,9,14,2,2,,,,Diego Espinosa,CB,CB,Diego Espinosa,Real Oviedo,2029,195.0,80.0,900000.0,5000.0,21.04,14516.13
,20,62,76,279141,Right,71,70,63,57,53,65,63,52,50,12,8,7,3,3,,,,Dieguito,CM CAM RM CDM,CM,Dieguito,Real Oviedo,2028,175.0,70.0,950000.0,5000.0,22.86,15322.58
,24,61,66,247601,Right,62,66,51,73,60,48,59,60,59,5,14,12,2,2,,,,R. Williams,CB,CB,R. Williams,Liverpool,2028,195.0,82.0,450000.0,12000.0,21.56,7377.05
,21,61,72,271977,Right,30,28,20,63,12,24,23,13,10,60,63,59,2,1,,,,H. Davies,GK,GK,H. Davies,Liverpool,2030,190.0,80.0,650000.0,5000.0,22.16,10655.74
,19,61,77,71634,Right,75,73,58,61,54,56,54,62,58,14,10,6,2,3,,,,E. da Silva Moreira,RB RM,RB,E. da Silva Moreira,Nottingham Forest,2028,184.0,82.0,825000.0,9000.0,24.22,13524.59
,18,61,76,82187,Right,66,68,56,76,60,38,51,62,61,10,7,11,3,2,,,,J. Rowswell,CB,CB,J. Rowswell,Tottenham Hotspur,2029,188.0,85.0,725000.0,9000.0,24.05,11885.25
,19,61,78,70230,Right,60,62,64,63,59,61,63,60,58,13,15,9,3,2,,,,L. Orford,CDM CM,CDM,L. Orford,West Ham United,2029,182.0,70.0,800000.0,7000.0,21.13,13114.75
,19,61,71,74917,Right,65,66,55,53,53,64,58,56,52,15,11,5,3,2,,,,M. Aleksić,CM CAM CDM,CM,M. Aleksic,Sunderland,2028,179.0,72.0,700000.0,7000.0,22.47,11475.41
,20,61,70,276718,Right,59,61,54,66,61,58,58,62,60,5,11,6,3,2,,,,K. Rodney,CDM RB CM,CDM,K. Rodney,Crystal Palace,2030,189.0,77.0,675000.0,9000.0,21.56,11065.57
,20,61,73,80578,Right,72,65,58,44,57,43,53,65,67,11,8,6,2,2,,,,C. Mélières,RB,RB,C. Melieres,FC Metz,2028,175.0,65.0,750000.0,2000.0,21.22,12295.08
,16,61,76,80063,Right,72,69,59,72,59,61,62,63,48,9,14,14,3,3,,,,D. Coulibaly,CM CDM,CM,D. Coulibaly,OGC Nice,2027,190.0,76.0,750000.0,2000.0,21.05,12295.08
,17,61,77,82427,Right,75,70,51,55,33,47,58,38,27,10,7,14,3,3,,,,E. Legendre Quiñonez,RM RW,RM,E. Legendre Quinonez,Stade Rennais FC,2029,179.0,68.0,825000.0,2000.0,21.22,13524.59
,16,61,79,83565,Left,68,66,57,58,52,57,59,58,46,7,6,10,2,3,,,,T. Noubissie,CM CDM,CM,T. Noubissie,RC Strasbourg Alsace,2028,188.0,77.0,825000.0,5000.0,21.79,13524.59
,21,61,70,82993,Right,78,73,47,44,39,58,65,44,36,12,9,12,3,3,,,,Daniel Semedo,CAM CM,CAM,Daniel Semedo,FC Lorient,2028,177.0,68.0,725000.0,3000.0,21.71,11885.25
,18,61,82,275301,Right,88,85,53,48,25,48,65,26,21,6,13,9,3,4,,,,T. Sanusi,LW RW LM,LW,T. Sanusi,"FC Lorient Jun 30, 2026 On loan",,178.0,63.0,1000000.0,12000.0,19.88,16393.44
,18,61,75,85288,Left,61,66,53,81,22,51,53,22,16,6,6,11,2,2,,,,U. Lamare El Kadmiri,ST,ST,U. Lamare El Kadmiri,Olympique de Marseille,2027,193.0,84.0,775000.0,5000.0,22.55,12704.92
,21,61,71,278095,Right,25,32,23,63,10,39,23,11,12,64,59,55,3,1,,,,J. Van Neck,GK,GK,J. Van Neck,Olympique de Marseille,2027,191.0,70.0,650000.0,2000.0,19.19,10655.74
,19,61,71,78377,Right,66,74,57,77,19,41,46,21,17,11,8,15,3,2,,,,L. Machine,ST,ST,L. Machine,Angers SCO,2028,183.0,75.0,725000.0,2000.0,22.4,11885.25
,19,61,77,71265,Right,44,43,27,47,9,33,41,13,15,62,59,54,2,1,,,,P. Argney,GK,GK,P. Argney,Le Havre AC,2027,186.0,75.0,750000.0,900.0,21.68,12295.08
,18,61,76,73625,Right,52,54,34,62,60,64,62,62,55,7,7,5,2,2,,,,G. Zohouri,CM CDM,CM,G. Zohouri,Le Havre AC,2027,185.0,75.0,750000.0,2000.0,21.91,12295.08
,18,61,76,80691,Right,75,76,57,75,19,46,59,23,17,12,9,9,3,3,,,,E. Faty,ST,ST,E. Faty,Toulouse FC,2030,189.0,75.0,775000.0,3000.0,21.0,12704.92
,20,61,74,80775,Right,62,64,58,63,56,28,58,69,63,11,13,14,3,2,,,,F. Efuele Ngoyala,CB CDM CM,CB,F. Efuele Ngoyala,Toulouse FC,2028,184.0,75.0,750000.0,3000.0,22.15,12295.08
,18,61,80,70068,Left,58,60,41,49,39,62,57,35,33,5,12,13,3,3,,,,G. Della Rovere,CAM CM,CAM,G. Della Rovere,FC Bayern München,2027,187.0,75.0,825000.0,6000.0,21.45,13524.59
,16,61,85,77126,Left,73,70,44,43,26,57,43,36,38,7,8,10,5,3,,,,W. Mike,LM LW,LM,W. Mike,FC Bayern München,2027,175.0,65.0,1000000.0,5000.0,21.22,16393.44
,20,61,74,82813,Right,69,69,65,64,60,47,50,60,54,5,12,7,3,2,,,,V. Manuba,RB LB,RB,V. Manuba,FC Bayern München,2028,183.0,80.0,750000.0,7000.0,23.89,12295.08
,17,61,81,85225,Right,78,85,40,55,61,62,59,57,56,8,6,10,3,2,,,,B. Sapoko Ndiaye,CM CAM CDM,CM,B. Sapoko Ndiaye,FC Bayern München,2028,180.0,77.0,875000.0,5000.0,23.77,14344.26
,18,61,79,76107,Right,53,55,52,74,57,35,49,64,62,15,14,9,3,2,,,,E. Benkara,CB,CB,E. Benkara,Borussia Dortmund,2029,193.0,80.0,775000.0,5000.0,21.48,12704.92
,16,61,85,78577,Right,56,58,49,67,64,59,65,61,52,13,6,10,3,2,,,,M. Kaba,CDM CM,CDM,M. Kaba,Borussia Dortmund,2027,197.0,86.0,975000.0,4000.0,22.16,15983.61
,18,61,77,82767,Right,69,67,61,52,60,39,51,57,62,15,5,10,3,2,,,,C. Neumann,RB RM,RB,C. Neumann,1. FC Köln,2027,178.0,70.0,800000.0,3000.0,22.09,13114.75
,19,61,77,79455,Right,65,68,60,69,24,51,60,23,23,6,9,14,3,3,,,,S. Musah,ST,ST,S. Musah,SV Werder Bremen,2029,198.0,84.0,850000.0,4000.0,21.43,13934.43
,20,61,75,75280,Left,67,55,51,52,39,57,60,52,50,15,14,13,3,2,,,,D. Gleiber,CM CAM CDM,CM,D. Gleiber,1. FSV Mainz 05,2028,181.0,78.0,775000.0,4000.0,23.81,12704.92
,18,61,76,82194,Right,62,63,49,55,53,65,55,51,48,6,14,8,2,3,,,,P. Hensel,CM CDM CAM,CM,P. Hensel,VfL Wolfsburg,2029,181.0,75.0,750000.0,5000.0,22.89,12295.08
,20,61,75,74464,Right,61,55,49,59,23,56,60,55,55,13,8,11,3,2,,,,F. Micheler,CM CAM CDM,CM,F. Micheler,TSG 1899 Hoffenheim,2027,185.0,76.0,775000.0,5000.0,22.21,12704.92
,20,61,71,78436,Right,66,51,56,85,58,31,43,66,60,12,11,11,2,2,,,,K. Frees,CB,CB,K. Frees,TSG 1899 Hoffenheim,2029,203.0,98.0,675000.0,4000.0,23.78,11065.57
,24,61,67,257637,Right,20,27,23,57,7,35,29,15,12,61,59,59,2,1,,,,D. Klein,GK,GK,D. Klein,FC Augsburg,2029,191.0,84.0,425000.0,3000.0,23.03,6967.21
,23,61,71,73119,Right,20,29,24,63,12,35,27,10,10,61,58,59,3,1,,,,S. Spari,GK,GK,S. Spari,FC St. Pauli,2028,196.0,89.0,625000.0,2000.0,23.17,10245.9
,17,61,82,77325,Left,63,69,69,65,55,51,67,59,58,14,7,10,3,2,,,,L. Jakirović,CB LB,CB,L. Jakirovic,Inter,2030,190.0,76.0,975000.0,3000.0,21.05,15983.61
,18,61,76,82088,Left,68,69,60,56,30,48,58,25,15,13,6,9,3,3,,,,M. Mosconi,ST,ST,M. Mosconi,Inter,2028,179.0,75.0,775000.0,4000.0,23.41,12704.92
,23,61,66,270217,Right,37,43,29,57,14,35,31,14,13,63,60,55,2,1,,,,A. Furlanetto,GK,GK,A. Furlanetto,Lazio,2028,191.0,78.0,400000.0,3000.0,21.38,6557.38
,19,61,76,81972,Right,66,66,69,58,21,52,48,22,19,14,5,5,3,3,,,,A. Cardinali,LM RM ST LW,LM,A. Cardinali,Parma,2028,180.0,75.0,775000.0,3000.0,23.15,12704.92
,21,61,69,278623,Right,30,21,19,32,12,35,38,9,15,62,65,60,2,1,,,,J. Samooja,GK,GK,J. Samooja,Lecce,2030,189.0,84.0,650000.0,850.0,23.52,10655.74
,18,61,76,80505,Right,66,67,61,68,59,30,48,66,59,13,10,10,3,2,,,,E. Košpo,CB,CB,E. Kospo,Fiorentina,2030,191.0,85.0,725000.0,5000.0,23.3,11885.25
,18,61,74,77832,Right,62,61,68,59,26,56,42,42,33,15,7,8,3,3,,,,F. Carbone,CAM CM,CAM,F. Carbone,Genoa,2028,180.0,75.0,750000.0,3000.0,23.15,12295.08
,18,61,76,84080,Right,62,66,65,56,61,42,50,65,61,9,6,12,3,2,,,,M. Doucouré,CB,CB,M. Doucoure,Genoa,2028,180.0,75.0,725000.0,3000.0,23.15,11885.25
,20,61,76,278294,Right,65,62,65,59,61,45,50,65,62,13,11,13,3,2,,,,F. Coppola,CB,CB,F. Coppola,Pisa,2029,195.0,82.0,750000.0,2000.0,21.56,12295.08
,19,61,76,82435,Right,61,56,61,69,58,26,45,62,56,15,7,14,2,2,,,,T. Macchioni,CB,CB,T. Macchioni,Sassuolo,2029,192.0,85.0,725000.0,3000.0,23.06,11885.25
,18,61,79,80663,Left,65,67,65,63,58,40,56,56,54,10,15,13,3,2,,,,Jofre Torrents,LB,LB,Jofre Torrents,FC Barcelona,2028,185.0,75.0,800000.0,8000.0,21.91,13114.75
,18,61,78,82439,Right,66,63,58,69,62,56,59,58,54,10,10,11,3,2,,,,Tommy Marqués,CDM CM,CDM,Tommy Marques,FC Barcelona,2028,186.0,73.0,800000.0,8000.0,21.1,13114.75
,18,61,77,75572,Right,65,64,68,67,54,50,45,66,57,11,5,13,3,3,,,,Fortea,RB,RB,Fortea,Real Madrid,2029,174.0,62.0,800000.0,14000.0,20.48,13114.75
,18,61,78,84238,Right,64,65,59,59,58,61,64,56,46,11,8,15,3,3,,,,Andrés Antañón,CM CAM CDM,CM,Andres Antanon,RC Celta,2027,183.0,75.0,825000.0,3000.0,22.4,13524.59
,17,61,78,85659,Left,67,66,64,48,57,49,43,58,57,7,13,8,3,2,,,,Orejuela,LB,LB,Orejuela,RCD Mallorca,2028,176.0,66.0,775000.0,3000.0,21.31,12704.92
,19,61,74,78669,Right,58,59,56,61,58,61,62,59,54,7,10,8,3,2,,,,Lucas Núñez,CM CDM,CM,Lucas Nunez,Valencia CF,2028,183.0,73.0,775000.0,5000.0,21.8,12704.92
,21,61,72,81739,Right,75,77,69,71,60,42,43,60,58,11,13,13,4,2,,,,Carlos Ballestero,RB LB CB,RB,Carlos Ballestero,Deportivo Alavés,2027,178.0,74.0,700000.0,4000.0,23.36,11475.41
,19,61,77,277814,Right,22,30,19,52,12,39,33,11,12,63,61,61,3,1,,,,G. Swiderski,GK,GK,G. Swiderski,Deportivo Alavés,2027,187.0,72.0,750000.0,2000.0,20.59,12295.08
,20,61,75,82907,Right,72,74,56,61,34,64,53,45,35,11,12,12,3,3,,,,Mestanza,CAM LW RW CM,CAM,Mestanza,"Getafe CF Jun 30, 2026 On loan",,177.0,72.0,800000.0,8000.0,22.98,13114.75
,22,61,70,260104,Right,67,64,63,70,52,55,50,56,63,15,10,5,3,2,,,,Damián,CM CDM,CM,Damian,Getafe CF,2029,181.0,76.0,725000.0,5000.0,23.2,11885.25
,22,61,72,266085,Right,58,63,55,68,55,46,53,62,61,13,12,14,3,2,,,,Lucas Laso,CB,CB,Lucas Laso,Getafe CF,2030,189.0,82.0,700000.0,5000.0,22.96,11475.41
,18,61,78,81378,Right,73,72,60,54,56,49,48,55,57,10,9,11,2,2,,,,Gibi,RB,RB,Gibi,Girona FC,2029,178.0,70.0,800000.0,3000.0,22.09,13114.75
,19,61,75,82667,Right,72,71,55,46,31,54,55,35,22,11,10,12,4,3,,,,J. Arango,LM ST LW,LM,J. Arango,Girona FC,2028,175.0,71.0,775000.0,4000.0,23.18,12704.92
,19,61,74,73215,Right,62,65,58,74,59,58,59,60,59,13,10,6,3,3,,,,Cheli,CM CAM CDM,CM,Cheli,Real Oviedo,2029,187.0,82.0,775000.0,4000.0,23.45,12704.92
,21,61,72,78072,Left,70,68,58,60,58,50,48,58,59,5,6,9,3,3,,,,Omar Falah,LB LM,LB,Omar Falah,Real Oviedo,2027,183.0,70.0,700000.0,4000.0,20.9,11475.41
,20,61,74,78864,Right,83,81,63,57,47,50,53,55,58,6,12,10,3,3,,,,M. Gueye,RM RB RW,RM,M. Gueye,Real Oviedo,2027,171.0,68.0,800000.0,5000.0,23.26,13114.75
,18,60,79,72281,Right,74,73,55,50,56,49,56,58,56,10,12,13,3,2,,,,L. Shahar,RB RM,RB,L. Shahar,Newcastle United,2028,175.0,65.0,600000.0,8000.0,21.22,10000.0
,18,60,78,75842,Left,65,68,59,77,58,36,45,61,59,8,14,7,2,2,,,,E. Mayers,CB,CB,E. Mayers,West Ham United,2028,188.0,80.0,600000.0,6000.0,22.63,10000.0
,20,60,74,71493,Left,69,67,52,45,35,61,57,38,35,14,14,9,3,3,,,,H. Jones,CAM CM,CAM,H. Jones,Sunderland,2028,175.0,68.0,600000.0,6000.0,22.2,10000.0
,18,60,78,81895,Left,82,81,48,40,30,60,60,35,27,8,11,12,3,3,,,,N. Oriola,LM RM LW,LM,N. Oriola,Brighton & Hove Albion,2027,175.0,70.0,625000.0,7000.0,22.86,10416.67
,19,60,75,76254,Right,75,72,60,52,25,50,56,29,22,9,12,13,3,3,,,,R. Rees-Dottin,ST,ST,R. Rees-Dottin,AFC Bournemouth,2028,174.0,76.0,600000.0,7000.0,25.1,10000.0
,19,60,72,82080,Right,58,62,60,64,58,49,48,66,58,9,8,5,3,2,,,,Y. Zaddy,CDM CM,CDM,Y. Zaddy,AJ Auxerre,2028,180.0,72.0,550000.0,2000.0,22.22,9166.67
,19,60,76,75965,Left,78,77,55,68,19,46,53,21,20,11,9,10,2,3,,,,J. Mangondo,ST,ST,J. Mangondo,FC Metz,2028,185.0,78.0,650000.0,2000.0,22.79,10833.33
,18,60,77,75924,Left,32,28,16,54,9,42,34,14,12,60,58,58,3,1,,,,J. Stawiecki,GK,GK,J. Stawiecki,AS Monaco,2029,186.0,75.0,550000.0,1000.0,21.68,9166.67
,17,60,76,84244,Right,82,78,48,47,15,45,61,16,13,9,12,10,3,3,,,,J. Bosey,ST,ST,J. Bosey,RC Strasbourg Alsace,2029,175.0,65.0,625000.0,5000.0,21.22,10416.67
,19,60,73,81514,Right,68,63,44,56,36,56,56,44,36,9,6,5,3,3,,,,M. Bley,CAM CM,CAM,M. Bley,FC Lorient,2028,175.0,65.0,575000.0,2000.0,21.22,9583.33
,20,60,69,85290,Right,58,62,54,58,62,59,49,61,53,11,10,6,3,2,,,,N. Kamissoko,CDM CM,CDM,N. Kamissoko,Olympique de Marseille,2027,183.0,74.0,500000.0,4000.0,22.1,8333.33
,28,60,61,245854,Right,26,22,25,63,11,27,22,13,10,62,57,56,2,1,,,,T. Vermot,GK,GK,T. Vermot,Olympique de Marseille,2028,190.0,75.0,200000.0,4000.0,20.78,3333.33
,17,60,76,80687,Left,53,59,58,73,54,29,53,61,64,9,8,14,2,2,,,,G. Gomis,CB,CB,G. Gomis,Le Havre AC,2028,184.0,72.0,575000.0,1000.0,21.27,9583.33
,18,60,80,82811,Left,65,65,59,51,58,48,45,61,60,10,7,7,3,2,,,,D. Ofli,LB,LB,D. Ofli,FC Bayern München,2028,181.0,72.0,650000.0,5000.0,21.98,10833.33
,18,60,80,76031,Right,51,54,61,62,56,44,65,63,63,8,13,10,2,2,,,,N. Swider,CDM CM,CDM,N. Swider,Borussia Mönchengladbach,2027,188.0,78.0,650000.0,3000.0,22.07,10833.33
,19,60,77,74043,Right,63,63,52,48,58,57,59,61,58,8,13,14,3,2,,,,F. Harchaoui,CDM CM,CDM,F. Harchaoui,1. FC Köln,2028,175.0,67.0,600000.0,2000.0,21.88,10000.0
,17,60,82,76335,Left,54,54,60,64,62,39,47,62,60,13,8,8,3,2,,,,B. Hawighorst,CB CDM,CB,B. Hawighorst,Bayer 04 Leverkusen,2028,185.0,76.0,725000.0,5000.0,22.21,12083.33
,18,60,79,82394,Right,66,68,65,50,53,60,54,58,55,9,5,11,4,2,,,,N. Mensah,CM CDM,CM,N. Mensah,Bayer 04 Leverkusen,2027,172.0,63.0,625000.0,6000.0,21.3,10416.67
,18,60,79,84354,Left,76,75,62,45,25,55,51,42,40,8,10,10,3,3,,,,E. Chigozie Owen,RM CAM RW,RM,E. Chigozie Owen,Bayer 04 Leverkusen,2028,171.0,65.0,625000.0,6000.0,22.23,10416.67
,18,60,77,75461,Right,63,65,62,50,61,59,57,60,50,12,12,6,4,2,,,,W. Adeh,CM CDM,CM,W. Adeh,SV Werder Bremen,2028,187.0,77.0,625000.0,3000.0,22.02,10416.67
,18,60,75,82735,Right,69,69,52,52,30,54,56,28,31,6,15,14,4,3,,,,T. Benedict,LM LW ST,LM,T. Benedict,VfL Wolfsburg,2028,182.0,72.0,575000.0,4000.0,21.74,9583.33
,18,60,78,75810,Right,18,19,18,61,6,30,22,12,8,61,54,56,3,1,,,,A. Šiljević,GK,GK,A. Siljevic,Eintracht Frankfurt,2028,190.0,78.0,550000.0,1000.0,21.61,9166.67
,20,60,75,81535,Left,55,55,56,67,57,39,53,63,61,9,14,10,3,2,,,,F. Doumbia,CB LB,CB,F. Doumbia,Eintracht Frankfurt,2029,190.0,79.0,550000.0,3000.0,21.88,9166.67
,21,60,72,72371,Right,61,46,53,39,56,52,51,65,64,8,13,12,3,2,,,,M. Kücüksahin,CDM CM,CDM,M. Kucuksahin,FC Augsburg,2027,177.0,70.0,575000.0,4000.0,22.34,9583.33
,18,60,75,77413,Right,55,43,58,64,61,46,46,65,60,7,10,12,3,2,,,,F. Meiser,CB,CB,F. Meiser,FC Augsburg,2027,189.0,78.0,525000.0,3000.0,21.84,8750.0
,18,60,77,80231,Left,68,69,49,55,18,52,56,30,28,6,9,11,3,3,,,,Y. Wagner,LM ST LW,LM,Y. Wagner,1. FC Heidenheim 1846,2029,182.0,78.0,625000.0,3000.0,23.55,10416.67
,16,60,81,79095,Left,59,64,56,69,21,45,51,18,15,6,15,14,2,2,,,,A. Arena,ST,ST,A. Arena,Roma,2028,188.0,78.0,775000.0,4000.0,22.07,12916.67
,17,60,77,75126,Right,61,67,61,52,54,62,56,56,50,9,14,12,3,2,,,,A. Lahdo,CM CDM,CM,A. Lahdo,Como,2027,179.0,70.0,600000.0,6000.0,21.85,10000.0
,19,60,75,83223,Left,69,62,59,51,56,40,45,59,56,12,14,9,3,2,,,,L. Balbo,LB LM,LB,L. Balbo,Fiorentina,2028,177.0,75.0,550000.0,4000.0,23.94,9166.67
,21,60,72,278331,Right,20,17,19,51,10,35,34,14,14,58,55,63,3,1,,,,L. Nava,GK,GK,L. Nava,Cremonese,2028,197.0,91.0,525000.0,700.0,23.45,8750.0
,18,60,75,82434,Right,65,69,61,50,52,59,50,56,48,5,5,6,3,2,,,,C. Frangella,CM CAM,CM,C. Frangella,Sassuolo,2028,175.0,75.0,575000.0,2000.0,24.49,9583.33
,19,60,77,74108,Left,66,63,60,58,33,64,60,42,46,11,12,6,3,3,,,,Jano Monserrate,CAM CM,CAM,Jano Monserrate,Atlético Madrid,2027,177.0,72.0,625000.0,6000.0,22.98,10416.67
,17,60,79,81604,Right,70,68,68,70,59,57,54,59,50,5,10,11,3,3,,,,Taufik Seidu,CM CDM,CM,Taufik Seidu,Atlético Madrid,2029,182.0,74.0,600000.0,4000.0,22.34,10000.0
,17,60,80,75068,Right,66,68,68,67,36,58,60,51,48,15,10,11,3,2,,,,Guille Fernández,CM CDM,CM,Guille Fernandez,FC Barcelona,2027,181.0,76.0,675000.0,6000.0,23.2,11250.0
,18,60,76,75747,Left,68,65,62,60,62,61,60,63,47,11,9,9,3,2,,,,Diego Aguado,CB LB CM,CB,Diego Aguado,Real Madrid,2029,180.0,70.0,600000.0,11000.0,21.6,10000.0
,21,60,71,86089,Left,67,66,61,51,58,53,58,58,56,15,13,14,3,2,,,,Manu Serrano,LB CB,LB,Manu Serrano,Real Madrid,2027,175.0,62.0,525000.0,13000.0,20.24,8750.0
,20,60,74,272503,Right,47,40,22,61,11,29,26,9,11,61,59,61,2,1,,,,Sergio Mestre,GK,GK,Sergio Mestre,Real Madrid,2028,193.0,80.0,525000.0,7000.0,21.48,8750.0
,20,60,74,82180,Right,64,63,52,75,27,51,52,25,16,7,8,13,3,2,,,,Asier Hierro,ST,ST,Asier Hierro,Athletic Club,2028,190.0,79.0,600000.0,5000.0,21.88,10000.0
,18,60,76,85378,Right,72,74,44,41,32,57,49,31,29,10,8,12,3,2,,,,Lluc Castell,LW LM,LW,Lluc Castell,RCD Espanyol,2028,164.0,65.0,625000.0,2000.0,24.17,10416.67
,17,60,77,74481,Left,77,71,58,47,60,58,49,57,53,11,5,9,3,2,,,,I. Salhi,LB LM,LB,I. Salhi,RCD Mallorca,2029,172.0,57.0,600000.0,2000.0,19.27,10000.0
,19,60,75,85651,Right,69,64,57,62,59,49,57,58,56,13,12,5,3,2,,,,Miguel Calatayud,RB RM,RB,Miguel Calatayud,RCD Mallorca,2030,182.0,70.0,550000.0,3000.0,21.13,9166.67
,19,60,73,79474,Right,69,69,68,48,53,61,56,58,57,9,14,10,2,2,,,,Samu Becerra,CM CDM,CM,Samu Becerra,Rayo Vallecano,2027,165.0,60.0,575000.0,2000.0,22.04,9583.33
,18,60,79,81244,Right,60,63,52,50,41,59,53,44,40,13,6,10,3,3,,,,Hugo López,CAM LM LW CM,CAM,Hugo Lopez,Villarreal CF,2028,178.0,69.0,625000.0,4000.0,21.78,10416.67
,20,60,72,269146,Right,39,31,24,39,9,36,31,12,10,61,60,58,2,1,,,,Álex Primo,GK,GK,Alex Primo,Levante UD,2028,187.0,74.0,525000.0,1000.0,21.16,8750.0
,19,60,74,73214,Right,73,71,54,38,58,47,45,57,58,7,7,15,5,3,,,,Adri Fernández,RB LB,RB,Adri Fernandez,Real Oviedo,2029,174.0,68.0,550000.0,3000.0,22.46,9166.67
,18,59,79,77791,Right,64,65,53,55,15,54,56,23,22,13,9,14,3,2,,,,S. Neave,ST CAM,ST,S. Neave,Newcastle United,2028,184.0,72.0,625000.0,10000.0,21.27,10593.22
,17,59,74,80647,Right,64,62,58,61,56,29,45,62,60,12,7,8,3,2,,,,E. Legros,CB,CB,E. Legros,AJ Auxerre,2028,177.0,64.0,475000.0,2000.0,20.43,8050.85
,19,59,71,80650,Right,67,74,51,75,17,48,52,19,12,14,10,11,3,3,,,,R. Rodin,ST,ST,R. Rodin,AJ Auxerre,2028,194.0,73.0,550000.0,3000.0,19.4,9322.03
,22,59,69,277644,Right,21,25,21,52,9,33,34,12,13,56,57,61,3,1,,,,T. Negrel,GK,GK,T. Negrel,AJ Auxerre,2030,192.0,75.0,450000.0,2000.0,20.35,7627.12
,20,59,69,84356,Right,62,63,56,56,22,51,53,22,18,14,6,5,2,3,,,,A. Lago,ST,ST,A. Lago,Olympique de Marseille,2027,183.0,75.0,500000.0,5000.0,22.4,8474.58
,18,59,75,74489,Left,76,73,47,53,27,57,56,32,26,7,6,11,2,3,,,,I. Kanté,RM RW,RM,I. Kante,Stade Brestois 29,2028,175.0,65.0,575000.0,2000.0,21.22,9745.76
,19,59,72,70541,Right,38,41,30,67,15,36,38,15,13,59,60,56,2,1,,,,O. Pona,GK,GK,O. Pona,Angers SCO,2027,195.0,78.0,475000.0,750.0,20.51,8050.85
,17,59,76,85229,Right,68,65,63,58,59,51,56,59,52,12,6,8,3,3,,,,B. Diatta,CDM CM,CDM,B. Diatta,Angers SCO,2027,180.0,67.0,525000.0,1000.0,20.68,8898.31
,20,59,71,80774,Left,68,66,57,58,59,28,50,65,66,12,6,9,3,2,,,,G. Bakhouche,CB LB,CB,G. Bakhouche,Toulouse FC,2028,186.0,74.0,500000.0,2000.0,21.39,8474.58
,18,59,79,79317,Right,60,61,50,33,54,58,47,60,63,11,14,7,3,2,,,,Santos Daiber,CDM CM,CDM,Santos Daiber,FC Bayern München,2030,185.0,72.0,600000.0,5000.0,21.04,10169.49
,16,59,79,84386,Right,64,69,49,44,20,56,52,36,47,9,10,7,3,3,,,,Maycon Cardozo,RM LM RW,RM,Maycon Cardozo,FC Bayern München,2028,165.0,60.0,600000.0,4000.0,22.04,10169.49
,17,59,75,84104,Right,60,64,53,51,53,55,44,61,56,9,14,10,3,2,,,,R. Tarnutzer,CM CDM,CM,R. Tarnutzer,SC Freiburg,2028,184.0,78.0,550000.0,2000.0,23.04,9322.03
,18,59,73,82511,Right,60,62,55,67,63,39,53,62,60,5,15,12,2,2,,,,S. Nandja,CB,CB,S. Nandja,Hamburger SV,2028,186.0,76.0,500000.0,2000.0,21.97,8474.58
,19,59,76,279101,Right,67,70,48,52,26,60,56,30,33,15,8,7,4,3,,,,B. Yalçınkaya,CAM RW LW CM,CAM,B. Yalcınkaya,Hamburger SV,2027,182.0,72.0,575000.0,3000.0,21.74,9745.76
,20,59,71,71177,Right,54,64,55,63,49,55,52,52,47,10,15,9,3,3,,,,M. El Mala,ST LM,ST,M. El Mala,1. FC Köln,2030,193.0,77.0,550000.0,3000.0,20.67,9322.03
,18,59,77,83937,Right,69,75,52,57,58,35,45,58,64,13,8,10,3,2,,,,D. Fürst,RB,RB,D. Furst,1. FC Köln,2028,185.0,75.0,550000.0,2000.0,21.91,9322.03
,18,59,77,82393,Right,58,62,58,57,61,40,56,62,59,12,10,12,3,2,,,,F. Pohl,CB,CB,F. Pohl,Bayer 04 Leverkusen,2028,184.0,69.0,550000.0,6000.0,20.38,9322.03
,17,59,76,77127,Right,52,58,44,69,61,33,42,63,57,9,7,14,2,2,,,,M. Schmetgens,CB,CB,M. Schmetgens,SV Werder Bremen,2028,190.0,85.0,525000.0,2000.0,23.55,8898.31
,18,59,77,79461,Right,31,37,20,61,12,33,27,14,11,60,57,55,3,1,,,,S. Smarkalev,GK,GK,S. Smarkalev,SV Werder Bremen,2027,188.0,82.0,500000.0,1000.0,23.2,8474.58
,18,59,78,74562,Right,52,54,58,60,59,39,49,62,59,7,13,8,3,2,,,,T. Neininger,CB,CB,T. Neininger,VfL Wolfsburg,2028,186.0,79.0,550000.0,4000.0,22.84,9322.03
,17,59,79,78735,Right,20,21,20,61,9,42,30,14,11,60,53,59,3,1,,,,J. Zieliński,GK,GK,J. Zielinski,VfL Wolfsburg,2028,194.0,83.0,550000.0,800.0,22.05,9322.03
,18,59,77,75476,Right,64,59,54,55,60,57,39,58,58,13,11,10,3,2,,,,M. Schmitz,CDM CAM CM,CDM,M. Schmitz,FC St. Pauli,2028,180.0,72.0,550000.0,2000.0,22.22,9322.03
,21,59,70,76058,Left,65,68,47,68,31,48,49,30,25,13,7,7,4,3,,,,R. Aigbekaen,ST LW,ST,R. Aigbekaen,FC St. Pauli,2028,188.0,81.0,500000.0,3000.0,22.92,8474.58
,19,59,73,79763,Right,67,65,59,72,45,51,47,48,58,7,5,14,3,2,,,,N. Rothweiler,CM CDM,CM,N. Rothweiler,1. FC Heidenheim 1846,2027,190.0,83.0,525000.0,3000.0,22.99,8898.31
,18,59,73,81684,Right,67,65,52,49,29,50,55,31,34,6,14,14,4,3,,,,T. Weigel,RM RW,RM,T. Weigel,1. FC Heidenheim 1846,2028,175.0,69.0,525000.0,3000.0,22.53,8898.31
,23,59,67,262922,Right,18,17,24,41,7,21,30,11,12,60,61,58,2,1,,,,P. Tschernuth,GK,GK,P. Tschernuth,1. FC Heidenheim 1846,2027,186.0,84.0,425000.0,2000.0,24.28,7203.39
,16,59,82,82689,Right,69,69,55,65,26,56,53,22,24,9,15,7,3,2,,,,S. Konaté,ST,ST,S. Konate,RB Leipzig,2028,190.0,79.0,700000.0,4000.0,21.88,11864.41
,17,59,79,82847,Right,57,59,57,60,57,49,49,60,60,11,7,10,3,2,,,,B. Kaltefleiter,CDM CM,CDM,B. Kaltefleiter,RB Leipzig,2028,189.0,79.0,575000.0,3000.0,22.12,9745.76
,19,59,74,81592,Right,66,65,52,42,51,59,50,56,50,5,10,13,3,2,,,,V. Farcomeni,CM CDM,CM,V. Farcomeni,Lazio,2028,176.0,75.0,525000.0,3000.0,24.21,8898.31
,20,59,73,74010,Right,56,56,55,67,61,48,47,56,55,5,14,9,3,2,,,,J. Sardo,CM CDM,CM,J. Sardo,AC Milan,2029,186.0,75.0,550000.0,5000.0,21.68,9322.03
,19,59,74,76027,Right,67,68,52,52,48,62,50,52,48,13,14,12,3,2,,,,S. Perciun,CM CDM,CM,S. Perciun,Torino,2029,175.0,65.0,525000.0,4000.0,21.22,8898.31
,18,59,74,81251,Right,67,68,56,59,15,42,48,15,11,14,8,11,3,3,,,,I. Vermeșan,ST,ST,I. Vermesan,Hellas Verona FC,2027,185.0,75.0,525000.0,1000.0,21.91,8898.31
,23,59,67,271199,Right,21,28,34,65,15,36,38,12,13,61,55,57,2,1,,,,G. Ciocci,GK,GK,G. Ciocci,Cagliari,2027,190.0,86.0,425000.0,950.0,23.82,7203.39
,17,59,74,85105,Left,66,61,61,51,56,40,45,59,56,14,11,9,3,2,,,,L. Ouedraogo,LB,LB,L. Ouedraogo,Genoa,2028,175.0,75.0,500000.0,2000.0,24.49,8474.58
,19,59,75,81637,Left,67,65,55,64,60,30,65,61,55,13,15,8,2,2,,,,Iker Monreal,CB LB,CB,Iker Monreal,Athletic Club,2028,185.0,75.0,550000.0,4000.0,21.91,9322.03
,18,59,76,80806,Right,66,62,52,51,21,63,60,34,39,13,6,13,3,2,,,,Iván Corralejo,CAM CM,CAM,Ivan Corralejo,Real Betis Balompié,2028,176.0,65.0,575000.0,3000.0,20.98,9745.76
,18,59,76,81654,Left,63,57,56,64,60,38,51,59,57,11,8,7,2,2,,,,Javier Olaizola,CB LB,CB,Javier Olaizola,RCD Mallorca,2028,185.0,75.0,550000.0,3000.0,21.91,9322.03
,22,59,66,81738,Right,61,63,52,63,10,50,49,21,14,6,13,12,3,2,,,,Diego Morcillo,ST,ST,Diego Morcillo,Deportivo Alavés,2028,185.0,79.0,450000.0,4000.0,23.08,7627.12
,19,59,71,80749,Right,67,63,50,49,53,60,60,53,51,12,6,15,3,2,,,,Antonio Martínez,CM CDM,CM,Antonio Martinez,Elche CF,2027,176.0,64.0,525000.0,2000.0,20.66,8898.31
,19,59,69,74551,Right,58,51,61,65,58,43,47,58,58,12,8,13,3,2,,,,De las Sías,CB RB,CB,De las Sias,Rayo Vallecano,2027,180.0,74.0,450000.0,2000.0,22.84,7627.12
,22,59,68,78728,Right,65,60,53,47,40,63,55,51,42,9,6,13,3,2,,,,Hugo Solozábal,CM CDM,CM,Hugo Solozabal,Getafe CF,2028,178.0,74.0,500000.0,4000.0,23.36,8474.58
,21,58,72,274219,Right,77,83,50,61,17,40,52,19,11,9,10,12,3,3,,,,A. Abdullahi,ST,ST,A. Abdullahi,Sunderland,2028,181.0,75.0,500000.0,7000.0,22.89,8620.69
,19,58,75,73253,Right,26,23,22,59,9,32,28,12,14,59,57,57,3,1,,,,J. Eyestone,GK,GK,J. Eyestone,Brentford,2031,200.0,98.0,475000.0,3000.0,24.5,8189.66
,18,58,74,80648,Right,32,28,28,48,7,48,33,14,11,56,55,56,2,1,,,,L. Mezerette,GK,GK,L. Mezerette,AJ Auxerre,2028,184.0,71.0,450000.0,950.0,20.97,7758.62
,17,58,75,80651,Right,64,67,58,42,47,56,53,44,39,10,14,14,2,3,,,,T. Devernois,CM CDM,CM,T. Devernois,AJ Auxerre,2028,187.0,62.0,500000.0,2000.0,17.73,8620.69
,17,58,73,82670,Right,62,57,51,57,34,56,49,36,23,11,8,6,3,3,,,,M. Cissokho,RM RW,RM,M. Cissokho,AJ Auxerre,2028,181.0,72.0,475000.0,2000.0,21.98,8189.66
,20,58,72,75739,Right,33,42,29,53,11,42,28,13,11,65,56,53,2,1,,,,A. Mirbach,GK,GK,A. Mirbach,FC Nantes,2028,192.0,78.0,425000.0,1000.0,21.16,7327.59
,19,58,69,85289,Right,58,56,60,63,62,26,39,61,54,8,7,10,3,2,,,,H. Hamzaoui Slimani,CB,CB,H. Hamzaoui Slimani,Olympique de Marseille,2029,187.0,77.0,400000.0,4000.0,22.02,6896.55
,20,58,71,74425,Right,22,36,29,65,12,31,27,10,13,64,54,56,2,1,,,,N. Jauny,GK,GK,N. Jauny,Stade Brestois 29,2027,194.0,81.0,425000.0,1000.0,21.52,7327.59
,20,58,70,74884,Right,61,63,37,67,21,41,53,21,17,15,14,11,2,2,,,,S. Diop,ST,ST,S. Diop,Stade Brestois 29,2028,187.0,81.0,500000.0,3000.0,23.16,8620.69
,20,58,70,80773,Right,27,32,30,49,9,28,36,11,13,60,58,53,2,1,,,,N. Saïd Mchindra,GK,GK,N. Said Mchindra,Toulouse FC,2028,185.0,73.0,425000.0,1000.0,21.33,7327.59
,16,58,82,79318,Right,64,61,35,34,64,36,43,69,66,7,6,14,3,2,,,,C. Kiala,CB,CB,C. Kiala,FC Bayern München,2027,186.0,69.0,600000.0,4000.0,19.94,10344.83
,19,58,73,81240,Right,33,32,31,44,12,41,36,12,13,61,59,62,3,1,,,,J. Bärtl,GK,GK,J. Bartl,FC Bayern München,2027,185.0,78.0,425000.0,2000.0,22.79,7327.59
,19,58,76,271214,Right,63,66,41,62,24,60,40,28,23,11,9,8,3,3,,,,O. Megeed,LW CAM LM,LW,O. Megeed,Hamburger SV,2030,188.0,77.0,525000.0,3000.0,21.79,9051.72
,17,58,74,81634,Left,64,67,51,46,60,61,50,58,57,11,6,10,2,2,,,,Y. Spalt,CDM LB CM,CDM,Y. Spalt,VfB Stuttgart,2028,176.0,70.0,475000.0,3000.0,22.6,8189.66
,19,58,75,276863,Left,62,55,52,69,58,33,44,62,60,7,9,6,3,2,,,,M. Dal,CB,CB,M. Dal,1. FSV Mainz 05,2027,188.0,85.0,500000.0,3000.0,24.05,8620.69
,18,58,73,278229,Right,63,70,53,63,19,54,54,23,15,7,15,13,3,3,,,,D. Bogdanov,ST,ST,D. Bogdanov,1. FC Union Berlin,2029,188.0,78.0,475000.0,4000.0,22.07,8189.66
,17,58,78,74112,Left,64,64,57,51,58,39,47,59,56,10,7,14,3,2,,,,O. Sorg,LB,LB,O. Sorg,FC Augsburg,2027,176.0,70.0,525000.0,2000.0,22.6,9051.72
,17,58,78,82845,Right,57,57,46,59,55,42,50,63,60,12,14,9,3,2,,,,T. Schnitzer,CDM CB CM,CDM,T. Schnitzer,FC Augsburg,2028,182.0,77.0,525000.0,2000.0,23.25,9051.72
,17,58,75,80734,Right,68,64,52,48,57,61,49,58,51,13,12,6,3,3,,,,N. Schmidt,CM CDM,CM,N. Schmidt,FC St. Pauli,2028,180.0,72.0,500000.0,2000.0,22.22,8620.69
,18,58,74,80504,Right,19,25,25,56,12,30,25,10,10,55,55,58,3,1,,,,Henrique Menke,GK,GK,Henrique Menke,Como,2028,192.0,80.0,450000.0,3000.0,21.7,7758.62
,17,58,76,77830,Right,53,61,52,64,14,48,56,18,16,13,7,8,3,2,,,,J. Nuredini,ST,ST,J. Nuredini,Genoa,2028,191.0,80.0,500000.0,2000.0,21.93,8620.69
,18,58,69,85106,Right,56,58,59,58,52,56,58,59,51,9,14,10,2,2,,,,J. Grossi,CDM CM,CDM,J. Grossi,Genoa,2028,181.0,70.0,400000.0,2000.0,21.37,6896.55
,19,58,68,85232,Right,62,61,65,56,52,56,48,56,42,11,11,6,2,2,,,,S. Lottici Tessadri,CM CDM,CM,S. Lottici Tessadri,Cremonese,2028,175.0,75.0,450000.0,1000.0,24.49,7758.62
,21,58,69,82517,Right,68,69,50,58,47,56,53,47,37,10,12,10,3,3,,,,Eder García,CAM CM,CAM,Eder Garcia,Athletic Club,2029,181.0,72.0,450000.0,4000.0,21.98,7758.62
,17,58,75,75568,Left,58,62,55,56,55,44,43,52,55,13,5,8,3,2,,,,Albert,LB CB,LB,Albert,Elche CF,2029,186.0,76.0,475000.0,2000.0,21.97,8189.66
,24,58,64,267577,Right,26,32,19,49,9,31,21,11,14,60,57,54,3,1,,,,Juanpe Gil,GK,GK,Juanpe Gil,Rayo Vallecano,2030,185.0,74.0,250000.0,2000.0,21.62,4310.34
,18,58,78,80681,Left,65,64,56,42,49,59,58,48,53,6,6,15,4,2,,,,Edu Altozano,CM CDM,CM,Edu Altozano,Sevilla FC,2029,186.0,65.0,550000.0,3000.0,18.79,9482.76
,19,58,73,277825,Right,33,29,22,55,7,26,33,13,12,61,58,55,3,1,,,,Jorge Benito,GK,GK,Jorge Benito,Getafe CF,2027,182.0,76.0,425000.0,1000.0,22.94,7327.59
,18,57,75,271756,Left,57,51,56,72,60,30,45,60,57,8,14,10,2,2,,,,M. Akinmboni,CB,CB,M. Akinmboni,AFC Bournemouth,2030,190.0,77.0,400000.0,6000.0,21.33,7017.54
,20,57,69,78584,Right,61,63,52,49,47,53,49,48,46,7,13,11,2,2,,,,I. Guerti,CAM CM,CAM,I. Guerti,FC Metz,2027,178.0,70.0,400000.0,2000.0,22.09,7017.54
,17,57,72,84464,Right,68,66,61,44,54,54,48,49,43,5,6,10,3,3,,,,J. Pandore,CM CDM,CM,J. Pandore,FC Metz,2028,175.0,65.0,375000.0,1000.0,21.22,6578.95
,19,57,71,79493,Left,65,61,56,49,53,36,45,60,64,6,15,12,2,2,,,,D. Sinaté,LB,LB,D. Sinate,Angers SCO,2029,181.0,70.0,375000.0,2000.0,21.37,6578.95
,16,57,81,84570,Left,49,50,52,46,55,52,48,58,54,8,10,6,3,2,,,,E. Osmani,CDM CM,CDM,E. Osmani,FC Bayern München,2028,176.0,70.0,500000.0,4000.0,22.6,8771.93
,20,57,68,73554,Right,28,18,19,43,9,23,19,10,13,57,58,59,3,1,,,,H. Hermann,GK,GK,H. Hermann,Hamburger SV,2027,189.0,77.0,300000.0,1000.0,21.56,5263.16
,17,57,77,77589,Left,35,33,25,56,12,40,36,10,14,60,56,52,3,1,,,,F. Dickes,GK,GK,F. Dickes,Hamburger SV,2028,193.0,89.0,400000.0,500.0,23.89,7017.54
,17,57,73,82392,Right,21,26,20,51,7,43,39,12,11,57,57,59,2,1,,,,J. Schlich,GK,GK,J. Schlich,Bayer 04 Leverkusen,2028,182.0,70.0,350000.0,1000.0,21.13,6140.35
,19,57,74,74903,Right,57,57,57,77,54,34,57,60,53,15,6,15,3,2,,,,M. Heitmann,CB,CB,M. Heitmann,SV Werder Bremen,2028,195.0,83.0,400000.0,3000.0,21.83,7017.54
,21,57,64,76420,Right,21,28,20,52,11,30,29,13,12,57,55,55,3,1,,,,Germán García,GK,GK,German Garcia,Real Betis Balompié,2028,185.0,75.0,275000.0,1000.0,21.91,4824.56
,21,57,67,82440,Left,69,68,56,45,51,46,45,57,54,8,11,15,2,2,,,,Jorge Montes,LB LM,LB,Jorge Montes,Getafe CF,2027,188.0,73.0,350000.0,3000.0,20.65,6140.35
,18,56,75,76337,Right,24,31,23,46,8,25,26,11,14,59,58,49,3,1,,,,L. Klanac,GK,GK,L. Klanac,FC Bayern München,2027,185.0,80.0,325000.0,2000.0,23.37,5803.57
,28,56,59,239510,Right,28,38,25,60,12,44,37,14,15,61,57,51,3,1,,,,M. Köbbing,GK,GK,M. Kobbing,1. FC Köln,2027,196.0,94.0,130000.0,2000.0,24.47,2321.43
,17,56,72,85547,Right,20,29,24,74,7,39,33,13,10,60,54,55,3,1,,,,T. Wisbereit,GK,GK,T. Wisbereit,1. FC Union Berlin,2028,195.0,85.0,325000.0,650.0,22.35,5803.57
,19,56,68,81468,Right,25,26,26,59,7,30,34,11,11,54,51,56,3,1,,,,G. Astaldi,GK,GK,G. Astaldi,Parma,2028,191.0,85.0,300000.0,1000.0,23.3,5357.14
,18,56,71,75443,Left,58,56,43,56,15,48,51,18,15,11,6,7,3,2,,,,T. Gabellini,ST,ST,T. Gabellini,Torino,2028,180.0,78.0,325000.0,4000.0,24.07,5803.57
,18,56,75,81974,Right,33,24,22,74,10,40,40,15,12,51,56,56,3,1,,,,L. Siviero,GK,GK,L. Siviero,Torino,2027,195.0,85.0,325000.0,1000.0,22.35,5803.57
,18,56,75,80203,Right,32,21,19,72,9,35,39,12,12,52,54,56,1,1,,,,A. Nunziante,GK,GK,A. Nunziante,Udinese,2030,195.0,83.0,325000.0,750.0,21.83,5803.57
,20,56,70,72322,Right,68,64,44,57,15,47,40,11,15,7,12,5,3,2,,,,J. Ajayi,ST,ST,J. Ajayi,Hellas Verona FC,2027,183.0,75.0,350000.0,2000.0,22.4,6250.0
,21,56,66,72397,Right,43,48,17,62,10,40,35,13,12,58,51,52,2,1,,,,G. Toniolo,GK,GK,G. Toniolo,Hellas Verona FC,2028,192.0,79.0,275000.0,700.0,21.43,4910.71
,18,56,71,80508,Right,60,68,54,69,12,45,47,12,19,8,5,7,3,2,,,,R. Braschi,ST,ST,R. Braschi,Fiorentina,2027,188.0,78.0,325000.0,5000.0,22.07,5803.57
,18,56,74,81467,Right,26,15,19,51,10,30,24,11,11,52,54,56,3,1,,,,E. Lysionok,GK,GK,E. Lysionok,Genoa,2028,185.0,75.0,325000.0,950.0,21.91,5803.57
,17,56,68,81646,Right,59,60,50,56,48,56,48,48,42,10,8,9,3,2,,,,B. Bettazzi,CM CDM,CM,B. Bettazzi,Pisa,2029,181.0,76.0,325000.0,900.0,23.2,5803.57
,21,56,67,80675,Right,68,67,55,51,34,49,51,26,16,7,5,12,3,2,,,,Joselu Pérez,ST,ST,Joselu Perez,Getafe CF,2027,183.0,67.0,325000.0,4000.0,20.01,5803.57
,18,54,68,81526,Left,26,21,25,59,10,30,24,10,11,51,53,52,3,1,,,,M. Ferrante,GK,GK,M. Ferrante,Napoli,2030,202.0,85.0,220000.0,2000.0,20.83,4074.07
,16,54,76,77558,Right,55,55,56,65,48,50,48,52,48,9,9,11,2,2,,,,A. Camara,CDM CM,CDM,A. Camara,Udinese,2029,186.0,76.0,325000.0,1000.0,21.97,6018.52
,17,54,74,75741,Right,25,32,28,55,13,33,26,11,10,51,51,52,3,1,,,,M. Pessina,GK,GK,M. Pessina,Bologna,2028,188.0,86.0,250000.0,650.0,24.33,4629.63
,19,54,64,81393,Right,20,20,24,49,9,34,30,12,14,53,50,52,3,1,,,,Adrián Molina,GK,GK,Adrian Molina,Rayo Vallecano,2028,185.0,75.0,200000.0,850.0,21.91,3703.7
,18,53,68,76121,Right,59,65,45,42,48,56,48,48,40,9,7,7,3,2,,,,E. Plicco,CM CAM,CM,E. Plicco,Parma,2028,183.0,65.0,220000.0,2000.0,19.41,4150.94
,17,52,67,80809,Right,33,29,29,51,10,30,22,10,11,50,50,51,3,1,,,,M. Pittarella,GK,GK,M. Pittarella,AC Milan,2028,185.0,75.0,160000.0,600.0,21.91,3076.92
,17,52,67,81328,Right,26,33,34,52,12,30,22,11,10,51,50,52,3,1,,,,V. Sarno,GK,GK,V. Sarno,Cagliari,2028,189.0,75.0,160000.0,500.0,21.0,3076.92
